entname,is_bra
07c96c90e276641d94dc47fd5a9cd932,1
2993b87935c19d008541457a8be489a1,1
1145e1a389fdd827feaf33128aecec7a,1
2f077939540a614ffe5e8d9398399937,1
b35d36dbc30249dfd229a2cc81b4944b,1
09ce2fef1db32be880112905225db7f5,4
1bff7c85b1fb9e40662bcdf791fe2c6a,1
bf96e769bc1aefcc0536b6016ef5106f,3
b8f1fd18435a633a1d7d7e1082760aae,3
b0190d3fbbd559f0bf788d3df28d8644,1
59782148494afe0ae993e54dddd148fb,2
be4ef063428adf21507830f11f738049,1
a0ece89d66940c57a465325e466434d1,1
f9b5bb040274fdedb7e842a1d1b9f3ea,1
66a0d4c0129db4f18a8e79d683d51253,1
fb394ceac279ee36ffbfdbd830e81ab0,1
d1950fcd548978a5058b32dfff689e6c,1
5258ce03008e9c13c0461e63da7cc846,1
3bc2c55de46e35b06609b2a57cb32bc3,2
fcbf57659e885885e45dab1d4a07daa9,1
5e50417557c9cb2e3bda957c24cc8f22,1
68054bb9fcbc4af8b2a1db136602029c,2
7279ab6bc681912f8ff7f5760ec0b98f,1
ea666e892b6677e5876d0e4284889efb,1
7d982130599c96172a83be46ba68cad1,1
01f41731fef33366579a1994004779e8,1
6397ad51c2db2dd3bb5d2a5b64e2d834,2
69452d5d8648a0b9a94a9cd4f1bc7da3,1
9042919bb95c60e669fcd513b7cc4dba,1
479fe92432847bd627876524d944c5eb,1
c770fec66f71a0abbd497665b2677e46,1
f891e9cec2b94ff3f3fc5c628fa662ff,1
bb5e51137d8c68d5fd4e04189a3f579c,1
c433085e4a432b9c07b0ae73133edfa0,1
4f6230db5307893877a022903a03813a,1
62bcb10c96d0c36dffe8071afceb39e0,1
17097d68722d2858ba96e9bcb3969f24,2
12dfb22060424c8a293c41a84da634d1,1
71507018b8eecee001026fccd6fb6218,2
13b0ada5ff94b6935e6e9c35decbd7d7,1
7079b2232543b5330cdda70fd612579c,4
ab80b2e42661e248d528eedd0e7af3f3,2
790897a1a544c03bf10e6a47325dde63,1
b66da763a670eaaae05e7bc98a5b0c00,1
82fb968fc292ab810e900a05463f7a7f,1
377d787a3d8fbe61dffb26f722827568,1
60c4f052e3bf14bf08fe745586f39f64,2
65060b525c67bfbaa625bd9206dd2962,2
8de68d7d1b087529b81ad14092cd6e31,3
583b1ed4c402ec6e2b932c83dc146de8,1
c1dfb98fbc34b5f1f4033a188891c2af,1
568555a069e97e7777f7f0069727039e,1
ae3cb385e592d9d06b17e50e65be0994,1
3ff131c9057e75e9aaf8feb7a4c7b829,1
5b005990b193f0cb25f6d3864091d273,2
d9936fd1ad5d20fc7619390b985e77a7,1
07d71caf05470be7007acf5b851dcfb0,4
59f3c7b573d7d1c68506dfb696fdd2e8,2
1b3c47f3f6b9434d8664c03fd30bce7e,3
50d8d1ed2dc4cb620a53798b4718b0c2,1
c977242d566b9a9ca5b5eb36ac80b2bc,1
5551e55af579f62195d8f786e5eed550,1
77c3061c3a33a40eca12be5e9bb9dfe6,1
a737e17e99b96ccc3915f1e60ebd265b,1
d240db90d05b92aa52aadbeed5940e57,1
d51c6b668877042a6a3e36e077e5cd25,1
bb3eed514e7752546a0ebed45024fed0,1
ec09cb02e7e412708976d2205b32d5f9,3
699954a83dcf48688bbb5d3f1ad1d908,2
2fdee1942b1e9242e8fc1ebf13e0d98e,1
8299d3cb3f0e74501c3b8f7ab6291bdd,1
e4a420263c8040003417cbe2473df8ab,1
bc05cd623ce42a514e8fb832150988b4,1
bb221d507972499d24d83eed67ba2e7d,1
1af16d53d14edbb939fb8f754a2a6839,1
efff4ecf5289543ce91a02ee0c70bafe,1
2903ba2bee0a4c6d6fc8687d15545a8e,1
2bfbdb98c3a3fccc5d855402ac4ec3d0,1
eddcaa5aeb506baadf0e2322a4c85880,1
6c097d92caa6855a5fda9f5f47392d55,1
f5a0618b124636c11e1fee46e0e0265c,1
88f3f5d70bb0cb8ed9b1090760c51962,1
ea5635538e38190df8e2cc512f09527d,1
c8223280305d8122fee228aca3d198ed,1
ba12a42d2cb54470fd25b826eae9e60e,1
5eb670ae655e69e7547eb20ccb6788d0,2
e660dda8f8840198c36b1500e652759e,1
493f3a5d3fabb1becc875284132ea094,1
e3ea21adfe13efef87f3f54fa7747320,1
ba633350ef4d8182a5472ba0d954e3a3,1
74d83a716c598144f61fe8ed46e3e66c,1
2a985ab84f07dae3a8792dafe7e8ea0a,1
77f0989ea385d30695b8c31d04d45673,2
97bcfa59ddeea60fa3dd1e517d0d05eb,1
de432fce5143898707c53ee85179acf2,2
df21a233cffa36b0efb34756754141db,4
437dd86fe8ec93f3bd0fea48b8759087,1
74f87077a63cb43adc9f540e73330510,2
9e769cbb1246367676a11ee2c97e6e54,1
9a99ed019ddc8608298586ecc75635dd,2
1f5d565d32a8dcb5049d5e6a5b52f9af,1
ed82c45053afda9aa26b8541b37c4d5b,1
5edd06583c1cfcd0fa5b8019ffcacb8c,1
994df7573747e176d2f38f86f5b58b25,1
bdeef0080819892f1455f6e789c97ab3,1
f4eb64ebbc34de89a44f477cafb578d9,2
86d526dc1f2ad73efe5db04c3c40e321,1
e174b1ac34bcbedc9360534d40c6068d,1
8c9eed3ad6366b44d845369587e4a6c4,1
598ac69692b149923b6702ad8b04a700,1
4fd9932b56a680ea0f751bbfb8ea1f2b,1
6a41ea8d6cfebf36e0bdc93ebbaefb77,1
a2425fa60d3690e2086a0fb75799479c,2
77c06f6548d4efb926f5b27c0906cfa7,1
23aae6ff31280f42701c38ffe19d928f,1
dd265d2d5944ea414ddb1d5048bd08db,2
be2d92824c203b29f46339d6f3aac17b,1
7093a45471ef4f62ea3341dfbc239b33,2
5df83814c062eae6b93ac432de980819,1
f399752ee0155565256a1828daa350e4,1
48d953942dd296560cdf6813c25178d4,2
e6bdfa2126ddf6927b81ec339cd0c6e2,1
34182491d98f8e292ac245577ef8f66e,1
8631c1ba62db0b8f962fbafcfb6abafb,3
2ec270e113aad401f6e91ca65f77c2cc,3
3c647666b0d34d2221b990939fee4b78,1
1041d9518628fdc2a0749184a62adae7,2
a16dba2b79900d4b67ed3e5bc9102cf5,1
47ff59d0c1d782928c29ae72e031bc46,1
3588fbf2b751dbacea9e39fc146097c8,1
0ec84bb01e0eb5f18a44e417e1e899d7,2
c850bd9d04daeed54c50a8f46d5fbab2,1
12cc9615c13dc2201f796cb97e61fc7a,1
9bec64d1aba2d35b3027d27d05677534,3
790cf8edd2f96b2d52178603cacdbd67,1
353cd230fed88f36713e97a8b56a8763,2
ae07abebb97be40ecc5d51253ba70c77,1
345f116687149e878863a99220549dfa,1
37ed0c0112759030a62a6e5a7897bdf1,2
f37ca25417e6e1f822e16c7de281e7e2,1
ef6b40f9ddd18eab194bc9e1c3a1fe3a,1
fbc604fe329cd38ce39d7c9fd1fd911c,2
d98bb35c5881c987e532626a02f3d4db,2
83e605f86a29352d000445807712d09c,3
bb1925513dcaabf049525e23fae1d060,1
2dbe2abcd4b57e555c1f62bbdbd25c97,1
3dfd47ef9af03fc38972e2f50fdc40bf,1
aabf34166af1b034b46cba0af3d2b2ea,1
a629f443a3b9e2e852a1a9c525444146,1
00223af3a87c14b101291a95ee8a6a6f,1
a914aae5a446fa210e0c840e7ad573fb,1
e4ad700105a43f071148969a5467be88,1
4ee6f8e77223cf88f5367ba6e3a3dfe0,1
15ea2bc5cd723429fadbb7d16915f294,1
9b007293dd2e868c19de91d44e6b645d,1
086e588351637af21ba1576aa574db59,1
b605b37005105ce91bb3302469580b10,1
287974764c893508b952fa5afc0056ef,1
6f8946a7df920630d5e3e28dc745b245,2
d8fbf89f6a4dd6122dfde6addf3593e8,1
f152c10dd1a09d1b220cf8865d119f14,1
ffedf5cc733d886d32959deeb4631e4a,1
20211050be3eb7210178527f3fa5a127,2
ff905ff842849482df585f7764d940de,2
dc8be86917d37604c8454c50b0cffe6e,1
7b7973d0080d5eee23effcf9fb68d629,1
653d2f236dace6245f6b92ac83860000,2
942113b58bb7d107a01dc6dea180c8cb,1
45d829489ccd885eb73b7d9b31e785d6,1
3567fa7c7adcea786a30964e10bd6587,2
bec1f4148e9ed6523cf8303a659c0fcf,1
ab02d997bf65436cfa05cfb9b43d036a,1
91ffc0fe922303250cd5c8aed1eda984,1
987242f8689e4dc3bca0844ecdd7b8b3,1
3e4e1cfabc83fed1b341ecc14e67ae39,1
e397c763de595fe94466107597b41b8d,1
367a02414ec66c21a154e24356c72db3,1
2844983cdc7c291a67c07ee61e6754c1,1
cc996457d5efbaa2361793914d36c60e,1
07857364cefb9fba350dce8db6c46643,2
8cf3c135eae473568dd277071ba043ce,1
80b4fb3bae9db8a3354c4c18cf98a952,1
9e56cbf5d96abcdd1ad8eea62ea57af9,1
a91359381c87e7ef211e442ec07c119e,2
9b326a6616a1835b6ef8d882ab3dce67,1
ffacee08991e803678bde0a12374fac4,1
ba0782acf366c15bd4dc42fbf1752d6a,2
81ff393ed67bf11874364ced94c013ab,1
dba4532f05cbda89b40ac7b18c83767b,1
92efce40d9405fbb27d4e42f64409ef9,1
7ce9e5340c080dc82b9200d64478985e,1
3eb004921fc819f6397f673feb259630,1
6b69abcc6a3beda1d2930c9a3e12c49b,1
4126984a110b6db9fd8e3879e459aa21,1
ea3eb456e7a9bbec2790241c101440d1,2
d193fc29a38104082572598085484530,1
75fb479a2ee07e52aa9ac63b7e0f3a21,1
ae3ecb38d73c035049a2979de08ee1b8,1
95548b72275182cf944ec9c25c53855b,2
730a57e59494ffab1fe86696ca844cb8,1
0ce88f8ac01e873bfd531aa9a604d5fa,2
7dffabd2430b6b50241eec54bfc0a528,1
7b73e49b13ff3a0a32abd12b76cd6e57,2
dddb9d7075b6a667dd2aba199ec1330c,1
ce8ec45d6b4e9aa51b894aba64f4b507,1
377c3d4c1cede20d7809be42963ed0b0,4
a4946c62f252b3d19b005f99f5e167d1,1
bde0a7a436df2139974e0f510646c4ae,1
09cbe50a1625b18457b8ec9780c0f7cc,1
0eda902906302bd2e0d984ca83e52623,1
419a4c51a15ac25fa134ddd5df9c2ebb,1
1ae69b65bb6af5169232c3d4c88cb81e,1
c8a470c0ed9ece944b668d2911f8a552,1
7e9e90df2831a6f862cf82f1c8be4380,1
813668f7456571be90b2794f1864448e,1
f606012b3f19c19a456c986370e3b15c,1
3e3036d33ccf4f37dc571b63bb2ec264,1
4acf6f94b38b3c86e632551c563b0594,1
07875450cda56a8b5ffeabe5b0295dfe,1
506ffd6e7084132ea3a86d4499323cf0,2
e8f07e624a79b9b80eb243b91fc34b58,1
96d17e60d35e0c89cd887a565cfdbc83,1
be36f6c4ccf8eca8fe22429686a7e8d8,1
475b1440ca94234ac46ef43a12745ea5,2
3b49c7518c8ae7447337b17ee37ed657,1
bb1814f226b0ad4f373db700fbcec157,1
a70b5ef76215d8972736bd585bf7c074,1
8ed39e6b5504b54c5e1d1adbf440c791,2
cfb118c512633d371bedf15f0dac28bd,1
409c29992b86440b6d0d8e9ed26c7cc3,1
f8b7b990a6adde90510f1ccd19a92d9b,3
dbce577646fb54359b725bc025fecc38,1
25d4d3219e4f667de03b93a6f6b09627,2
a8573cb6b6765f97e8706e81e30faf09,1
3ad718edbd4b29b99977273953197737,1
70a228e587c06c9acd24d3fa5afd3450,1
dc24837263f147fd8d11bc03a45a7c01,2
b1ab312ffeda66abdc77399181429783,1
56a8df764d0a450f0a6626ca1cbd7e02,3
7df38044abc159b0ab81963df6a400fe,2
2b83e70ff4251f11b20a8eff3b9a6c28,2
8ee8afccb27fdf2af4de4ec0a3dbb4ad,1
fd6d629b0792e4a53fb014ea8a6cfe21,1
29e0c3d0fa2829965199ee8acd118e4f,1
123bc7869d394f1580d9f61ef666e42e,1
671944536324394f22ba4cba0303a5e5,1
5d0076d68a6d51fbf2562d10f57610ad,1
3aef2bd8ce6247d43f543d7e2985220b,2
9412165dfeaf9ecc6ddddf855ddd2f71,3
5c9c64ec55ef42164029098f8cc65e99,1
13c088def9d9dbe8b6711ebcfa2f8227,1
5c50a1d3c7e1fe49006af2c4eeaffc1b,1
4713964f1240d16bab10e16951f283f5,1
743fd253bb2d49fc5350be5e3256ca37,1
6ca9ca46d511077e88f1d5008339ed87,1
930a7ea3e21483f84d9587a182341c0d,2
9224737f0bbfc0706bb6a0d7905cc219,1
464d804f38bd2165b13bc20fac9d0462,2
ae387e60296b0cb74f5ed38208be51b2,2
6cbb8850efd93b758b571ad6451e2d93,1
2462886490c720c6feeda86b17ffb7f3,1
7fa93aad6dc1d464aa69848723155df4,1
b2fd97ba00f43299f03dd1b3f8b6964d,1
c4f9458dde66283dda767871f899cdad,1
1f10cb0ce123959d81ed84390b7f8437,1
0040e409bbfc951ba74b7402d7fcbdfa,1
f5b52ed6c5cd50c1ecc6479d17d33360,1
7fe400d5793625f14e5d6355c9801b13,2
fac3c43187b950c19f03ba9f3f177c46,1
0bb6c7a73abbb8ffd123b02d5de9b195,1
6fd9990c74f23795b180fe04369cc83b,1
ad1c66a6d65c95400e49868f07e5ae33,2
e1271e29540641397d205ddc7a4048c0,1
cf6fddfa6661a60e30bba925adc292e2,1
9da30f5db1f5c6a04342a493d65fb565,2
718e30e833b85ef12b98be2d5ddc43b1,1
9ef90e71a290f932a2a5e4c4e091b135,1
a8ca433632d047c1e22c1070812618be,1
6e354cc37bf712593f84e89d938b5be7,1
beaa5f8a6729f2dbf07a65d4a510b1ca,1
6e5087fde00180f7b8b5368201304d5f,1
26accd9f109a951b818f912960cde873,1
80c38d6a4f63301843b950302cd72cb5,2
5aedaa5d61539f54b0b7a40ed0686cc7,1
ddf2078c5ad04652e52ca790e41b8d54,1
6e468826c51a67738d4e69f336b8ae3e,1
f71d3027d966b9c678e1954507032d6f,2
511b4a08585948b71cdfdae9772fa58e,1
cd4c8ff4fb8fa72dbd11a342568a5700,2
b3672ba15d3f0d14c2bab4e62e0e37a3,1
a8025b7feaac51e6bc8263d6883d990d,1
764525a3247f33824f4bbb2209d932c6,2
81c9eb412662b52e83dc2849fbd31b27,1
f0ab39ccb86af5166e1fafd11487b39a,2
c3b6e97ec7e25c8407662910db3d8d39,1
4c8df3e7318c0c78f5f6f0a6113da61c,1
11a91b4431f5fd06f11c97d91342500a,1
0c3092e3c37f1d68bc61cb1af2c8d871,1
87d0a801215289e5a7baa58a90648d81,2
0e7767781e075a243a7a6ac93576b26f,1
47e6d82479af80f0ca34c754d53daacb,1
941c58abd22e24a8c042d7d62b0672b7,3
87663d3717f9c1d0bea5fc91ebc8d140,1
a6f78cfc2f3b1d97d0be77ad02668690,1
faac4d001736290aca41b4e1ac40c6ed,1
e62443dd2fbb3a30f046395bb725ad35,1
61dcdf3999964c62c664f66f83397575,1
5587834aaf58d493f89c60adfa55b9cb,1
843c6240d072d2c7ed1ba015f97391e7,2
f6bffbaed75bdd581290359fa081182b,1
90802226132a776cd8dea05ff8a9d82e,1
5f30175003bba724388f23bc6c0289f0,1
050265f0b2af5227c5a41bd7e47b4458,1
b5bfcb5ba9ab5ba1cf5022ee41d8d1a1,1
c60c34e33f7f3f7620b70f39fea6550a,2
4536dbec4925430b99759abfb558b460,2
b766054107bf5a4072989aefe5641827,1
4087ad90331c236f652a04ea85a69424,1
ea75bb0f2c74f9859cdcdca52182cbd5,1
f12268efba6fc8a59cfa532289e3797f,3
6aab42aa3b4c9fbe7115b37f0c638e94,1
1b0fa9ea6b16452a20c970f605372b3f,1
2f430346fb5c57a20b2feb34e9d8d3fe,1
b760178dbfcca34582c7c15d387b6b08,1
be61b63e18e3534f9c355087d9535177,1
b4a781c6a7b5c841a718081ef474dce0,1
0c22655ed92a5a600f6d686cc3a04a12,1
d3506115154a286b304d4bb1ab1476a1,1
528abefecedd9f406a00e2b465ff83a7,1
c196fc3ce288e14ffd4154e469b78e12,1
f4843128fe9af05329c9933cd2fdf2af,1
2a7efa1470dc9551216033baf48852cc,1
4ac7671ea8b7db17d2470cdb3261929e,2
db8d6a3162f759cce2986fe35a2d0011,1
18c6d49626bf94e8be32b53b98a7ccf9,1
96d425cc15c4363027cdeeb7cc10078a,1
8745bf57cf6a111bea7c90e31c74dc7a,3
812ff841948c650ae525d343bb6e7ad6,1
2e2a7d3178a8458918353bb44f090e77,2
0a195ee80bdf1cebf54fca9b581182af,3
3e4671381c9d5e28b314fe7f6a87d74b,2
fab957c0a496f2b486c0c423ffd7488b,1
09e4bc33b8fba48d0d39ab018aa2a8e3,3
ecdcabf7b436bdacab39af3c03d2295c,1
6a1c23a18c7b702206a25020c5bbf2de,1
10b9fb804842f34f8280ed0b75d5b844,1
984de70d4e673dd3d2f9fceb7125ed34,1
52146fca3ef1294e59c4d54fc29d51bd,1
4d547ca47dad2a51b88ab0dbde69f17e,3
b8b7db17c45721fe6360ca712fd9afcf,1
463ae3f8ed7839733bac7b79a85b056e,1
d762e4dd683bc5cc875d6c793100c23f,1
59a59b201d3e5633a01fb21da01d996f,1
2c616ddbcf2643ba625708f2a5504589,1
badfa84a0aa2d4d865b9e04bcf637601,3
d43318e6cb4b90b87e74ca0f53b68a8f,1
f2db860023dca444f5217df5c2ce977f,1
cd0dcfc4369667ce169de1a5005d0ae8,1
5a0ab8a93739bad5c8fe08e361db16a3,1
22df2f07522564be899dbd370c470ad0,2
f611c80c985b2976fa3318ac068fb7cc,1
c53d7a6d8d4d2ba2f4edc0b1add9b3dc,1
a7a5a57e037634edce9cdc89e7a0ef3c,1
99287b7607d85d70262a5baef3307357,1
90f515e192bbeec61cfb1fd2dd00960c,1
99410e74ca64eb904699aff8d41631d5,1
db9b93e7102593080c1559b52cd9ca1a,2
6cf26e6fb466b11250cc5a5b49d52721,1
2c17e822f26ccae319886545f862d547,1
177c5c35cd566e67efae6c35cb817365,1
91ce45eea720c8c30e551c13b9b12f62,1
c82c1c6869b98caed6502ad94d934c78,2
63a398736fa4830331772f7548a5b5ea,2
5f624bbf1d3fc1cc056984b40a944897,1
d018a501940df502889c5decadddb49f,3
4878bde46e949ae93d4f580fbd6b4d0b,1
9a931c79570b384bc76d056fcd06e671,1
0794765c99c43eb75a1731287a942d63,1
055220e6619d1418c1d8317ab71aa9d9,1
32d2e82798cb2ce3846e40bdc729e8a8,1
c13b915c0f52a3f7092e59d21d8033cb,1
ad5d181f81c8c475e4f7c5d25d720605,1
64a53079853cf111df20d5baa3378676,1
b3f031ab2bb5b473a8aef9873a7a4cd3,2
76217848a94a8b5faf079a460378454a,1
84ac497e0b2ef54a77d3b771bd4311fa,1
582f98bb633fa95064862ae7dbbf21d9,1
ff53ed63503e08354153efeaafd67055,2
eb6e9e38490848202fd2b8e3d7ff285a,1
efd638ba96b9efc1a6fa614ea200a271,1
b3f274dd29d0c1a2ad2e50373f635129,1
595ef40d1e1eda3996b1df28d72acd0e,1
978a51ac7147b5c807e0711b02ccb3a7,1
a8576f7145f29774461a0eaae3865b9c,1
edeebcb1bf4031f1b10555607c67df61,1
47b982e35f138af159721b0b9b022fac,1
693d35914295f10924429538a9ceb92e,1
0f0b804a67c313c9a6a3458495b63c02,1
6457bc59af8f7964ad561d6ca0b884ed,1
f5a5ad0b0d49360b69aaff2efcd9a340,2
9ee83ccfc81f3fb4f82aa6dceddb9bfa,1
3cee336ff4c6ef1110d5f07be7ecec4a,2
113697cbf269afa0793311e959647199,1
9a7334ca564e2fc2fc514fc8d010ad15,1
30cb402c8167245026839c62a8dc30c4,1
196aa7a301247450f540928c2c61f5a7,3
7823a5ffe3a56d7754e959bd9ffa1db4,1
c75b585b5182e6fed75a60b23c483cd3,1
99d67ee9cef4e67f0279c48be47c0042,2
07d7c2cad885d51e4f5f0bc32498d447,1
1117767a101eedba3fdb5ea1e6756ec2,1
2cd9be92ef6f96879d21d7e3cb8c3961,1
c9e378d2fdde8c87e947db900ad2762c,1
bffa5facc1db5e7168dd7bdd37c51090,3
70fafeb7f1046043a732ff2ecb2dfdb5,1
1dff8b5c6d117f4d285e0c4ffdc2b896,1
71dfd4c21668871d6f75802aac51127f,1
da8856bdd9ab07bf40aaaf5dd448a84e,1
fabe6fe758af1160034e56cd92fc5e15,1
8ebb4ad3df820718ff3fbe912413d1b7,1
b347d0b7fd2c9a00153d6d9f3fccf55d,2
f32cbbdc6a425ec332f3e693586f5ac9,1
08038fa7cb36803fdf4d4fce6ae61363,1
484f30ec16f9e78b19f414f0daf824ac,2
d4ca86417cd2e339d29aea071cfdabd1,1
0a36fdfd884c9294155846c6173bbc90,1
79095a21a49eb99c181461bfd6d6ad4d,1
d1da12e5c7e8b186bb2a940c92086a01,1
dae342a8fd36c0edd1476cdcd1de1b11,1
8543345124aa0f77261186ea60a8f0c6,1
0db6abc9ed6c6b305e98a94b35561a36,1
a5d6631e906147ea723a014012a12617,1
c33715456e461ddaa338b336f0eff4df,2
c4c67fcc115b9f7148a57c7ef0eb5959,2
78901fbe3b665dc7f3e3cbf8afaea8f8,1
20ad04fcaa4bbdca43397930bdc5bdd0,1
d6fe0526687d7ba049383c671d27f6db,1
d5c68b0bfe5730466ef2dd93deaa3c5a,2
f2da3d2ddb852fea233f32b80fdfe52e,1
07f84e95a2c6f6dc4dea7c1c461ad2ec,1
41cdde24c4d7f6946f0cb7681a3d7111,1
a7a617f2bbc30927618fe844d26aad6b,1
301cef6b0e5ae9474f8046951d5f00ed,1
452c3ab4d7737c4dc52625972c1188a6,1
dc808a1bed105d475c67eb8dcd37ba99,2
41fcb9b59669ae1a04b6a3c67446f51e,1
1f463e128eb14d59e9af30e22dec664c,1
10b50e243153768f97408fd839d3042e,1
bb478deb4d83becebceaa2f09b35bc64,1
18b4aa0ef5e80073ff64556d3cb44f72,1
1d604a8f47dd03783bb3f46083276fbe,2
dde0537e3785fce5d282f2bd9b53b8ac,1
338eb67d9c1d835b5c747e72d15e03d2,1
3a2e8d6eb6fd584a9ef5b5eec11536c9,1
3368a11ad46c12baa9fbda1f0ab7ca60,1
ba44d60e0fb63ba18b5787ffeeab7581,2
fa54c7e493159abf9d68ffac9ab9068b,1
446abd93fd98c5d43afa08d6cccf75f5,1
6c0b1e7f959e62efb2fe1bf9c8e653f3,1
5c64c81d3a2cd6cc2f94fd2b80c9f873,1
57e999fdb2f485d3cf02c2e2e11bd421,2
161a333fabdab9d1e241bea8d58e39c1,2
6c98e77d9a35e9da5f473d0bc37aca77,1
9f378b28fbc7a07f61e9cac90d3847ef,1
702fe966c5e6609208834410fbda49d9,2
713efde9bd45d3411b863248f6d2bf48,1
ae0a6f27e4a1d2210e164ee27fc87809,2
5ae5bb2529da32cf561b96ad18589d7d,3
b6adfc3e8d567d4ed9c26a0a2c2345bd,1
0650207785c965c01836ae6c469762b7,2
ea96efa7cdc16d063ab8b7fe9f110f0a,1
d0d5f6f154c5045c1e8a4b35811d3fbd,1
2b5f1ec2b1dca60f203784bd7e8e1b5c,2
789332b95a9fcf250413ffe46c18ebd4,1
fa4028d575541a0c59d90fc228595f23,2
5a3a4e3c85120ca2a0a19025e981ca49,2
45367314e2c0ed9b38dd8b045e58b6ba,1
eb7cb43ff856a7a394d99f7dd969d487,1
f685ce11f9679f5f3cd8b8c84ca70df1,1
bafbb6e875a2a5e6cbf2ab364e3d3118,1
fc2697d235f6246d765156f9ab96cfd3,1
44ec825515b5238e86f88407594c35d2,1
8974cfcac1e2d6005cd33d6654e1bed8,1
0b2c3a8c575d9288201ba2bcbe73e926,1
db6e2f39e7b468064ddc0736f9df780b,2
15db6a85613330096a22c99bd397d467,1
d542059ca3e10989f0ffcb7d7df87a21,1
f9d74e81a94b5af077591fc394f58d75,4
0eeea751b4cfe98613136848dfe1338c,1
19ed4958b702680bf00f1794b3955464,2
dee03d5bf9994fd80f4a1424496533c8,2
eb56f37140e2ea6453825af0533f138e,3
9b358333922f10da73a6501ffc9d7222,1
59b4461e1b916fe6701a1540af78229e,1
d84aa1c6d97166c88ce5e78dd36a31cc,2
74b46b9fb24cb77a6e9409efbd1ea3b6,1
740db1a3d6e2537d0721bfc7235abc61,2
dd62072121577b8271861176a298e18e,1
6978c850ab1e7bf57c7078af859400e2,1
0bf83c7fae9f01a86c043baa94e146ab,3
edc75d291c1a81ae7194872b89075127,3
7619c6e2a59f829ae53033b767d22e99,1
bee0978558e96a24ce72107e5be5f926,1
5305f468eb0befc1f4ed2fc2f982b14e,1
ed7f37d3ef91c46f04d6b376ae6415b3,1
624f6d6605f99079daace129bfa7fdd3,1
3b53a3eaf3fb942e7da0d8a79590ff7b,1
90c4828b704e36df0d8a9bfbbd96f7b4,1
8f75ca6cbd1f4a61a17c6f86125ae206,1
59de908779e83b08bdaf6a07723ff245,1
62e8ffdf2c224f72cb6999a2853bdaf6,2
9a106cb6346047a038f5a5915fafcc5f,2
1e4ef0ae285a42498c2a5f7b2dd66a47,2
5f7c6a577aa6ad38ce3d92154caabe98,1
38680123cc437264e9aae74c01c98291,2
f092ad415d1e2b849d3b96af55b18670,3
dcab361dcafd85037086a1cfe9d110cb,1
c6f31ec920df47efc0e1e5af88f1db1b,1
567d3ff1ed47ff0fe84fc9e4579786fe,3
21f62b668f38a6f740065edf75a8f265,1
d951065e528b426acb57a19090da2219,1
84edfd2a6ac83a3aa06ef95b20961b1b,1
f2ef5e1b16ae0ed88f6efc25f7f3e4d8,1
4c7db6b80510d22abb5fb7ea10a67949,3
0264f312f070014ad14cb46519fd6690,2
74427a07692f5f1fc87efaede2a4a5ef,1
65d5e0844d27b72bcce1919d46f996dd,1
b06c20e6828c2a503a27cdc0df0736fa,3
7d07a9b4dc37e30e0342866965b3f8b7,2
2321d29038aef98d539b4c7cc5f3acce,2
9b8a9817f5829f97324b58fc9356ce5a,1
cb08a00b26eb64e86c13b0ab23b4703b,1
b7e0c596870be2530c4dde3abd20888d,1
eeee15387b04895509eaa30f6995f8a1,1
9df859253c664b1296a2d6dac9723daa,1
15d6d8abe1c4b34affc438b0e3c06a2a,1
d2db922d22bd26ddd10ebec13e7ac575,1
9433d917ced8e8a9767ea0099e354b9a,1
d11c1c0892569e4d775111cab5e58cb5,1
e16cff0d75ffeeb4279ecf1af559a82a,1
86e49bdcd01dfd56a616a1c7849013e9,2
0dbab3ef0ce7f813039b958ca8ce7bc1,1
ebed76add8cd3439e52852159d1e33c3,1
fe14a70696e60b5c305d7a8edcd5a09a,1
9062244ce64d1efb09e47524bb310d27,1
cb6e8933b9b86ee36b2590ff31c3be3f,1
b36c20869d9a8ea0d3def0930926944b,1
2ec055efeaa0efafbf0f7677ec6d9faa,1
a41a8955234aab42c35c1802346d1300,1
dfb051551aa451ff65b08b9f71a19b4d,3
5834254a2a60a3b77fd91cb9872d2d4f,1
ce34ae8412505457f5122e5def13cea7,3
d6e8bb077ed8fb95589bfa0a85649e61,2
cf1af2c609041fd5f846b5c0851a4d1a,2
abd887e07fd74b132bb41a8302f4e460,1
bc962f98f8d87682aff079750a0a2cbd,1
31f65681036e940ca71175983bcba6fd,2
6af9f4c3ea52abeaa62217179e51a576,1
682354ce4ace5c950d0c939d1c0ff42c,1
acdf3585c2fd1f3530de8de96cea34db,2
ba896028524088f05241c2c81080d7ac,1
81b2dd08b4ca0d740740324960e5d4c7,1
da78644d7a1bd8c0cb8fd1d806a88ec3,1
0797320603b2fc4b44d8cce359f31471,1
993c1d2667a6ee806d7ea1d982f872ed,1
8876248ee80807512deb958239bca318,1
4ed18b4e5c681175cd68f8a689920395,1
f6ec60de1455250c84eba03685ac396d,1
8f837f2425a4a70a770682e2860f55c4,1
e22f9d06f6fc6d81f12bfda7bd763370,1
246a6fea83c870a7c569f7b3a45ac766,1
38e4984fe418bed9faa409d13c61218a,1
bbbf62386aaf935abc912dddfad6fd12,1
8c0b3b767300f998c57eb79f0fbe4fde,1
56f8c0e80079519fc3cf869d4aecd55f,1
8283897f5c760a9b4c416d36a5899f11,2
b9162804cc7720b4da319093a7cc4ce3,1
ee4a8fe2d4d36e0d20cfadc90030f825,1
7daf85d7d9f4645a7b0858525f9fb579,1
da8c01bcc73d3b92d6d61eadd8b15eba,1
53b2adb998e0f4fbb2cc11e8401ebd66,1
6a1fd912cf8c44deab1631f5be5ead15,1
a042936c661590442081973c006de323,2
272bdf2c4fdaffce1e8a628bafa96c60,1
3e5ddce96280ea9d028f1d82e682f9ca,1
7ebf3e2a59e497244ae1b8c043b5f9e1,1
64f27f6f0112314c318e3d2699c8e2cc,1
a033e653054488f6c606df0734e9771f,1
1381bd49ea045201c404031f1944ce64,2
e0848df9da5b093a9e985819c41a3729,1
36c702f54940be7e7e9536192e68d5b9,1
c7fc8689b1192fc894e8e0fe4cfa73d3,1
8d8d0ceae96af77423e91201a3d12c6d,1
1703180dd18071c0b43eb079d77401f0,1
5fd0bf9cf3ce8da79e1d68993c5a4930,1
cc86b61b73960bf84bb745498f7d567c,2
0fbd1932d9174fc65da620810f90b336,1
e1ae4a75c1e5a55f63d0ac394afb2dbb,1
fa9a8e02d374972ebfbbff064e1442b4,1
8c2b6f38118290bf12da36d56331ec38,1
498840097d45edafaefdc797017b0b1e,1
ff7f30b1fc2b8961dfb8126a75e82470,1
acbf334ebd5410ea769a2506ba3920fa,1
292dd4ee7880f80176fc93f49308a2aa,1
20f23775da7861724fe2d89410667d98,1
08dffe87fdf71e21a0cc69499041d52b,1
10e50b4bb7730993517c19fd52dc6750,2
b919cc78f9a17646dfa2b4532e2aace1,3
918b8e259d6d5ef9b64d29fd7c1b70d0,1
c7caca8f3ff1d2a0b88309fe53ccde0c,3
e652c548f7091b43cf10b640a2bc50bc,1
2b8e41e8567365b1d28b16386a1ac2f2,1
2643d622bf197b80d55cb4f7264bfcae,1
41a342f079175799c229005530431405,1
384ab433556bc872aae3c154448bc45c,1
2d11e8f9d8d58c6a38e3757c2c232c95,2
2f1ccdf34a46a0f65eb3e1511ac6d0d1,1
cab74f06b2a9c5df094d8a7f59f199ec,1
265ee0f3cfff73f6a8b43ec9b20d4537,1
be79d5ac0dad43f979caca6e50b7bb50,1
34193c230a4780368ac468d91f97b89c,2
9e2ee044d8601426a87c5e0cc04d1fd8,2
91ae885bfe5d9063a4961cd6a0aaed78,1
1aa5995c368411ee2a007297175c2a11,1
60fade8bc574c99e423e60e5e20f2b5c,1
5443974a29b7798048aaa8ac13079506,1
588073592c9894e464a68f96dcab5dcb,1
8fa0f2be953d209cc0016da0cab0bfe6,1
b298b4876a6c41029ae37e7bde7c43f6,3
05e99339b5a45e1772f375ec6ebb65cb,1
7a74df92a8625d4a706fb3b5c3109191,2
a9965b0e0d32bc21d5b397afcd91aadf,1
ea67352c66309a00b2edd7fe5a6f8d5b,1
bf1a81043c307550a2789617e1d38fd0,2
4363b74a6fd49ac885b13c0357b53209,1
68001a7164a0b56dc8bac02027b88902,1
761cfca24cb8232e954299ca2ea63f3d,3
eb84653bc3e76c5f33a9adeed85604cb,1
8a47aa1d10f3dc57b6c874520c81d4ee,1
d453d623417835e97c674d5be61dfbc3,2
a76e57b7174cbfb995175b0bf0949607,2
6dfaaab31ef2919e481fafb09668eb32,2
cadff8a48a2c2162f7e644ebe96b7033,1
2cf80a84602c8993737defd51d1da9cb,1
dbfb3dae28fcd90287bf69b528ce73e0,1
db11eb72129599d8d2550e119588a720,2
5ca793847f79e7819b1b693e54edc7ba,1
2d65dc5959fb632aef35f5c1c2c843ca,1
2d6226b312ff5eba9335bfa23c048867,2
86f11e3dfddf94363be02a04815c48f4,2
4ab3e764fc25055432beb85b4bda705b,1
ec04ec3ef2f70a2a3370954ea50ad0b2,1
ad4c483fa7211fd711ac9fb382ee5de7,1
473a3993376ae2718e76ef39baee4e2e,1
19b87ab00dc51176d63770f8b3162a02,1
c73b3c979f9db7b149b7b5629047d287,1
8ce35cfbe0648ae44b721c1d67682d2c,1
94c2bfc185c85237fdbe6def2b728014,1
80d2bc5ba238d53f1bb94dd4346a6f5c,1
7d82325c8e2def5014f24c74d2b3e527,1
6241c163ab395866a8f78f85c4e919fc,1
caeaf6eedde377aaaf43e9e470bf46de,1
035baa59babcd1e84699fd6007b9f519,1
b40bb7da9d77212cb055bb9af99f8ce6,1
eaab1e39eff398a00008408378027e61,1
e5d7f83dbec76109e74649355f9a3607,1
994ab1cfe0d86b66e37540a9ca5145cd,1
a478be57c93bcf84fdfac9446a7491e5,1
f530b1779d38b0ec3108f06fec007aaa,1
21557bb1083af7f1443daa02e401ef46,1
fc48035ed7697b372851b561f7d97c32,1
4f86b630e78f8cab91ec7d1f73303de1,3
0c9ddef35717f164f941ae6a32b5573a,1
54c48037ee069345979b154a00cbaa0a,1
45f138f8dcbbf0c9ca5f68bcc4e0e96d,1
ddd5d88f6efc866ca10a08720bb3cba9,1
ef409eeb773608c597b3bae8f20f08d1,1
1f71b904ddba40bde9404042325c73af,2
2574bd628f81f5ec89ed260304ba4800,1
ca2db7b3ccecf6aff9ca2ca69fed7f6d,1
1ec58e86c00b0491540ab9e76dc491ef,2
9e89f78539f00534dbb4e9868d461391,1
810dd4b18152d29e26209d9fe853dff8,1
5664eb7e7768286ce1b8f4e2b366355a,1
e6647fca6f0584339244474fca344959,2
67ddb7e3ab8708a75d346787de213f92,1
6cd9ffec82c335424e0950b9bb925156,1
197e323b04f432ede61e34e78dca54e9,1
273ffa8c78e710dcea77c0280174a04a,1
f6b1af38e0b4cc1da0fdc038b67a3525,1
ab8ad2acc2b8a590ffb80cafe91e20de,4
4139ac66060085ea28df75dd91f97a2e,1
0e4658dd7b529ee1f7741a6492804088,1
0e1c00622d8dade3122a361c8e8e51b3,1
ef19db3f1e31271a86f98d046ec034de,2
ac93025f66ed6f28eae4b03155571803,1
0988c7abeff6c797a3cb630e78ca3803,2
4d935dc45ef5dc9ab738f4e661824926,1
465a21c2df00c62237c85d58088032cc,2
e8126ed69d173cf052d11f391a02efab,1
9c4ae5079cad6cc293995d9e6ab75c30,1
0ba377013297bdba3ccd28ac10d9268f,1
58ee28d18bb0432e0c2ad1bf464b3d0b,1
ef26e42cc36065b28a26a61fcfa52e62,1
c5ebcfdfdb01b9565a3ae25e7f730541,1
d793f9a1ebbed33604ca67c2a25a3df0,1
dc94f2b144fcaa275e234d79642130b5,1
c0becc018200ff2e8ee6b4691f138137,1
32d902b909303be72579be05bc6c672c,1
53c7558352d92018a036deb16521cf8c,1
06b37223175cd7f21d3dbbad78f6faae,1
85abc4a283cc9ea1b4c310031945e796,1
516ce47e5c98d5e0c94e026aec66364e,1
14eb697fa0c0cb1247f0a047d72d8f2a,3
d20548977180ae557df700418a98663a,3
6656b19720d1724de1406513524a78fc,1
aec5a870c5aa844b90fdc9cd7543ff6f,3
f51b2df16b8f7a73cb28dca83f6e55cb,1
4db9e8684dc3edeec08ec03fe3e6e982,2
d434193f3a0249e817fff645019dea37,3
3ef679a464a06f99f8c9ab8cbbb0917d,1
d41d54e6a7fc5e548ce72c54e720d71a,1
f3c3ad63003230cfac78dc2d0f647045,1
919ed6e77168b8e8f46c4a5e059bebe4,1
0cdf3811cc18bba2e4ece85267d993af,1
c69c64cf12106b6f0d74f882cc6bfc25,1
c08542d427372978e8418d64290c7c92,1
c7b2d44aa455f116e2e3b7d716ec5815,3
84985059452ea6475663102d45c9db66,1
7e55e2d8c72730540682a11e28ed3955,1
8376025e559f0aea338e7079b226efad,1
b74bf2b25b835d5a9110dd329ba2a22c,1
57d997f99f7578011b5f377fd0c9f6fb,2
f0b9043b98303dddfb16bc1874a4274b,2
d21c53f73b3c42d35fc896534d9534d7,1
0e1874bc060c928405c0b672fe5369f5,1
7c6366d24698b40c121966b8bbf04ebf,4
b1e3fc99f8aa54d3481e32184a196cc7,2
19ff2dea4bd458fcd6e2a282478ece01,2
071a9073532fb29e6f6bf5b0d05aae95,1
4a706018d81bd1f073e8b95cd2933708,1
d266cccbca2228295727fdccb3efd7cb,1
864dc1d92d568a5e8d45b29945c10b12,2
2431069ddb2d9a065aaffec6031237a4,1
287cb1d0690d00454fa7a6123ce23a8b,1
d1fcc41a75cf956939fd1bd05016d9bf,1
d206e576ad7a6f4db140842d7a3aef58,1
83e712e5c508945792d174d8fb909da0,1
2bb43ec4c865a0d312e9103cd189424a,1
04a723465d25e91debd11060c536ff24,2
3d6aa4bf38469fc684984318efad7891,1
c1c350272426c4c6a8240f7e0db91f68,1
11f44f0c5d2182d724766d8b412e67d2,1
24cf0a14131c42fd60d57c1aaa8b2ea3,1
4cacf8da518225e63b325af31084e989,1
62aff0e4444b2b72507b9fa80fb1e50f,1
378cadf82268b73fc2ab3e75b6b6a73a,1
3a3ecaf9602a931f19df5ba46b04b0cb,1
89f29b5ec7d2a7ec4ddbbbd5aeee3e44,1
b071c5333d080f92466611ff51423dd6,1
becc483db6bc98ab7f5ea4b4efc84ddf,1
c31563d13fc7e8e3860d82a8b772c209,3
eb825a2e4362aee872da8972928b874f,1
41b33080808df8e47b593bfec334bfe4,1
f617c00c4d94804e27e8de2e4911d859,1
eb62a5bd4c2149ba7571333fda6f96eb,1
15635618bcdf2151fff46745d146f384,1
33c1186df582b40e00bc341af78553e3,1
3f54d3666328f4001296b2476f161cb9,1
5ca1836bb39271a94b720f547579ac6a,1
b213fbf607312496ff781f3367cc2ead,2
de5b5cb3264b8be96c73f9fa80de130c,1
328f7ac7bd44e6e8255fc8d4cf13e2a9,1
5f4115aec2856de24c65a4ff838e5e6f,1
e3c7f77dbf5f1f17ee1aec65ed2cff8e,1
e14ec92f91565594cb288e6360aa63c4,1
1e584880b94555003722402f4cb4d2b5,1
8b77c2722fcffe061c58b706338f3a07,1
ea07c0a4fae3f539594154827aad5aa7,1
1a93c1f7169548bfd6186fdec9e601ab,2
376a1a82c3d28a56a222393966379a20,1
0aa4377cfb7a183b72e84dc60ed33bd0,1
b25e0e6eed1d2bf4606884ed55e18195,2
12fb0986692643ee43d50771a08c809d,2
666dde07236ea7110b100a171c75c827,2
0c2ae9e2e789d07a1fc600ad3960ee99,1
78ea0f7d2a96f0c56097d24f78a69d11,2
bc9755d730b83ced4e28f077af43f145,1
bd9b35424c6082e959f07716f15f3baf,1
005ee039037681560a9a241582432e5d,1
3e9404207f45e070265121f513009c1f,2
fe6e7e452f4f824a414546e363f444b9,1
195b5d3073c17e3b1171efe5c97f9c8d,3
a2b2e1f39e2fc1660ac6da24cf58718e,1
de36a7ff9933b8cbfea9fdf2f07e99d1,1
f90e9b54555e88a669469293ed415b2a,2
1c2650069391e23dc5442947a23c7aac,2
19c11c70046b568dbab316ba4ff8c52a,2
f2cf8de28c46ca6ecef0d97f7a0f4b3e,1
839f48fed3940474995dbaaa11c36da6,1
14fdaeaf0a588fda565ed13db6676e53,1
0a0e9fa0c37448cf32db5d9349eaf369,1
6e80f9be54a52ffcb4d25387aaf9c4a0,1
d72cea1ec1e9b9d923145df4b120983a,1
3ea4c30e4076fa4ddc762e1e47fa3ac4,1
5e954fc7955bcd1b31be2f4585a1ef61,1
5138948700ebdbdd229325d824d761bf,1
c3670cf5ec6e61dbbda7b7a11a81d982,2
e9744462d81ab7461b20f70a641e44f8,2
8ffdc50560cee682e14ed63d9e732f1f,1
4be0bf0420a0ac6aa5ef0766fcfa9c5f,2
8eed5dda1b5ba9a625717f54556401b5,2
71249443fca33320991f8a82b1294204,1
0e2ff6093a9a3ecc8463039e3b73c11d,1
1b28fd4e284fc1b8784af10ee3e5c269,2
46d9e3646db7ede215fed7e1f453f3df,1
f318927256fc2484820f04ab303b3936,1
4b29f8ee33958a0c2d9c35c7ff08bfb0,1
96e6ea71dfcacf21abb78f3de78950b2,1
e3f1e51401059d6f5358b352ea898426,1
55cf9435f61eff5906414d3d1c05b312,2
60ca6bc09cedd749d06563d78a9b89ea,2
fddc3e5a97d10ab44783a2ece761b3d5,1
945e16ecc301f745dfb1f62c513a67d1,1
edfa060f68d7b18ee5108f16e50bd5aa,1
e164b159704af5863af5aa9282225c54,3
a96100c4d97d58f93d1827d215481d64,1
d2a327077df58acb9884cb61b30ac033,1
67a765d036a3abd3c090db1da09f1eaf,1
2788cc2fe273c8eb664fdc2f908f69eb,3
db10e2ff9bb8ec6c92c06c39d2ef57f9,2
680d41a82b7683aa6adb3062789e048a,1
4bea658251edb940c98214c8d0aff1b1,1
206d77407c13c24f5ec742f3be869343,1
affe51c5884847aa7c1823d82bf6e388,1
2d0e3b5436cec42f62ee2ae29fffb07a,1
0915e55deb0d4e75b1a2044875320664,1
e3acef804f2137d1674983c7da471ff7,1
0587dd17e54213faa1f3aca955c03514,1
f37184029062bce8acb3fdb10f305e4b,1
882fd3134c9f528ffe7984e8784f52e2,3
c4ffb466c47aea8a22dcc9f57b6886e8,2
5de637418376bdf9af3602d1ef9d05ca,1
b07b38755c0d4c04586338e8f599d7c2,2
ea93653d6500b727d0665ca540050135,1
4b580b878663e029e22d9765cd86e536,1
08ddd1c62bb7c995a98f94dd4d62df21,1
165e993d989f2a15b4c0da57731dcfff,1
e7aa18564885dcbf58c77cf59f67cb51,4
04123de3955df60a2f5984a23d0f733e,1
d99e14ea848aed8ffdf16d9181cb940a,1
2c8ea395c5dd659cc08f911c8208298c,1
e04441f68f02e640b2e6f814ae4fb428,1
1873acb8961ca3ae8d5291667303d750,1
9dd8e20798cc1bf8815fb8ef57d41bee,2
6c0f6636d5285a652b80e42fcb124173,1
1a5747aa5fec7430da1f99758681771c,1
3981eaecea1e85a98819a6ebd4934fb1,1
1da2009c2ffc9caa7f2b674bde94d620,1
13028932b935f8a8776381bc0a5a762a,1
209e5f2df663fad7d10e2dbc93a0237a,1
18d2980c4d82671a2578b774dd9ed740,2
3855dacf6d078d8d427dea251db27e02,1
7381d5e0770e913bf99c7aabb085fb26,1
be0a65f5743756e9b802428e1f121025,2
ca534548a1187675760f1d8046b04279,1
c8ae8beb79c94908403a7a9cc15863ac,1
c198eb3a13c616a6972266152fee7518,1
bd52566e2d72d3c8c3f4ee9b4c8a52f0,1
fc1a85660f0a8601a713f1bbf5c6e81b,1
37cd147d9846a4447318076fb83cfee5,1
1bedb625cecec3af757b23dcd8f13e8f,1
4464d628b0a43e2207df3aa4597b6845,2
c11cf9047203caff6d800a7d1c60c309,1
4e191a40a7fa258328d33747bf7f6449,1
0cd1b1e2d8c6e3791f2e5d33aa253013,2
78e222f0c48d2a967f72d6ac44186420,1
49b0b26835d467215b737f920c7145e5,1
2e4a919dbb9a096135faf8eb744007d6,1
f2ec46622684d64a1ed1d79d3ce7e8e0,1
cf22105ff206425bc1c3ba98b96d01b1,4
079c2cbab8717e787b28853daa9c6753,1
7071458df4aee43c211f1a3c8d592876,1
8e057f4db6f01031dbb778ec6224c6f7,1
8d8c8ffc4eed09f0a37208b4b777ae9b,1
7379e02ea843767529fb908690c311ae,1
5b91e67c0ae1e17b21550f1dab429abd,1
d5ddc35767aaa47babe55dea3bd7b67b,1
42c53671442fccf1ff5c8e5416422103,1
756561ea68dd91d5bb9adde005fb794b,1
a67a3c06d6d07e73bb60fcc5fcf5df11,1
77dcdd9a3b29915ead835e771d236535,1
6d2dbbba4e4e3e66f1ea4a6d3f5a421e,3
0a249afc381f4bd2990c208c3c6e097a,1
fc53e57e674ccd3ff438d23292308270,1
815cccc1ff0a49bed96ffed3cb208871,1
1da463f169973b7e25fc4130b377d3d1,2
ec0fbfdf13c8df532e9d7a85805c477f,1
2911c413002db4ffa3c5f9489a4ed215,1
18704c6a6aa532df17bee59e7278b6fd,1
7404fcda60e2da0eea77f8e1defdab23,1
002c2b8e30f61802e46e25ae1fa6dddc,1
bf66c4089e009f6dd4da1044a4913622,2
398c27245e03609bb853b0d390ef69ad,1
5cfd2e49663696244cf3c5c353be2ca4,3
a256a31da084333aac95b2fd3c72e51e,1
d5b893cf746e4a6033e250fb96ceac9e,1
a428a7b8fb320faadce05b48fcd83677,2
5839e18d2c687446a229f8354aa968d9,1
ba89909fed82c40c71cb829a12819f3f,1
d51f65416467c8d269d3994165240d17,1
1b97037462527a8258fedd264b1e399f,1
857a0d5bc065365412ec7f04bb2d9138,1
0937585c8ee2d35782d8493c02d331b1,1
e5b70ee339932f5405ed13e85e2840c7,1
8bda62d71e961c61bc8965e330e18899,1
af6a0b621a73ece9800d7865e6d0b75f,2
56fd4ee2894ae866b25ecb98a0c1911c,2
a2c3d5df677141651f894845ba36d84f,1
8ee87b6abdf2310700d1c7028c13823b,1
a57c59a1f663722cd9ab28a2b12280bb,1
11136ae1933ccdc021f354b921584a94,1
e7d6d92c0ebb953ccc5b943b57bb3730,2
cd6fe8ee7c4632c557f5037be0be2141,1
7900d69026073245a7df875a4753a3e9,1
413430cea67700d66ea8399ff4ee52ad,3
e82bcdfe69bc8a7ec1cf2476b30d9373,1
101e91e94de05a110e98abb10f159e9b,1
ecba940e918a2b26ab16f47ae59e6e4b,2
28c1580e1a100e6b00e22142b2e5ab09,2
f9e87233215f0ceb6be80a3ef57e6449,1
6fbc6a605ab02816e19da47869cc9a9b,2
66665e5253cc7b25e3f11293728dec3f,1
e860fa51d18556bd54c57750851cad75,2
b535260c633dcc3a04a5bd60bf730018,1
b3b86e981bb8e8425fee49950e5069ea,1
7af0ca873ac398e198cdd6e0458102d9,1
a8ce00bc5b85311da011a652f34f19dd,1
72d170876ae87f474bfc410307189341,1
0452250b4bcd9528d8e9e705bb770538,1
523ecece677df44d2e2ea44d5b4e4360,1
5e7826baf225d0233189bc5ef1cc4a90,1
c07a04007996fd1e12e2f8940e9c8cb8,3
2ecb94e99c0eaa122847b6ee3e011f0a,1
a5161d0879e2781c73e082222b6147b6,1
12b4c05108d5b311627f0f498e5df21a,3
a11989f832eb6c01b7e913fb4c138f95,2
ed77a60e03fafd63ff67d165c4184227,2
68197e77481d1a02fed447bf4b7dea69,1
e0cec80250f7b7878e3b394605e79b48,1
6bd5fa8d3e562192221adf8729757d5b,1
448e33d1ec6d34f0c913f5cc96d084a7,1
cdc385cf5c6a2fd70d9f7884180114c6,1
edfbfe560eb75c5d951bc94bc2d5d66c,1
dce0cae3156e1ff6a16c40fd250e63b4,1
6d734df9bd7dcd17f0d2a2238c80e751,1
01852a69c09cc65136d9de0f140332b8,1
466052a2677ed2c9473a81f16db900b0,2
8b36903bd8ca79148d77c7a4f4ae4888,2
140e909d5c4c1eeebb5ab99b41749042,4
c67a3fe626a4a05485a5602ffbda37f6,2
a262877347c59dcaf4c19367608daef9,1
e02e405466521c127ad16b400861c886,1
c108178ae37b005a48d599465dc410fd,1
48529c647fc5ca670edc58ffd7106a3c,1
f4f15c5be059443ed8ea81abdd2a3e4c,3
4ff3e676ca003378851784b12c42ff31,1
38ba99723bb120a0948fc0be8545e2ff,1
4205b5166dfec31be61e6c922de707cb,2
1f8b04bdc7b514ed32bd085fe34848b2,2
6522eca3f6eca4b0dc35bcf5d5da8434,2
f04316a0b1127afc29a12d89004b43b9,2
3b64c4c80fc34a3497e76a9889229fe4,2
59dc031b0fb62802c76e4766d98674c9,1
8816ef8029b84a2438718cb19db808ae,1
2774d187d1bfd93471accf6ea050cf3b,1
3bfa10cf54d3febd62cdd63cda0e83ba,1
f765339918c51ba452215893d685f61b,1
7f804bcad6d21587dc962ca294270370,1
4a55f7cd97c5141ef63b1349862de0eb,2
44950a05c73e83631a000b0000e305c7,1
ef1711021c6f9cfa832ebd0fb4f927b2,1
a3a31a54e67f5585365236bac70ce9c3,1
8c5f51ec17ef209f48d46d3137d36aa8,1
11c4d4d87a78dfbe7645bb5ec7f4b1f8,1
102da64ca14e1cf241b514c3b1340641,1
38f579b9218a08aeb61d4a0cf035217d,1
4a28095617dff4135655860ec784e302,1
5c17e1c37e6665c632a22a04239180c7,1
36256f550cb4d31aa5b733340e7c5005,1
fbcee48f963ad31532c9a118464d467e,3
557acf39a03888ad70e3aaedc94e0871,2
aea2876e4a058b93489e5c16b5f481a7,1
482bfeb431c8f0cf50070ff12b0f53c9,3
37c50ad57e62a4c7972f77abe0d147c4,1
afdb73e4184bc81af9eb36ba43d116ab,1
1469e7c567b658eaedb519b32c00a88d,1
b24c2c77177126a77d16b245de01b2f8,2
1baa879410a2f81c9822cdf0e905136b,1
d684edaa50565ecbf82cebfa346221d3,1
26394a453453ea451c5dda77c5b31c16,1
6d985dce746f3396fc9798811f32a854,1
1bfa8479e58b0ece35d07756c106594c,1
3db703ee4edd8e615279972777056455,1
ed267194d7046eecebadd759b7790f2c,1
ea5bc3f3b4ddd87a2587073f85cdaa7f,1
74088c365998d19cf0711460dfb341ca,1
db42554f4cc214b219a2be86d0ef3079,1
d87b501e7215ff723bdc1996942a779f,2
57ba7914ea5dc1c42cb80bb6bea4d955,1
d23fc91be6fb59e5a67a4fb76ea5a61a,1
8c105541abcab79c41f86331a11188a5,1
c4fcebd7f1b8e5722cca8c903b54cd6b,2
5e20f97526e5d59f6c9ff8a8d7179e7c,1
c819ec83cdd177290f8c012c391b5d66,1
c75a4963cb367023e7147c2ba18e1507,2
42d892b6bbb135bae666494121c81517,2
08d5a59a1e0a074ec377903fb88ebcf2,2
33aa0740cd812ce4584343e83f4c7a11,1
2a7469879f3ad10c3d05e3c1f6a5268c,3
0b9f2f4a691241655caa80b913307a33,1
4127531f049d7c028b0ebfd58601dd97,1
dba2bda64bc040ea34a54e4e67129c08,1
0be7e877d43711ec309b06365db4b968,1
2e0c487086f93edce1fa9227377e8368,3
be824bebebebb960b834c898f6b6c16e,2
6755d2ea74b47553873f255f3ff530f3,1
8b410eabfba25e386cdcc33b3f1761a5,1
92a559142631e63fb67c1360a64b6036,2
e4a8929281f7e1e57d717d69263af3cb,1
1ea9619c5bf443989d070cab57f2fa6e,1
df16fa9eae961ac5f5811bd169bc331b,3
7ab20bceeeb86b42508f6f4b1638591c,1
8bb5fd475c0e914579b7444fef9b4edc,2
3150ea0cae7ff0b2112277fcd3df055a,2
78aaf1d6eac088747164c9188ece3298,1
056c64f777db7d5f8109c3db8e504136,2
7857d5b0916fa65af99e0ce1b267e4db,1
1c7abeb4420ec0798b61d0d58252ce2d,1
47502ec9f6afbaa732d2b785e41a4c1d,1
95adc7235b53d26c90462f53feb84dfe,1
f7f5f5ae9f916d89805074e24f6bd3ec,1
c383e32f16cf6384e38b6159a694baf3,1
ea4c5152838efe987c7d4b79d4ca4255,1
b4fd03f6cb62a36e2253aefede6d1409,1
7acb9d5c26537a6bdf501b76233b5363,1
b73b612d2c79eefe3cda4ea7f7d90849,1
487b79a03d94dd7aeeab075f5b5c15cf,1
57fad3305856ba429cfe62d96e49a2cb,1
72e68e5ee800f67860fbe890c53ca9f4,1
a871dfe7925d3fa0e0ccaf3dc59fdcbb,2
59b6b60f7273677730b9c6bf8db0fd77,2
d1ab3c65ac81e9adcf6db96697eeb9b9,1
92e1692682d3945dd8d042699ff479fe,1
c4cc67f8f7493713aa32384fbda40cf9,2
40c9c78129e9a589abd0e487781321a5,1
ea85ed46e2657a96b90a4b6b88079242,1
8d07a290df58fd414bc36fcabf7ccff2,1
4308f85955515fa98e0fc6e2ded24a39,1
1947ed8834f03df0b62247853e5fd21e,1
ad81e8847aa9d4a3eb64d16c8ec4beac,4
461d0afd98078e209feceaa5c66fd513,1
400fa9f150af1d9c7afcf932d8435412,1
ae084120271f47d6dbbfecffa6e3170f,1
d887f08f3b3f7b62cfba3b8409b91223,2
fad8927caf2081626357b3d082adc4b3,1
7b9898fbb7235e6399567253555deb4a,1
14c89064818d45f25d76d46a38e975ab,1
7e8616b346adf3a886285d0a60f8c1f3,1
1095021293f12ca46ff13194f6c3ea49,1
8553786b629dfc1eee503804876442b0,1
397590df4283166253150f3cd19d422f,1
328815da7c028e10eb93e90a90e0c96d,2
1bd3039bfbe2da1d34f9351683669bb1,1
d66bb4bc378d1150f74ce4b2a21bd35a,1
e2958f2df9b928197774fad1ad4a5372,2
9deba011dd5ca0ca5a9e6ed3a6d2bc4b,1
203d975951f7fda937e2c65d534623c7,1
954352ac88b4922199b4f8b7f012376a,2
8897d3b6df34c346e0765c9d7d51deec,1
4515e2c2fc8ca21580e6607b24d76581,1
102765b3b99c39d2486a8743a3d34e2a,1
9fcb2f8c77520c63ae58aac1de4574d5,1
2f8e47ff072a3a7be1903a9599a344f7,1
4ea534f57e70d98ce746d46ab7d51628,1
62ef00b735cbb1ccfabf68666f12c4a5,4
b8927c01ad24a95c4fb76cadd029eaee,1
c90e17f7d6ddf3a96c2753e0439f64ae,1
4b91af5e0fb06d6cb2f9b9c41d836a66,1
80950c85463f67b9061f9c4c25c1579b,1
23aab914bed596400e9336c9ebd7597b,1
51e5b06b5d0c0c5e970a038b0f1ca3fe,2
1673ed5caf9dc4e3c52118b07622b698,1
6dbb0eb5e4f018802691c9f986ae258f,1
63458773b23566ab03fa267c4131d942,1
b39e51fa0017b54484e256d32eb67349,1
d92cfd626c3adb11714b968d85577a8c,1
8f251197939c99648e62863d1e1b53be,1
8eac50c97a5ca69a53dc43e85b48d77c,3
6cdbd31bb0e404bb496a7279f51fca70,1
37525c8d6032413ca553e03b462d7a8d,1
707658c6029b063b8f2b5cc4fe42d511,1
16d745e77347753269b974fae205b10e,1
e38325194404411cec4a68c9a065fc04,1
bd4690eb6fdb4fc660eb1a2b02f6dc3c,2
fe67ec701f388380c80cd8930fffecd8,1
910d548fa03ffa3b62a27efcbfababbb,1
25fcc0389b4294ee996b6c1a79c0d594,1
6d4f326090fb0f9b476c0d5e496ac33f,1
1a2e44e8b1fcc7df3e0e7275e2a83254,1
fe28d723400401613ea33b07925ccbd4,1
9cd2521454d84f539c2e227939eeba26,1
5f1e67f7ea2cd46aaaba173eb21cc059,1
e98470f8d1589aaab4e88f5abac89a2f,2
321e0f2cf32b9d1fabc3c8033a1403d9,2
147c52178ce21af628304d69b37e5315,1
fb982da7d5d88555bfeea4bd4f7e9bb7,1
c829c77d026ad7466df5148cd3cc59cc,1
253b366a6317871a6fd725330ff86c9b,1
428eedeb2f3845c9511af0de22d73d3b,4
1bc59be3ab7679a79bf66e4827267b1d,2
b377c058388b7aeccc1a7b2cce398d23,1
3ca68ef1a379b48c8a826dc44d472b35,1
47bbb9d7f3e689cc14267e08792d12c1,1
462dcece1902a4df7d9c641b08f913d1,1
01e1711b6c224f83dc037cad7bdcc68f,3
1ba933dbadfab7a2e3a208cacd2edf58,1
3e033d904d2d7f3e93364d2590563153,2
a50e5205503ab9937f76ef78064f55c6,2
0d8e7216ea730827065c50ecc6c7797a,1
3f3c97a6852ba91025eb7a4ea2a39ffc,1
d8825e421254debee80b164b4263a850,1
329e19a010df99ada4d3ca683e995e81,2
75ba425bbb47265500ccfe5297d2218e,1
a051b4f337da7bdeb0e280d2c12d0174,1
bfb7aa4a13c9d05a0f0e7657b840e532,1
090dae30f1ed442d915ab2a2222fc18b,1
9df60ad9bc856a1401476698c52a9120,1
93d5a4a02b92da0683418af556701319,2
ef7a71caace758a54c44dc36b632f2a3,1
a4cd3bff509abe8dd6d3549c49c99e3c,1
90f977114ba3d7273e35b52018b33d00,2
5d8f5ffb0ba6e32760a0609cdffefb4c,1
440589cbda673d76a42f2b2787947935,1
c59cdda3bf98025b70c4e3c02e1fa807,1
a3cc5897bc3b7a8284a37927c4f1d909,3
a390466c69eb50da2315791867afe9dd,1
99ee6a9a7eb8459e41feac44821103f0,1
0880123c96a5ba03040f11a2019793e9,1
96b480bdb31b55b8bdc169dc08a63fca,4
035b56d0debd17308ffda13ac00b5278,1
f11459bb95e9de43f3cd2d7a763afabb,1
4bf1bb0ee1020710f67212ab75b48727,1
c3bbb562042fb5b78e643fd3cdd3bc50,1
83ea7845df54909407d76b4222df92ba,1
f03d5b7ca704b5c336b72f8d1dbe2b34,1
d1e8d68f5dcf7c5533a11e801ae4b814,1
72d40ba049cdd43f768ef388606d0e86,1
b13fc61270da03694bfb5e59af721bc5,1
cf0ba704bb338c8189f933b087e69c5a,1
8d8ef1528ebf31eeb70330df4eb56b54,1
60a3b041b8cd68eee3a23e90bc9c9717,1
b03780f405baf7f7dc93dfd8fb702b49,3
228a371aa09d66d01958e92d732bd26b,1
cc110e36f897640fddd178106c616f8a,1
9b7ef13e44513c2c937c81e585ed17f7,2
d5038febe739deccf820379754fcede3,1
546497244af8f2c97402677aaf91f4a1,1
a77cceac813d087c076c17895c75ed71,1
ef9a2ce46b2115a95b963f34251a9b28,1
2f1f4bcd76b4b72e4c81f95dc315d6b9,1
3b32a1d17a069d1d4c1b0cbb59c903fc,1
4a3a8553f1e7bbea6c7d1a713a725140,1
c40a5652867c100c78e2525bf0be5f58,1
ebd2b329755f8b6652ba9ccd18d75d79,2
55a8f85eb1993569fe697f37405c4add,1
7046be8c4022f70a4c6b96e33acec615,1
7bccdbd6c165b57bfa9f9469512a3f2a,1
778f104ea58c10353c8c76f1dd4aed68,2
33df832dec6a5a969619f6913a4aa16e,1
b76b7e36f64a64825bbb57c25c4e5ed1,1
227813c5988f79741e3bc5cfb6ee11cf,1
2f892c496e50998b144c785ff3a241e1,1
a160064f2831629c24a44c57bb840510,1
e79c367389b5b8632ecd117f8e820679,1
02e66e7f187eb22ca5cb706700b7995d,1
bb47fe5870b0273b3d7a10ab4ab03455,1
5684d7cc4a6ddb0b2dc1ed4a40efc316,1
90b4209c0dbfcdf1a7de52df492a07ec,1
95aa1eaa60652cea0f490f0017fc6aab,1
3cc7dd67046506c298a3fef3a09efb75,1
51c5060a91b8ecd3ad95af1050eaef6a,1
b38d275bae8586fd922059784ab2a8dc,3
752830fcddfa16ba47b7f51eb27b4d3b,1
69224c5e7b3b1f2fb78173e9ee6fe8e1,1
052bf884cbeb59751ad4c6ef0a72ad69,1
aa4ef49a1ad82e5db9b5c09005f88a68,1
8957e08873a5953903f7d3f67825325c,2
00aff02db5f42798fd10c0d76e0927bb,1
38f537841760b45a20454a36b7e434ff,2
9a33d7b65d257bf31daaa25800ca8c21,2
0da23f3e2b8b732719b85b10f70a0c03,1
4ce991f73f76b658f40506ec7832b4f7,2
1dbe8c4337c3c44857db671ee8230933,1
a3432017c30d0181cfa8b938ed918933,1
c8b781f5970af775c7b4c8819568e01a,2
fcc0e222963109ff604746494277c963,1
fd3e587b7689a91e7685532ee50a3045,1
b36ed33ed3c8c9338a182747c5fb8bd0,1
b3f93f75fbd87efc4dc12ef9618c7761,1
e53f0d7bd11fe7425c7ae776a2b295cb,1
502428bf3929113a426ca4828d929c57,2
e3d2d8fc4ec7a8412130b11c5640fb3e,2
0f4176937f4e431bfb2635ddf7ac2d9b,1
f20bcaf819d3563c61e1552d79117613,3
9b0a2a37d793c5849d74481093aa21a0,1
09cac75ed021734f61cdd3c6ad996329,1
012edd9f9ec9162b30a48522cae40e9a,1
85942841f56f5c5cf6591f440108ed61,1
5d5bccdb28d02f015354152c77eb9064,1
592459f7e7c3594261d733acd79e23f7,1
2d9d747d3969b0400d8cdeba6c86e551,2
44cd7c3cffc4e2c355c5d1578abc2dc3,1
ab6bdcd6e3451340010ecd857c98621d,2
aac2dbeaf12cb1985be0bba68fc6821c,2
dc451eac72bf0eaefc558aee797a7e9d,1
ea1e4e1cb9f3af6783ace47da8e7ed87,1
ed4dfd061e7f0390390a2e339f7c2ecf,1
432a1ee13b6255c123b5bd0a8f16b55f,1
c9e900763070e3f1792aeb815db0fd47,1
4d67f96aa489a55f78126d77b4ef710b,1
9adf1d37f82627008c15f40040787667,1
98d95b0d4b38c088107bc5df9f6b46d9,2
c240e1699d2ca579d17ed163cf3e0a49,1
610d7b54063332d0d4a7922303791ca6,1
60300e9e5f1e55d7934f705e5a6df0b6,2
4be11c0014a60fe255757c8e4b8adec6,1
4883d27412ba56bf25c26666592a2772,2
dc787ca786c8559166c19b34d8e193a8,3
24d8ac7967af4d80d842b17d9f7d9f4a,1
dcdbd48d844e84c4070c768abc9cf79b,1
57e1f3b7fe0ca8c154496b2c52698b7e,1
911871e0b48bf031a0e0c683f4f8834b,1
bc91c499c706ef3dbee7cfb7d70aa304,1
fd75e505c42fe519a3d2270a635ed271,1
2b3f7b173869790768c689f7514357b6,2
ba15e0cdbb30fdb917628c6921aa8c97,2
56c195e51f6dde7dc86cdcc18e837738,1
7353fb4b202ae0523a28937b4e181ff7,1
dcb47d3835fc744686a6bf18cbb2b4c8,1
5952bcb2a6b7e439f5cee9b1b21fe97c,1
8d3fcb13ffa8146267abcef90563b016,1
d882822c29803de87ba292095b5dd1f1,1
92560be909a41c48e44c6fab3eeed8da,1
798b21f6daf10210780ffbbfa2031139,1
3e30c68d4fd5952ee510bc394ef38c6e,1
9a28a55080f17f01c0e9de101f7cdc65,1
dfe6143fb840c314393f78a1906ca8ec,1
77de55769498c3610e2cc6c61c971bf3,1
938979052b53a89b0d1ddf665b9474b3,1
71eecc7f49e0fb6bc65b2067903af31b,1
345f66088e7873085563b74931d6a27e,1
26f9041518c4143d39386b8f163ca2c3,1
19253be1173beed99e685b523ecee59a,1
a96f76c0b97db33ed6ad3cee150f3371,1
949e3a4a80330ff6c9a668342f8203c1,1
5a3993ea6155d1c31a27f47bad40967b,1
529183bbf119f5bf29d3f76ea378d86b,1
9089112b338be21911bd9c65a0a6cf4f,1
3f0697deaf1087b709020b3ed14ad1b8,1
18fc4dd7b9f2d9df40ff55ce63594ffc,2
592c14ed475554b2e381d3e53df4d9d1,1
a1a491e58f9fdecb46f607d8035bb83a,1
c4c1a448dfc91bd16fb1a5bd42a475df,2
63acce43b2aa21bd1735d6217bb8a8d4,1
c43bd67c0bcfd52f88113d8fcf81d359,1
5c5c8e8fd96a43b6b2dc29e645d97f30,3
78505e304e454422190ee85c4fa19029,1
43ebb2644e2e158ad2099034142db9b4,2
595973ac5af7917c4fc5f0badfd988e4,1
aa1d1b0f1f693b4cae13549e81eaa2fa,3
9864d2d54e99034deeb014efb87de19f,1
f43d753a080701a357f8b52b4033559a,1
efe36e97f9b87bee2d97bff6d4201bb3,1
da4634fb4fea8b0fe2c6efb1a36d283e,2
38124ad5aa0117a2025633c5f9a4aa61,1
eae71f905df3e71a79ef71b2b9a89bcf,1
de43ee7794960e7e987e72457b7e2f8c,1
cfc27c768c1c0b2df105df91035b0961,1
c428f4fc933e007e36cb4205f079848b,1
c26ff11cfa4a084d8c4cd1186e77c83d,1
2fe565fefe90d0926c144eb1ba2b2295,1
a970d85e2af2f5abdef7b052bf8ad0cc,2
6f4c929f4ea0fc0024b80afba9055691,3
744dda034e9fa6138d9e1370c7b05896,1
6240c70c8ef5c8d818b160c2b130136a,2
930115bfd5787bec79e7455bae0f70b7,2
3dc5348432e717a488fbecb3bdfd90d7,2
96708cf05b0402aefeeed05d467f10a4,1
36bdb6b3350f44681a5db49335de0a2e,2
b5319f48383943fc7531f5aafc939281,2
8e1e79178d92a3a88b0b810aa1120a85,1
0450287cbc16543a0384075762df7d91,2
efbddb755f8731df7d0cb07dfcab4523,2
7e404ee7d435300f5656021fb295a0df,1
ea79b778c752ba5e5e0bf730c5f36a2f,2
af46f8dab8d011723fc3cd001c415ee7,1
91ad9265e533d2135898006d05a01d58,3
9c1a6b3f81f32aa71be53c0b6a0a6b58,1
577731bae057a0dd1dc56a63d5c752ef,1
4057c1dabcc450ce801bcfc70d025c19,1
b794819ecf17bce14335d921a0b6c6a0,2
42236dc5fca4040074d27aa713689788,2
b4c9af78171cc3c5ae7bc68c3253e4ec,1
c980ce15a7efae22f04cb231eff3f0f2,2
814f2ae55ca67b94f5ba06d3e9093f80,1
814d22cffe14d0c576a702747ce67eb5,2
27b1199d5b39c2d3ddbefbdcbb78d2d4,3
d75188fcf5ee4ef2aa479491c37b37da,3
547b6883f61103e75cc0d9b70355bdb5,1
675461e162bb5db33333f6da12091414,2
bd47f6256add69c63320584bb3b95f7c,1
856599a78ac4c9e57bf6adbb7179a469,2
1facb6d81d446d8ec7187d898d521629,1
8d2554a0546df277f71c174a6fee42a1,2
b9aeb751a395e7046c1dab3019fbdc43,1
299e0a856bce52a0e69b1cae55132420,1
036b68f11c13fcfc2c83e46833fedee0,1
e34e1e258ab03fa2e3da6a05e3c98d8c,1
2b4df4f141f9380c2145be1ada25b1c6,1
f2fabd11dab8bd2a2f9509b77211cb62,1
48d1012af22a7c84e989542c105d3e76,2
ae01019d9cdce7f7261c788a259527ea,2
59c68452f8bf2352f4f83172bcacfaf6,1
017d3daedd570e921301bead278dd684,1
e6693e44fa9923fc47527eeae5301d5f,1
91799c1f181a64a5aab712a50d01196e,1
b5409bb13543e2d673110e6c74068834,1
1bc029fad4175c96df0afdc0df702ac5,1
f454ca02c6bfe6a22b93e5a0266b5e2a,1
12f119787aab50e4e9ed06e8e7faa54e,2
03deb76f6cd6d800beeb73d0e5c21c69,1
97692f7422fdf53dcda245120cb0c8c7,1
fe72ec0101d0ff41d80acd14938bdc75,1
f7479e211b62567444af61a7c51572b0,1
6302e32a076156e182c354bf84b39cc6,2
2728b16e9a51b871cd79d1e7fa9b2952,1
b54f8e2dc1afac63baffe2e71a1e43a5,1
0787f958508b55ebced8ccd16787dca7,1
d9f946f97291227a7e8f5cc187c49956,1
6fbcd0e4943b6140a4d8224902f53a64,2
4155c26667ecc22ab7021686d2a6c0a7,1
9214559ff6656065f3784dd349749ae0,2
50637b462310b03402cdfb91030c8696,1
2ad787f2aa5e9400cdca8c60943b4d7b,1
4c79229dbf1a7a250f44f5280a1674b5,1
8b19a4adb49d542756344cfb5d9e16ee,1
3074d6cc2a0378ccc7c14dc5417f1084,3
e014a3090be19d0968acf0e86fa94c9d,1
482b3457250a921847604418d4a32037,1
ef2ecca5f70dd4ca3a263a3ff4a5803b,2
1c4c6cd5aebb0e917009ee0bb19b74cf,1
741be3fd47be8bfde07ae636688d8694,1
8b634d5837c8c64d33f65c12b57e913e,1
944fb57ce5ba02928df7e4ca1179017b,2
06975ca9526c13b3fedb76beae97011d,1
d87f79734d8857e22f29b11752f765ec,1
23c83de9b9e36b6289337a63071cf8fb,3
5f76c15e26159ef6ed3ba3c206db704b,1
1715e007ffd49a2aabdf973930ad94dd,1
252c40a1cb7eb6c9b36b476bd63ef2b8,4
8b13f711b5d93747b75ba6d033447b0e,1
035cbd8cc5c94836312cfdee97007ff2,3
acfb31d26ba32f0a8dd406b0a2f08c4b,1
a960906cfab94ca0b2d0df5ad8721352,1
16243803ef6d71ba57825ed85e29c85c,1
42b4fd1a9657e83a5f1020ea4df0e3d7,1
06f956dc7aecf4383eacc7d6c9cc42b3,1
73cbd6fe1cf1ae308c7e8285bf6eba2d,1
5d7079f0821f458e893b45092b693cee,2
e816b620cdb15e93640b1db0573fa6ed,1
082c06ea72d65a38dacd516eaf37411a,1
95f53ab1bc84dc6917eb4772b12ca093,1
264fc737706f5ef0f037a054e54babb0,2
148068bf23af29a7c527f4d6d339fef8,1
8b30539982288de346a1e0e7e7d37621,1
dd4cd9c6518bf383ed23a503e24e039d,1
f08c82afafda3ac01c64d1a1a77275b4,1
00ca3f10771711ff83f308c028ac526c,1
02efe1340caeac009e04ee6d561f5697,1
63f5380b380136b7498cd61adfe93253,1
f786533e10f5c33f071f349142c91267,1
144abf73de04cc13202c693860f55736,1
7ddf4082a28ab4a09f55395d64b77fe6,1
4de0c1196027db208cb5cf0b5922bbc0,2
6e933c39712008b5896482866245cafb,3
e739fa54085b0550ad58f540a1753d2c,1
ed1501ab66ba5dc34843009efd8da5b3,1
23d9c84fc14c46cb6effcde2bf1120c3,1
81f332f4a2b95960b05efb2500183207,1
2e0434fe566d3d6b97c48e9f0c056d01,2
2b281e01b14c908d25d119d763180ad2,1
e2c749ea0e600f9f3487c8c36b4db292,1
1430580f310d9d031ad4c4b9a7aa46d4,1
00b1175485617ea493dd2e5e68329eac,1
803c49615537e41e1dffb654f2219299,2
2e3583c13104ef61f82579a820547993,1
7316eb2d0d842ad9d33310105ead9c52,1
0778d1df6d495eced3ae7971dbebd1ff,1
5cf917bc9594e655882278df6ba18fa5,1
e37286b045aab2a3f1fed08e4e1d840d,1
a377646dccbca3359e16436cd7cb1931,1
d01f58a0cf88492975494e93ef9ef4dd,1
104c4b052f48d70009b497b7f2706c0f,1
c805283868ef75a6567991d99fe062b6,1
09b2cd6e8f712e4d54d1e9e16bcb389d,1
be848df6b82442363e09a1ca106a6d36,1
26d9d988a878c6d142890595a8834054,1
026fd443e81da2cccb55405e71606a53,1
dd6832f8e04ee1a1768fab922bc02d0a,1
e13dce6abb77c74e6285a622f9d7a1a9,1
2ecb9d654448aa38a6011a799dab963b,3
5e157d29f7fbb4364ea07cf11b8acbbc,1
f76d786e9ed913f060915befb3740b70,2
145c1356911c7f72c803f7b868d36b77,3
5d4ef100590a296f9ae3a4a2ba116a4a,1
71a1feed281e3b72b408425506ef4879,1
ef263a77bfc8bdd374ab6b6ed35d1e4c,1
8d839a8056ba0b8e6220cf4c6e43bb3a,1
9d9bb258106a92683016c253479f5736,1
318877b4ff8df2969a6d53fdb5ca6257,3
4abab273e9c6d597296bbdfeb6cf1b7f,3
32eaadd691c33afd6c5b65bda1ad3168,1
213ea34fd7c5ee82f4629ed41bd552f9,1
97d754ceca9f8230fb490fc911a8e9e0,1
ad80c591198e7156dd9605ad9921b17b,1
02c1765b89ec6a559278da800e0878e5,1
31c33fdcdb597b1e3e14ec809b55b81c,1
8a373b87cfb704a4717780056488986f,1
4ccb8372073ce9cd2709c15152c8e622,1
d354e86d5ac072cad67d06bc69e2b150,2
48044798f3fb2346a012c24b66edc882,1
87a4a27fcab3e6f6b1f2314978e061d1,1
24606f1e4713affdcabb183ced991829,1
5af8ffc9da2b85703e72980b9c5d7bea,1
77482746cfee7c16d2daf2923377db15,1
5c934cb83ca1f4864d15b473e3b24850,2
623579f95e5ce4fe0ae400029744f3c7,1
663705ef7975c71b6546ebf7eba56923,1
f94b8a0209c086ce95426610dde64f90,1
00d86d1391ca42a91096061e58b1d3c5,2
0ea294e5c772135ee480ece8c52969b6,4
2bca2e918b05e132901c573aad9fd2cf,1
085aabbb43c988063356ae22cfe40955,1
ffdac32fb80ee3710283cd9718e30e8b,3
bd5260b611636206dba180e01ca3b908,1
573dff130f280b6711e7f774d5d1abdc,1
6c447799ef5abaedb7a2b183cc5a4d98,1
d0476cbf230c71cd069dc93cfc8f1105,1
f6f535af4d1889130adaea6961855ae3,1
02ac84d2257d6668a315640313da3e0d,1
0304ac31e51e570d298393bff86fcb73,1
ea308f8e78f0af01aa70faee8f867523,1
e8357e982675a6a68e75c45be4feb06b,1
3b083a403b84d948ddd8aac821138e38,1
5cf152f5df268a0bc7e5f969ded3f1e7,1
6ac78fdef6b918de886ceca674ebdfdb,2
30ef2077c8f92d414fcfd1489ba36d65,1
196dd814a9b77cb7710f75fa1ca84615,1
af76ec6768b88af3368a540758e4ac4e,2
10014b95592582ba16c4655df2d7800d,1
3df4f4dfd55ad10426150752f78473fb,1
ba914d42a10e59e6db3876b9545db30f,1
0f8b19d261ef967974f231d767781b6e,1
644e60b432b1e93592f2dd19e231af10,3
bc8398618001d652f4382733b68b6081,1
34a16daf137967ec342c6c90609a846a,1
101e152761550d42819503944143df91,1
5c07e1e4a50d7acf94e36213e21ba071,1
6ec3847af65685f7c7e873936d3f21a5,1
dd090ba0c35fd926118edae22e7b9660,1
74f5d8d9735eb72a8ca6331906dcaa49,1
e303501701402113812e1cd1cde13f37,1
70ee514aa1ae5d9cb91ac1294ea27f01,1
0caea00a78239de714d223cfaae9e6de,1
7999ad6f65a8905cb2cf8775859215cf,1
9615a5d819dc9c3afd0c67422bdbb042,2
5f5cb8dd1072c2755de666136018adee,1
3a05d8a2115dffae6bf59d6cf2824380,3
02f9121a77b6422c5e6a728e201726fb,1
0eedc41c3029820b47976c69a3fc2c3e,2
34f94ff46cbfe11d2e5e8d5cfb25f591,1
d340b67898a7bee0e74b5c32aa7ae933,1
8597ff6cb0459fcb4b9cfeb7dc96286b,2
a76dae673eb9a645d505706b2754dec3,1
955aa7d9dce312a7b01aeb616f224afc,2
4095c95678366ee766faf7ab45aa8206,1
ca707876c503febb7a081366d1a96443,1
86a5abe558da12813873a06ae9818f7c,1
a35f1ace3b2c190d666065f253c6e47f,1
d71485f780fa81fdf0ab44467dfeddd8,1
a3280c0def4a12770ffd94973f7d41ec,1
ca440582d064eb4ca9b82b3a8aefdab5,1
f173c3f4bd2def9760b81e8dd1f22d54,1
bc44951994caf27432122745834574cc,1
2087a16754066615f7206ea35d16bea0,2
cb8efe5a56de05f6ac2b842157e25ef2,1
ddbd0703cc29f9ef829776e379c4d8b7,1
cc39a1ab76417f86f9c6b45af3a0cb8c,1
9d09b4b25a016b01dcadd616adba9a85,1
e4d322d066cba7c2c4834be9b100ff26,1
5c628a0ca3f77d0d00ed6183dbf1f561,1
eb6ebccbf89b57a2808f0ec68c2c3744,1
afca0df2f5c5a9980c16f863020f2d5d,1
7a0726737519b38efb9f3e2bf265c26c,1
39ff2393f360b3ccdf15f82e6504b4e7,2
ec40d46dd5f164d1a984d2db3ac94cf7,1
4c56ee51171cc8e19b4b086686aa0e62,2
aeba6847dc2a33b112b16ebe7fc38d08,1
adae77cfd5754f0b9d04c9d0306077b7,1
db20822e405334547d7255715b5efa8e,1
b83469506712001f100ffdcb63acb0a7,1
540fd1504adf2d9591b80f2a98c6d1a5,1
359b9df0177a276a036b66b771b46de7,1
7f722a6a78a20589372ba9af2655534a,2
5cb1ce65fbb149f198e95d3f4097df27,3
0842e7e6f19e6d2b94bd3eaa840655d0,3
9487b976a23c2c08af3c6accdae0cc3d,1
b0caaef8790feb11d39c392cfd313a96,1
84f1ee0e005b36a8bce9f59c2b0d7f40,1
f09cfd8ea2f3ab8659a8173007fca036,1
b13a9edcbdaf490d0bfaf37a1312d21a,2
1e290dfcc57ec74cf74e8830731eb0da,1
5f8505ac47f084db496710e7b8fa9477,1
dc24c757eeaa97bbcda9942d02aa1836,1
e3f861d8ff7b223c3203455706d42f80,1
4ce36e5f52de210444b504531714b654,3
8f3c4a3763ccdeea397bcf77f7928a10,2
f92d7d4b21ce89a7fbafbe4debb89ac0,1
337b04f5a03db573d98b8b7233a0b1b9,1
01c36c4474d2a849fda4559181927114,1
a01721d0159b5e9b7126606ee6fd1041,1
d83c58267b68c26abd5d3ab601039f21,1
4b8c00bcb6cf5dcfe3c95b88bc5deed8,1
92ae002d222972434a037169886f2477,1
5f07a3219e27ee12822fdd2665185344,1
c19843a6a5ae0df813466f1fd9a71073,1
49893cb410ffabcb921d9397f9d58d83,1
4cccd53208b4b4483b5988c79fc1000e,1
4e360101432facba4672b37e7bd0693f,2
c657397933b60f8518cb7b9e4d3d685a,1
7fc85d97da3d5e5ec4c736864d7e3091,1
d4622797c8ab932a0c345c7f18d606ed,1
8dcd2b66b5b25702f5cbfb9fec9ab529,1
e544fe5aac887510b5d8ad1d6f185318,2
fe06b069cc6c1b65cdc3955353ecc778,2
140703daf8a2e3c72acfa357f87724b2,1
3a3ba2beb4f927116f34edc0ae7c02d8,1
efc401e45307fb6e08278cedd143ae0a,2
824136007d9f1b4aacc2d800e4409590,2
dbcd18dec36ef6b462627a7351c1b1cc,2
419578ab594832345c8776748012a855,1
f59ca4d4f09efad1b18d5d0d6730b814,1
5430f0b7ed1b9440aea3d38f2a6c075d,1
a39ebdd7d8a1fad8e02f63e4b7cb8150,1
f02c5a049e98620915eecad9336b7ca3,1
b10ec9b63dd7229c05ffb0bf71244a67,1
33b126dc01f551d1e581baad05498dae,1
670093a546ae48f74906dd6c304c7f42,1
788dbec792e3b56aceaafc9997d5e695,3
d2df4d3e0743efccc97c87d0d1c58c91,1
23d2871ee9c8e231bd6d0cc8aaa767bc,1
f1db2fc8853d830c689a249d055ca25e,1
e58adf9a0bf4fdc53020e78d705d16fc,1
ffafb6659104810d474101e72a942774,2
31d9b38e85806855835374035951b381,1
1e4d950c1a1731f1b9a23ae2863cbbcf,1
76394b5ecc360e904e75bfe101f7c901,1
3c0042d86b9c67835bf63764bd9d9989,1
2089ff25805450e96c80e7679a273dd6,1
1410fb8c4cf39a953b9325765bce2a7b,3
5fa16d9731b174678b07b5dd6688e645,3
9c88da328113b710cbd1807d63fe54c9,1
929ef45ba44e72521ee3479f427173e7,2
424a11e87c3921e611fe86341689b89e,3
13d3bea196fb323c1c6202daf7ea8b1d,2
cbbe3eb6922d5df24ba59b7e5afdb64f,1
28ecdf7957c1ee9b52a5c665eb456c5b,1
95eeaa209550fb7051aa75f9b619bccb,2
579a5b6d68e1b2e1bf08d0e99dce8562,1
b5cb2dd45254feab7afce6a4be9d94ea,1
4cd1acdd90e1a071da6b84036e1ac41e,1
7cd2992a4ff3d5f7c735a00c21439bb7,2
998220700ae3d837ecde95f21e4149be,1
43e23273ccae00593c53579bb69d47d5,1
7cfcfe7ed3b59d918b56803995b830de,1
b59b79513eb503f359a58a08b9a725bb,1
29a160ccd198412f334d77d9e79fb833,1
b73af0e5b9d36c1baf734011a3a8d6ca,1
f40360749e4fa0268b9ff323b95e8e5a,2
b9a35f6393d46d4ef7b651e7d2a6ce5e,1
67e9bcbc59bb82447b6cf3c862c33391,1
ec233544cc13dfe7819bfe03be566026,1
20c44c88c9322f2dae22772930b59366,1
f5232e9543193ba8ab23c983f3d7ec49,1
29fc9742130452cf3144584314f7f511,1
c31fd9568fb6d47dbb9ab501e35cf975,1
fba4d87853bd1179b9b802e1f4f5bf24,1
94b50ff509800a276b93ccb4e15f6412,2
377562f60bcd07e10e141ebac6e1574d,2
a4d0326732342a56eea7bbc8fad72240,1
253e12859c92ce31fbf68a058685ef4e,2
d023da688f4075b99a78ece680e1e8c8,1
c59ee07ae4a840cf58eb2adf0d055a60,1
373a1147fa9ca6f093918e9def496f33,3
7dddc7f9a7972e192c0ef531be4448fe,1
8fa8c61cf28a3c3c7cc183ecafca6704,3
373c500ffe70882d8ca01be55b419cf7,1
9629e278c7ef6431de1df9751a451cfd,1
7c3eae6188ce061b17ff8ff9360bd309,2
acfdb04db9d89555947f6a14950c294d,2
57a76fc9ebaeba182e2ad44156bf8614,3
dca8b0fad5026445620777c0e2a8757b,1
24e41e19425aa132f84a0735179e21ad,1
cd619a01c39681b8018556c4250f790d,1
5dbc84a261d282e0b07b296c0d218cb4,1
9a6b366c4145bcf13248014e868fcf61,1
97513bc518a0e1a55702b720f03589c6,2
ac44c6c55e6a039b91aea7635208a023,1
1ea287e4a3109b03b52aafa4cc1b7361,1
71104609ca733f95ef679c84b14349fe,1
16f4a46880b3896c126d903807333e2e,1
f76f9df147dc7957e66a1ca3b5db0db6,1
a6d169091f16e569c47b01eeb5a43044,1
440dc3173aa9b85cc5917af53e34a69c,1
3217eab751e60ad24cb70ea7bbf9e92f,1
a5373a52564d28d5c1685b86da50cf84,1
5725e2a07b0dc05827540db10dbf6ebf,2
bfae2aef51b2eee8888762471267833a,1
f771abd452154301f0699a7c1cb0f48e,3
00b644f1a1b7af46b2a4b2ffed615481,1
f28f2c69da523b1e967d2a0e92142204,3
f69ff3c35a0251ecdd88e58144112a36,3
c5ac72183411dae5743adb057d3d2204,1
261a45d72f4ab69adcf09d4aae4b001a,1
db4977e3777a12e60d1ac58174dd497b,2
0e3e2d902d2246cf597d751a033ce3ba,1
1dc1813457b0d24f4b81312c496261eb,1
6607a3628480e1b83be782ba74c70077,1
f0da854fce6b174fa01fc26168a4f166,1
ed21b61ab511d4b48c143c21e66ea56a,1
d4564fc9838b6a23dae59c2e4f79e2e2,1
1ce7f54900e26ae9c77f2d2f66282387,1
886e4b4a61604f1556abcc30c09432b1,1
f51201f9a2880e6ae4ee8510a2f45d16,1
97bda73789f4a1c1b3ff540aba6c1657,1
f91e909e77e673ccbdd250334155c54d,1
25dd8cf2132884942b1f36d6e7ada342,1
479105b5970b908b06087c78dc341cd4,1
5d2e781a6604f39407b46250f25f6c19,1
dafdbc4c4f601d212764b4dab1158375,2
d7cfae594faa7ac26f9a22a9cf59e13a,1
ced753e7218162c79a6c5675e3f657ab,1
f8543e8439504e737df7ff1fbbefdbae,1
580200a330769996fa15a535e843994b,1
3fde24341eed5128aa2450bbded9ba60,1
457798206f6d41fe283a968f2e20afff,1
e36d6cbf2e08188339eec9c2926e1139,1
bfaa604481785e390101b1c30f802ec2,4
63d0fb38b6e46e1764efa7c93fca2cb1,1
64258f17deca5706d9c93d782451b672,1
d013b8935723ab6b561f6610b95897ab,1
12b2a43c3ecc085e85347c4c971e0728,2
8b5386313c43c7c9022c1f80f66b0c0d,1
9407d477c71ba3fa52e3e9980e0ec82c,1
f8e9fc058d7080754f97b9e34e9e2fd9,1
ceff76798179a20067232b115e0cc6da,1
d6dea7afc8c92ff78f78f1d1cad4908b,1
b686adbdf5868d5ab3f8d43229d33f16,1
dab9cb57154dddf154fff946f646a938,2
e1db80cc99fe8480d4cc22666ab2ffb1,1
e97214923204812fab67721e9f358408,3
536065594c18af509beda2b4520a1b9f,1
15a1cfd63f3f04bab1b8898b01dde41f,1
f393b7ecb8556fa8d66b2434a1225e95,1
ad1199cc4049b7f0411cf41354972a30,1
c0c7cb2c7a7bdfa131bc2f36590afba6,1
61676230d348257282bfa01f83d23379,1
7d498ca65843087b6d175a16ad692cc6,1
05150ebfa889cfe60132c667fa07da4c,1
ab6116b1845be513cc1290cf966bb243,1
bc64d9254d75580f2361ac74f703618c,1
c226ecef85fdaf1f98d09a1405c6e42f,3
d4c084889efc402f072ed5f877e4e009,2
fb0489b3b32735953531a8a7a3ade0bd,1
289013164d38fbabf6fcc056ffdeef29,2
7b373d49abea83616ce6490f44ad5601,1
9da393e828fe1a1f37a93e02dce26263,2
5d410f44561b2a88d2a11c24171d4d8b,1
1a423c59935b773ae7b6018c4eabdb79,1
3725f63e151d64e3cd3927e673f2bda8,1
d181cb84be15c898b7b9e6727377be27,1
cd85c7261c0b8b9cabf9aaafbcf6550e,1
b8e1faa35358b9de384329053d711260,1
64c6b330583d072f7a33ad7cb5f50b2c,1
60cb0d6875053c753e1e15d431ed5038,1
cbc834a0b7ac0c7289a762691f64de6b,1
dd358343a2932a71208e40c8e979a3dc,1
413e4f827755276cbd09a7e52b919a0c,1
852c6d7e6b667e7ac05fbb4ce85caf05,2
bef9b299f065b6be4a98c27d1a9bbd4a,2
a144c5c7550e0f4ab2e29d00a839c90d,1
410c2f71b41ae904dc5c0426796ceb1f,1
205058ac27ba828fe36967ab4d65617b,1
fbc99491f8c703c16c0636b0ac852d1c,3
2f522f8b35326ccd002862b0dffa1417,1
73ec9cc0e01c9f1025cb96d26cb24679,1
00650414fa4ed658af87fb48a8f5e536,1
66eed25f6beae8074a47f00e6cefa180,1
4ff38d96ed9bf856c292b54cb9e7bc3b,1
d8350a885861b32597135419d029d7ae,1
05570ac73eec3930d5ce4cc7b8df5eca,1
0ffef988305acb7b22164c10910dfd85,3
a76475749b0a42e1bb542e5ad0e0c652,3
4bdf7d7e1ea692a8afab4398fe38ce23,1
f09b17159a0cc0d9fd3ec9f24fe62313,2
883241091e782777a289a142e322e745,1
db4314821240a4089b7b721b79924eb8,1
52e169597e76bc493894c8ac9a99a728,1
3ea8e67b7bff222495baa7e58b113316,1
e9b8d65255447459c97f452971f4de74,1
80b60010d53c94c46487f3d31ae51698,1
aadc04f0c96828a79a9d71104256011c,1
a156acc2acddf7697616a97f93a74c92,1
5d37dccbfaf967b7f20c8464e51867a7,1
552d32912f4f39c2d1e9809acb24fad4,1
438853776483813bcb45d05689d18af0,2
aeb31652a27038b333ce380c77be7a95,1
11901f1ac2ccb2bb5be226c70277485e,1
54a0d375a5c7af8e102bfe247267fd23,1
9e3fbb3c7b97c7396475cb4f1556d114,1
a95373380eec5ceff27b7e795b6d4440,1
60a564570e5064aba0a97180b5cd4002,2
d84b8ab0e049d6837e7bdcbc0957d4d5,1
7d602641f2a0211f31e769085e17f58a,2
fe9f081ed0184af2fd1c20922316acad,1
da069b5fbaadb361b108b696e3124b49,1
3af62d1507752f886cf664dc76f134cc,1
000ff8f39fca457446494d6232dd2b32,2
9ef590a73cfa0049e9d13843da2805a7,1
7ee340ab7c7c14431ad21b0a12188b0b,1
70ca250bc93d01e0a37b3b4718a0cce1,1
91faf7f9e8ea98d48513e003bb1d80c3,1
f6f5a621c9ea8f98a9f12e0194ef3516,1
0857ee6d86ca473f26ed63a01b481b90,1
650be117cd1ff003466bfabc4d47ac58,1
3d867e6de6e65470bb0a68bcd4812e35,1
c8aa2dd91ef3b5f4b6cce9966ac2fd4d,1
d0582f8bb862d05d6182bc9bcd00a676,2
c696713aa56197be9d7f23a6c72a428b,1
4bb33418e3ff070b78e79826355f16a2,1
991352d2f7a3a71e9047fe15890ced03,1
1adb07d6b21ed7b868a14c6ef92b3c4e,2
331292398a8469332e81ad2325ed4972,2
9c5b64332a9c8175d3061584a15e7a8a,1
f35c9df63cbf032c94fd7ad910c81e90,4
88b1dac3d2bb6bb78042ed29fe3169e2,1
103ee2f56924ff7f7c6de53b9af83f55,1
b430cd0c69343932f089bdec5090ce8d,1
cee045fde69c7fe2af4f4c8f26b5da34,1
850e2eb5c6afb7b8a27e13fb06d6a459,1
51f7007066a11d182be47da03b107180,2
d06323c717262a7c26a7530e08e18412,1
609c6176882a7a75fb90ad00c8fc0669,3
0ae6bacf775fd346da75d76f7158e7ef,1
d42a4864bbcb1f98c90e33c8427ccc84,1
682135bd16330ba213e0fc5e5728a275,1
0b1c5f9619259509597fe76a04143c44,1
431e9f310b48e4f8ceccc3fadad70e14,1
cbdb51cf4221684f7249779a0592d60f,1
1a85bfdc9573984a21f894d3dcd700b5,1
4ac5ef5f3f758d681973291ff5ac7939,2
f3f046e39e9be437ce07a84df27c65d2,1
45e3ba3154ead11a84ec623578d691e5,1
c698a105e44b151517d6e738e2089631,1
a41c5b34ad80d1a5ec147909ec8d9672,2
de3d5898959f4c5d79acf190a9412be6,1
73633a456290536cb4035c340410eaa0,1
3583e3f86242c50000ae976a4813fbbe,3
25a51a68c8a654a3ee211a719cc52c66,1
3d07627862ccfe3df2c2c0c44f0ad7d5,1
ae65c9c998b07b37b9a61beb8ad48814,1
fdb43c709c9b2de902848a147fb75c2e,1
37efb0bcaa5573c5a4f1f1002e6216c4,1
70bdfb248ce58e7aedb169344b624edc,1
5d74da7d479a2bd79c24688509726ecd,2
b0a0c80653b3fc3a6d648ffc15f0acc8,1
f836bdb3dea4a7a23967f698c3dd4c5e,2
187545f7b7d49e1beb0980eef027b4ad,1
7a8de5b2267e098af7cb9f24e216d046,2
ad0989da0826600562a5fe134f072bba,1
904c329f608954975a4ab4167744bd27,1
210672d9eca1b0a697b3d0954e4290b2,1
84ac3adc0b8709ee7b58cbb3764e3259,1
e24fe482a8b283d3bb6976b5e203e861,1
501c4af244879fd5779cc552fa36affb,1
a13ef182a80676c1d86b0d02cfe99414,1
80a5672e7605064035ff135461fea3fe,1
4042bdf48a26c40c78329a19679d5707,1
3a1b3f2b63c497b5a0d595d74ce34f96,1
aadb1f962b0e93d1d3ff67c904214aca,2
ba88217646754485fd806b677b6e1316,1
80281f01f8f0ad29ad6915893e82c18a,1
913aaceb04ce0125d0959b4c65d777b6,1
d9887ac8c658dd2c04d7030c17b4538a,1
ee512ad073c77dc4d5581b0a083589cf,1
db527b6d44faf1f942410cf290cc6246,2
9f3042e82a53a3310013eaebf7f95435,3
4ed29c6b11568f9b08f003fc811a558c,1
cfbf7baf7eec18e557f18df3745a25d7,1
a00cda45f5be44399c6b832526d92005,4
7e6cbc1e707a5697a7aa5d810887bff5,1
49f5be79d6761faebfa86429a7ee0ab6,1
f9e6985402025c6ff91574d391991f58,1
5e7ff65740b5ca5500852a35ff7e9c8d,1
230e3cfdafc85bedea90bc908d36a01d,1
e046544ba6a63821da08053159928620,1
705d6b7b005201a9a0af0f25bd66164f,1
3592c964dc92fdd5c49815695e274deb,1
4b7786b0a8a0bfa029d8a61f4cff91b6,3
578f0a5cbe9db713ecd2a7f0ecb551d1,1
83ca9d93038c140fcd8f138526467eb7,1
72de90b224291fec788e6bd27d47fc71,1
386c32cede4ae6ee37f02cc0213b1af9,1
bb676e53955cfd7df33364795110cc49,1
f0e28885f8661b59c158a5e99ba3bfaa,1
af90c6ae1caecfc77ae1383b96fd1000,3
4229eef8d7d9e50b086e7da47220909e,1
af79656036ac2e3aa849fd9582b638cc,1
1fbd4946f86c8d884bd83b5e72b985aa,1
927d6bd6d3d660576f64e45f8aeeba70,1
0893063536a7d3d345901631450a2cf6,1
dea1ebc0db8951aa39d32822edee5657,1
1127afb00e5ea40634254eaa3419bb86,1
b26e3da95d3004b41f5e1b064bf643f4,1
5720502a19f09ce3a6756eff48735ff3,2
5236edb4877775e8a74d93a98c31ec3c,1
fb3b316c67c153ee789b5c9110a15fd9,1
aa043a7fe77e4afca9d09b2f95f18911,1
b61e37f6046355dee94504d3a9eeb598,1
e731a814a9f372b1bc56ead439e1a73b,1
0833bb34b8b4064e34b62d738f1d35e5,2
753c97633768dc45f46391c84c2ec914,1
41f564e6933d7c5a2aa3d215ec9b7f3f,2
193bd795fd8ba7488979c08e3e4f8d92,1
b7138cf79c15dbdc79c8bef02fec60df,1
ec98a305f5102f0e7f3bd9b62539ff54,1
b528ba94d63593268e0cf4cb773e4674,1
826502e7bb07b64b3121d847a49de32c,1
a41c5156c3c18c27052a7115dc149c1c,1
1a538a1c6bb142baaa70d094a925fb6b,1
10941ae121c92e9facdd5cf4b658ecd5,1
ec07b41f63fcb810dd81557157a88dc2,1
765a640578d1662c0bb3856643a142a1,1
905a02444693d67569da6404f2440057,2
6bf127b9dcf75414a207f157b57b0e5a,3
766c3ec6bf0548c9e417656333bbcacf,1
65e6edbddbefebda11fa8332d7177105,1
c121490d13fe0ef82f01f2592f228ef6,1
b731ce7fd5070c087e4d422534910eed,3
a9ee8602d337fda4e17953589ac6e419,1
95fb4522f7223d8db0bcddb5f116d599,1
b7927521eebe18590956694cec8b56e1,1
360d6d1ee8c35e7b05118b428c874f79,1
e1a204e561a2a82d9aec8cc46f95c5cd,1
83b47ee4f2fcafa0112a10422d009523,1
134e3709b4f931901641b51998915f44,3
297795651f26da25ef64c607dff9269c,1
d6f922317abf8587838fcd2a422883c2,3
eb756dccd16034a04249ae271f34676f,1
bb8cbbf3ad84d18bb8f2dbe93f8687e6,1
d2d81d3d3da4a48e9b76c19cd58bbdc0,1
6ac659f9624ae5c7b4499cd9fd347494,2
4f0d5384d1cc8230d93e38a3e3c133ce,1
47b6bea12b9e0e54f24ab861cc6e72a4,1
56a7a6760fef11ce094073138395a650,1
ce3f1d06fb6145ceb992d2a33cdfed46,2
e7b943f2054ddbaf7052fa91e1830095,1
0e650cd70f250261f73ac9048ff44f15,1
c42aecf632807238516bbfb2beda0342,1
b2211720555eae2350a2b85ae3ad2dfd,4
0c1ac8811eb1731f0f344f3c7817bba0,1
d7dc153f624597f8ff1447ae0aa62608,2
109d7dbccd918da8e2d36f65bec4a0f7,2
a06ed3cd090983cf243c3201aee44151,1
855021860b36064bf675d3c4731786c0,1
910dcaa1b8781e74e355609faf5c3343,1
986648ea4c1458c2256ede40bd798dce,1
1d1de10920242545db9479ff9dcae636,2
64e632d41fcc1980d2520ba15152ab85,2
f578cbe3d58603a32363f05a8d395e24,1
e4b0a277e5f9154fb9f953665361d60e,4
a8b94c5f50e006a22908cf9f86a36a3a,1
52c98573f38d67f136143cb1ffca9acf,2
f99221d21085537cdabf5690905d5138,1
4c50a33e5c951a9360d971296e871133,1
a7ba4fbb1f4326540960a1fcfeb79676,1
9a4b20cb8915603add0726fbda478354,1
945637f3f576962e28ff48ea666fb98d,2
248465f4cd9ae249111bff0e79829697,1
ba917d2307c1f2f2a1d454d3d6e71667,1
495ef66de99ee0716114691ab36b3ae0,1
2d57bc8919d2011e35b8708120cc0a3c,1
70c9b6d40c4aa394f1dd09d041753cfa,2
6faf3d621790842e5365fd742f0d43b8,2
558e958088c0b911f53463433da8ce89,1
33c2ba445c99a77ce69bd7cb76b8efdb,1
3836332b85f12e0592b7afb488f6786a,2
9730f33d80cb9616baa83dab12f85b3b,1
7cb52412d7b373817e51024e67ca60d8,1
0c5b444279d8771ef6d5d5b8a921a98f,2
57ab95d6bf0d20595d05499c90fa55cd,3
4ec85202cccaf1980662ddda305f2ab5,1
d7a008b6f18c3631ba391b496329d4af,2
3f833d0d06995d42e974cf604b6e0839,1
535449c4f98dd01b3845bb2ec48568bf,1
acaefffc88334b4980c6455712b25aa3,2
bdf09f01725be1c1600774f5b430fa00,1
c2b96fe3b1ddc50acf1c2cc6f691c085,1
238c800ee2a2ec7c3452e972ba2042a7,1
86430f62c21f073eedfd91488cefbc4c,1
ab016f27681ba2824783db8567f980ff,1
5b12516cd675f75f34287b667d2145e3,1
6a5658def3b64431e0f3b8a226629b96,1
e1a9a8c16a30d315d79c11ef9a1624e2,2
c62394806e3138984e507c1c85e45cad,1
aa623e6c44583855c3ecd6156328639f,1
c4b6978b503f5691dce2dbc09e3181bd,1
0270671feb12b664fca50b98a9622c63,2
5f8315b09fc2535d6d1a94e7b3f93ae1,1
31418429465c815531cd6efcd699b7e0,2
b23107b5e2c5a3b7174a90684dc3c7a2,1
0b6f06128f06b6c8c618c0fa6b20dcad,2
29b99afe1806d668f84ca3d163de7716,1
689cdbf065cda32c81af9b680aac98a3,1
397780b6bbd1ac992d629ff35f95f1a7,1
be02db35eef2f55af1555ad9b1ca1b93,1
3f230309e657528b288c42d19ca5571b,2
7173219f031bde0192f5ff200fa98d54,2
936cbc1db7621a704512e82eb18d5248,1
1c49c3ced405e97ba43cef1115e67699,2
89583f2e8d4da0182cc9f51d16e24702,1
14e360721aefde29a8fae25953c3b7ee,1
22c016cf3220be2c3b0c50ed3281bfd3,1
0c6e559fbcc851f3a1026565a042ed86,1
ac6b8db7fa830a6d1fdc60bec4bd1746,3
d03ed98dc9d243210d55ef3065de50f2,1
7a1507c9f7a6e11c327790219a900b2b,1
2ce0c7edd22fa2a3a9d4f56255848ceb,2
2da2208f0607ab2e569869ed79b818ef,1
b5534545384ed6f1202ffffb1bfe1b21,1
5b3a7d2e8a4bc1d942e182b8b3f061bb,2
6d434f30f6c8cd07ab02f5444b1f3199,1
ced80c610515f58b83436bdb5bae6738,2
9bcad265bd52fe88bda1cd60189eefef,2
4654defe854a7a613e022ad660a93fa2,1
49d07e2c86e0a5b2b193bd2e081abfd6,1
bf8128aae2ed1393fbd247f620d6ea05,1
c951d910bc10283f12c01e8990286f77,2
ee630ff318884a607de71a88738f8712,1
6d1e07d0c88f6ad5a2955ed8aa0f4582,3
9f00c4db70188e90b3b287471122e0fd,1
ddcd5c8967187a6a8d7c0d4dcfef2691,1
82a305b912217b6c2b5f316eae014572,1
a4274a9dbde4a0655768a51ee5705f30,1
3881d4c90db9cc530962a5f4e0f620c8,1
ace3e13204159ea2b08c73939e07474a,1
d4cf12366e1b918c50c3c51216861554,1
0814ac531b817c8471a46295fe0ee86d,1
2d50bf8bb84527650d40cb110ce8c7d5,1
43b17e5f6d62ce82f2c33a79e637a6bb,1
ecd0064c8d7ff2b9c8618c89cfaf3d78,1
e12ebae4214058aa0c281bd6c7312d27,1
8b22daa55eeec6a074aa267241f5a067,1
6c029c470a484a6cd68143a5e77bf06e,1
0807068f736c11b273a9c14bd5c0ed2d,1
286d7cee7a3587e1591313229458734b,2
9700fbe810cba5f0dfc45b85bf297c02,1
83bb9ac41c7603810fed30d02034244a,1
3b51107b31a6bd03ed0fc24c54e754fe,1
3c222045b89d3c11c0cb33cb349ed310,1
8dbc9f9d11076e58d30af8ef98e22504,1
2e4e309b93f12fc470feefb8da3fb6ed,2
9d7fcf191487bd51e77275c06a4bf898,1
0ac7401876e4510055bb2fd9769d9b75,1
8ef75f17d7d1765b3788dc8e8a558a17,1
793716477cf449c2a3eb844f1e29025d,1
4f555ddb8585f1752acbe1cc3d9b5a9d,2
974f7221597b0f05245338cdf7ca4ed7,1
a28b534402211fa5accf1c412e2f910a,2
