entname,shopnum
5c0514b9faf8337d74610aa56d85dd99,1
3bd5089fdec9fa40138f9cc1d5cdd3f5,1
dfa89e12d0b61e812ca409c4c58b9e34,1
bdb7fb31442aeeeb8a5258b255f6b7a1,1
7dadaae30636e6ace9896d0dcd34e0f1,1
c0b30ca4e8af3279781164ad9daa71fa,1
789a5693e2417912193053cce938e015,1
77356aa4cda40effff938afdf8446f0e,1
eec90abf04437ac0495746a6a37056e1,1
b5808be4a9312cdd53f61a62c332aaa8,1
dc08bc2bce21e1698e1fb897690cd446,1
b674976ffbbc779cfc12ce696d4a23fd,1
109fdc9dae68b3213e35e937b6e31e00,2
448e6d868ffb234103ccf5029ee770a8,2
d1d0164efec65d2b926c79c1b35ed973,1
e5795f743dd7a973197c859ab13b95ca,2
c01a6f2ea96f406d9579b23e7dffed9a,2
64d22007cbc637f844acdf5e9bc8e7cf,1
3f6379b4d6b97eb69dd25940532b55f7,1
baa18ad8662ddbc371b616e3d1273569,1
093d754e5bc156f8517cb219e548b7db,1
21805f76223e0114054a53129a58fd93,1
692926b3c2938d06acb3cdd5e2f884e0,1
80ab4095943ff38e64301856314bf043,1
c58aab50634ea0a786476be37720b179,1
f2d391e4e5137ebf938abcc82edd4c65,1
59a4644cf5d852c1e165b7154bef6dcb,1
2054754b208d3d064c664636c1c6908c,2
84beb6f63852212604010b2ae57336b1,1
7f63a27d98adcec9a3b5a4610622994a,1
0f7458bbc2c72c525515d88308984db1,1
7ddb809d94331e486f8df541ca9b5b51,3
010c29902662a613f00c7220b2469adb,1
0c07b88571236df495498b4a164c01a4,2
c66c9c50e7d92e7bd52f84374a3ebf38,2
c0c7b3a53a4d58cc580fc09cf17f3651,1
9b4c64ff5ae1848e0f664d95478e55c0,1
3461f964a8e370cb1c4760384908f566,1
1176c2636fd77bd81572ed8fef613b8a,1
6c682771c72700c5f088c3866457076a,1
eb65fcd8fefd2a6eba2b47a08ff3e96d,2
1eed32eca64848be20da4bb642cf270f,2
0ae85a048249a9b7811e6233b712caa1,1
a70605f32d953db26477ff04a68f5b5e,2
9ca15e05383c3e653879f16b00318bda,1
96830c221a55025e398c982c13ce6105,1
e916018530d54e0aba788dc01befed4f,2
bc25887e94cf9196834a1107997f2423,1
6dc56c8dd418852fc97baa6c1b922501,1
e9864b3fc6e76e5cffa9b59eb304eb97,1
6fd2ce6c523e3eb5c51fc11f9abcf2c8,1
3e7018e8a315a5019d1cb15fdb4475b2,2
4ae7f3f1c722f15a8b5021f8bbd5dbd5,1
fa3cdfbd728f6b8992418e53e9141132,1
c8cd9e1dd25534da968ac311d6921bd4,2
2a2b4ed5fffb462081d834480e41e9a0,4
424ceba1e7990a33cf7e110ab7a54b0e,2
8de5d0a23037998ba6d33487fb74c5a7,1
544e082e2ed745a9c7522f065630461d,1
12e7b85de15c575403afbdf7db9df6ae,2
e3dfdc3cda8b6dfc6224b7c1dfbf86c2,1
9c0ffbaa9cde49485ba6c7cf97dd73f3,1
ac9605cb06d795bcea8ef2204cbaed25,2
46e5ea1a5c23e1d98122a9b09bd9d1c2,2
bf732f3e9c9c7ada72f9079637ae0158,2
cf568d044a824f68bbe84da17272e1f4,1
08b224e88dbce994c1d93ab71d353d7f,2
1ae2bebd2e8411fd437a2ee65f1d2190,1
4bb02f471f3daed47f8c96f092d1aae0,1
3119a48d199b55112aee08ea5a392fcf,1
3b63d365dee7ab49c1e5a00d41d7f11f,1
83e515732d546acab5bc21296427a797,1
f9b674e0b299a30fd2068943defb6f22,1
3322b499bb02964b9614c313cddd1b7d,1
074aa781a8c682cc7545cc37cfa22d27,2
805f4047be5606bba8924b8293131032,1
4930695d4d730251fbd33e4f0409afcc,1
5d152aba641f257279c203726e41f7e3,1
41577a03065a8e4edf19ae5e44b6a7ab,2
26f7085a22cab69d550db3a05bfeed72,1
5a27791b1bd2c2a17d359cc967ce923c,1
8f7324a3fb7638e8022744e217a3396d,1
592689ea1c6d7a04029d225fc4dd35cb,1
55537172025336b96d6a0609fc1efc81,1
57e05c42f5ad9a3fc258227fd2edb995,1
66eea5fbbfcd23085bebf361ab0fafea,1
538db3c64bda69ba32420161ebde8aec,1
fad0095ae6ea091bf04f7eeec928e488,1
8c173e3d35f5ff1442e5a848f8b691f2,2
e11f466a03e1545eddab8cb15a7742c1,1
b5835645d2986a84de4258344f6f10ed,1
f276d6d5e323844cd13d4323dd76e7f2,3
887cab820c27e4a2e31cc6e3b11f8c5f,1
0e42b2923967153fa0b406df3d08e0c8,1
f13e34e5cde82f37820352b0837d64ae,1
c7e100191478433b65e4c94686107c13,1
04515d26e4a25c2ff0342ab4d15bdfea,1
200d30874073c563142ea20895f6218c,1
900651ce9837746e90bbe2e4a6e9fc60,1
f129f03919db8716df5309ff3d5fdb32,2
2712787e7530257f5ec51d6f08d896b9,1
8c2dcf6d6e6dfd416beae8bca06267cc,1
39f9280d9a10a7400b97f28dbd26c6f9,1
66c10b9c98f2d5e6b197902cbae9425a,2
3eb45fd8bc081160e54d3ec0578bdc7b,1
a6ec45cb1b0e6d736ec87c7c98f955ce,1
e6ee608dc2811d55f98edf37ae7f5e62,1
681c69633c14b07909f0add06eeea1dc,1
912f588c7a6657dd87ffdefec7bcbbac,1
184fcf775cdf266b00339fb4f1449c3e,2
3ecf81067f48f00a8da1a48301755e16,1
877b7403034b64feea979069380e9675,1
94b8706a33ba127344370391de3f4103,2
31e06881af0050fd13affea339222c5f,1
4f769ec41ecbb075672e6ee81c43d271,1
b6c5b4e4f342ff409a275140288ea1d9,1
dc54e03c50d779420329d3d39e672d9a,2
8162d1c3544ebae39459d995ae62dfea,1
1771783f14a42d20869df88fd079ffb3,1
f15ca75ac2d603358a80b8d4a2aed190,1
0e7774330a1e3acbdeb5685c7c31ced2,2
87c4956e479c316d8e800f631cf23dc5,1
0815bad075c0f795e46122c8def7711b,1
f091bdfec2e01056230d5b776c0d2373,3
d09a482283d491172cf07626509f820e,1
033a9e910b4ffafdbdc6d1a5aa81ba55,1
97333ac8b03dac1f267c6417586ae50c,3
d3ee14454d268b69e6d01a9da79fa5f6,1
e8ad1bbec4ef7b5fd4f8564749eee562,1
7f14c079c5929d9e54d2ece5cacc6dee,1
41309d1194085f845cc5edf2bb3d0922,1
ff774412fac6d1f998cb522550038a73,1
99a589775ec4e2fc359b0330ce1f3088,1
c834060575e01cdcc765e8399877b523,1
a2ae9acb08b48369926b802c63efdd6c,1
a09f7bc89a790b890bcb643ed0ff5bf1,1
217d0fcdfdada483850c7d29d2e6ec18,1
1ad0512fb0a775e1af3cf1dac930ffa1,1
a2fd0c477068f9f6733ae93cf333e0fe,1
f0f8b05e2ee173f18ede7fa2bad0f371,1
5d7ce2735568303a90aa9fc29f4f59b3,2
9df8e4e71c5c9a585d9304af24f011ca,1
43e2e8ce05c954de1764db61939a41f8,2
9ab96fb78ccb6f539b392aef11cee937,1
f257dac6362ea16cef533df1d3320143,1
fb2937c48396f98cb52a0ab763e935eb,1
3d16e64783900055b5f3585c2cefe835,1
c3823b133b978c0ec0e7c254ec89a7b7,2
5f317a0d96196a9a71a6061a934ae226,2
2708153adad1d48013f29c8fc7d16dd2,2
c9e93afe8239a62c0e486e3252e9e431,1
42daa37b548cf2701977d709f943d0ba,1
2baf5d118ee7a87ed7b43fc0f8bd65d8,1
9cc200a2f00d913c5ca06c9509841ab0,1
f6fee7207074c596832f5d9916651dc2,1
d9008a90135612f4d76bf3bc2ecba2fb,4
18bd9ff03829258026c52b370dbb7bce,1
12ff5cb111cd018138a558412491d53e,1
17ae64ed0ce500f0ce05610a2f06d16f,2
4344ca1461af8b6e3db10873142888d7,1
6bdb3dd6435898092672336db5abd73b,1
ca873b8f0dfdbebdcd82152e80e65a87,2
3aadf435306f528ecf206d595e5efca4,1
3f174e893d8fa768cad1ebcb028da501,2
dc8fe358ad12b5a7af9859490126d7fa,1
3ddad36fde19dc8069eccd60f43a2e10,1
0024b4942fc748cfbe55120a20ddf600,2
aabc1d762d59d909d072074422039fc4,2
9670c602b50257f8352742103b8da440,1
86e9b1ed3ccab61a80b10e1f2a260816,1
3be6786e06f7df1464ce8968036df7cb,1
3f90528dcc6321bf66c1f15ccd1a735a,2
34daaa27a78c6c0d9cc61433702772f3,1
0bb4b195b41e284f3c67c86237675b93,1
08a3ba06f74eb06a111a205db3120c96,1
d4e83fbb9912bada438554abadd0e52e,1
f025337bc3fb35ce89bb1ee35649e361,2
6aa238d18bbfb9b938d0d7068aa14284,1
7bb0a0c34d70e898d9fdfa5eba9e1ac7,2
8fc21def66227ae49c8ed6b76aded5ef,1
2d4e26e5894e26b8ad4da581d9e7e7e4,2
0363941f691b0ada9075010069acd489,1
0b72afc5d55ec9ce673458749eff3e0e,1
b648fe878e73bb2e5e496641f0b3bf83,1
0b09bff71f0caf948c84e858b28a83c9,1
f62bed1dab2dec37e8a41ec44de8b2d8,1
1d45789c8030adc4184b18c8567cc097,1
63f5fbedc9921559c981a1d16c818795,1
b7adfbca4b066b8ea80c73d990403155,1
3d45eba10cd84c015c875ea79e559d48,2
2734de3895c21dfcaef37762a588415f,2
d4119ea3373efb2ee8e5237456dda2ad,1
7b919362f374647157baeb371335367f,1
042e1975c8c4c6d494abf57e10bd6dc9,1
3773aaed63e2872d9977e4e829da6306,1
661ccccf43816f78daaf9df1d6c93569,2
37177e2bbccef889b51e2e835167d02c,2
785f5d4f2c2fb1e1f32eb3c302742811,1
dc1a8a1a9308d3e8f64e4819a25de1d3,1
4ec04742ac84c488c8a1f18870b58d67,1
464ff1734411cbcc496b7aee30829a06,1
a1512a182348500262e5f4390e01ba5c,1
e35346f7be76f6cc7e30739679126895,2
cee6fc9000307c7ff7ecd6c7038eb821,1
88d7f9e47af1564a77a353c6a8495fe1,1
e1b106c2fdc29f683b965d24b5778200,1
e32819b2d524e5646e94e78e6bd819c2,2
835b429cb4adb080a40cf13f0c482379,1
2c85cfac8419f96e3569dbf8ccb169ed,1
79eb512d57360653984a503014ebf6c9,1
6f2aa03ef5a73f9457f75a51ca00f56a,1
f74ad56064d1898860103c87d1e12646,1
7bc948de32ffd34d0ff8593dce61e8c9,1
ef0459a1493d5817d9d39757f9aa83ea,1
17c760dfa81ffe53d017202676332dda,3
951db0ad09afddd98c78873e0f437aa9,1
70fb59b0a6ba7ebf7b4f50a49f565acf,1
919f8a9c080a5766500be79e053f67ce,1
92ee861da540bd4f4babd6b90089b0d5,1
54543a938b870c4f3b230a2cceed66ea,1
46a9c6a4a3838d231dfaf1bf3655f298,1
e1fef67f3d9f91321a6c6dd644ef7a89,1
b012b3554cf0e27d78e9cc86e719f611,2
ed507588bdaa38e78941b627bab90f31,1
d982c445d000d3c57844f9f2cf533a43,1
b4a65d876020256f9748e2a2b6047f70,1
31425a705e2e418d424dc1cdb3aed998,1
bc17dbaafc61440ad24f2454e506fce7,1
b67db45703106953188797f4bc7eabb3,2
803507a3d5c5624bace8d925c88906c5,1
9a8d38a3100c830edcae6193f5671845,1
92d6f99d1b4361133a9e507963f061dc,1
19d5a5b591b5e029827d38b5bbc2292e,1
932f46f01d2d6f29adddedc2cf43b45a,1
eec2e0e951c6b4490f28fd2431f4352d,1
b9ad404c10b6222e6aed18249378bfa1,3
7ea7f2c14ba49ad8d865d34b807dc73e,3
bf3fc98fb63cf562ea40cfdf07c4e6e4,1
65934fc6ededa745e12a3693e9070665,2
cdacd2d38020d4759ccac30a7fafc22b,1
94817b22222304a96ab32ba29d765858,1
0be27121dc028b8f9553e3def1c09be4,1
1e87af7e9291e1d8ccfb98de59b1bcf8,1
bb2db7b794cddc9110fa6c5a8f3958a0,1
e8f841a80df681e786b1b78ffe884bdd,1
c18c2b48ca464aa718a8a442160e649c,2
f6683fad0738c5df8b539146fc27a2c2,7
191f3fed4e134bdcab738fd84479e91d,1
66eed25f6beae8074a47f00e6cefa180,1
7e50cfe71ac756ea2bb9d702494632a9,1
e8ce754e2e7ed338d523ee486a42d362,1
a095dbdc194f868af74b4a8e0a19a8cc,1
9eeb33180c7101eb31dc0cfb3435ded9,1
45d9ee8374412be7c590e56d445d5c00,1
6ff03adc397f47b06c8ac8133f4843b2,1
71d270ad71465cb6f1a197d683fc9423,1
5aba2341fbd1802ac92f3597746b6015,1
90841b1fa08e563578ec479a66ad2ee3,1
513693f37136a93a3315ea07b98d155d,1
4b92be81a6fd175668fbfed29ae97726,1
a8893054c9ce93b255074c903404f5cf,1
ad8141b631f3620056e1f9597328e84c,1
e39e0ffa61b0d33cc6408d26e9200af1,1
7f9b18c5a558ffee24ef4ac8014a4cc9,1
0da4dcbabfc81bf3011466e70f4ba522,3
e42f58677b7087f0d9a16047368bd67b,2
eb58bcad2ae16736bb615db664a4bfef,1
300e8966101d66f386e21e5cde440b55,1
21236dc70dfec55734c6f41b8f69c486,1
87ef4c976aa6f910b56bb385d9f9481a,1
7de31d4d96ae582d0f76d31067d1d2ee,2
40b6986bd2d61e465121333c9a73183b,1
f5838cbc8dd3f9a11eeea4d3f62492f5,1
080ecedb36958de45d905dc990ecda27,1
84de1fdae167a1a57d8a505a75ddc083,1
848e5c3a3be788dd1fd3d6ad99a989a9,2
923cf9ac89b469a3fc746e6947bbd385,1
07493293abc4b8d6b4b7ddf430b882d7,1
c0e3768ffa60132bb742b5ea73b75ca4,1
0d7439cf2da879ac7743ac1884d86736,4
b34ecec0119c09e9b6e0d8c650bfbd00,1
89386dbb0f58bf79910c9c47da4398e6,2
d51a4a1abe46839581297f7b2240ba76,1
fae50e14ce5be910906a100e999568c4,1
936b2d21d9a1e068f783718e050abab3,1
13f91b8f03ae53d28f48379f121f36b7,1
9537e3e35f2b14678ca3ae99c5b99e42,2
7fab6ce845ad0300666133647da2e06d,2
d780f5243b814ef615b72c041a98d995,1
c80c9e5a1836bbe292a7eb282689706a,1
c6b62cdde7f4a592b8351ca0e00d9bbf,1
b87d079b9fab42b001233693b7a4de51,1
1b0fa9ea6b16452a20c970f605372b3f,1
2c798b57dff3a8bfcdb1df26507b33fe,1
3c538b73280987ac8845c4e626490149,1
7c31a233a3a66009b5b324df4084c170,1
b176720676808ac4f954a932512e4608,1
b8e550d0d4cd6096151e9796849939ee,1
2615c6b141de2152c14c34c9c051123e,1
3cc514f3d10246a9e0b9bbcffbfca264,1
c4c45b62abb496292047f761d73a2227,1
d01e57e668a31d15bb8c051ef5a74ed9,3
f9c89fe331353178270552dab2fa6f7e,1
c03676ffbfb582dc631b0baf06da06f2,2
6169cf8589c996fdee4088c8c31ecdcf,1
59a40e324348eee04489cab10b3d46b5,2
19030293ce62e4a5fac959ecb1d859c8,1
e9a4ce928fe8e41f7b7cea286d6eaba1,1
71896d20eb239e39b2ba384ffa125bcf,1
0660e762d77e95e10ccbcc63787d0773,1
f3d36744b8e9053475892b95d9f42dd0,1
cdf11658583dbeeab03a583704f31f14,1
0aa869443bfccd063c1d9eeb53ea90c7,1
caf9dcb7e6c4091919d424533a7c77b9,1
73dd6ce2b2ca0df5c66e57df3828e56a,1
4cca907e08441c706a6ca17f93d8add3,1
e67b642053c3fe84768484b5d242e9af,1
5b85e198d2a9b3f7f1afab3b81c865c1,1
7182331c2abd5f23ced11d219b66900d,4
35caa6a2a4e5f2798a44951a93922fcb,1
ab63c5788f23be12aa71e6277589fb8f,1
39fb1460b6cd99b74ed6fdd8d3f51342,1
719c0d707569a57227f4149d4916f0b8,1
508a1b09b114cbe366bd5a378b17cba1,1
8f6a6438eb1657ee4a3dd5592f189515,1
54ea2fb519b8cd70a83277cf0303e684,1
e5067f6856891c5b48612bf8310e1a5c,1
4a4148c1aa1c75418c4597a7011a414d,4
13ef99651b65f89363c9795db7851d45,1
fa20c3e7c62443ea9ede0cf2d5b9a746,2
3ee89e2b18ad610dc6db181591bc79cb,1
29fd4d16c94b2c8e522d331a54b1c48e,1
fc663a6b2ffa3270a0213eb3ad8ccaa4,3
d0a5a864498bdfbe43e1137eadd41f57,2
2128f2b955482a0d74b4ad297c5e4ea2,1
6d7796838a2ae505bead7286a8b3d6ac,2
e2e7c21ffef58994aabb69868c99e1e4,1
249d37dabd7ffbef15b514538cf4da1e,4
fbef0c0f98fc108ef2b10801cac8f8d0,1
2909a8020bf48ae138ed02a55c2f4114,1
33e78da0e2c05027eab3f13a56a4fdde,1
70a42e615f295035190355737af86751,1
75deb7e5a0717cfdc23a2f3078b58acc,2
e4378135f5b8b1c54a5f125a20c2b5f7,3
d5a16535b0a5d1c19f18318d44f1b4ea,1
e944167c6533dc03568f5cd439264fac,2
e3bc2a1f7148af945ffae5a523ccb31b,1
79284c2f8564539a2502dee825104a19,2
41754c62f56ba7d93d729e9ed69c809c,3
4dcf6956829e45d1d6c8d81e636fe741,2
14d05845135dd7806e055c483979ea59,1
4b29f8ee33958a0c2d9c35c7ff08bfb0,1
fc01b3ce337e77bf34e12eb4a980a55f,1
d9028d62bcb275564a41d2ed89fc17c9,1
d49fc2e5a0d1d07ab91abbf81631a8ce,1
e8bb1f00f18a3fded243fd83330392db,2
97c420ebf83368d798a8a75a35da6b8a,1
560ed54add70763a46d497767b01e620,2
22abaf3dbec7907eb7611f6a94721323,2
3352060130be67cc5399cf1de95b67a8,1
fb3a615a4422b7a2c908078d6dfa3c0a,1
a9147ca8cc2cb55b90139aa501f93fd4,1
90bc6e514c1e517acc7524793f98f96b,4
51e7c78c146e2dc394a569649e4ab44b,1
6910dda6de9f9046337dca7332f78bc6,1
f51d4827fce0594260d41ab670ef8594,1
94f2a624c8047385bd1a7d18460bd229,1
5e4ca28938f6d43e14e35e21321201d6,1
3fc9596d5f96c1261ceb6db5f4796e75,1
715fdceebe470979f3162fa3481c0614,1
b92e95ff23980169bda60c47f682f834,1
09d919862218a496243296e841314d5e,1
3bbf75040f93f1645e1966e689b1ef7f,2
ced50bbd48df0de77c24d833fa7b49a7,1
c153458ad38b543ab006f9f1fc1c500a,3
3b51e9fdf225b3e8235a7744f0d64b7c,1
b6cd3fc5193ad4b78eefe690ad5e9c2f,1
e767c8159aec664ba321a67ee660c601,1
c12da847a1720d0a44b5080fc0c6dd3b,1
d4bba209107d16104d25212b8735f8b7,1
4e857aa90eaabffbf2b83bc23f573205,2
6e3a57f12df39e86201137a9f2a47c7d,1
0afd34e872a0a404e634a925ad7748d9,1
7db1f8d4245c64c2e99f5625c8c8c95e,1
b132ef1f49597bfaad9b4093af11edb6,2
ffb5d93fc505bc3583ca4cfb1744b1b1,2
4d90b93774a360b34c5ff0de32e83857,1
e9828f9bed439ef135c1cbf8deac46e5,1
e7fd330b087c952a3c24a505fbd7f489,1
4a38138748038a7ccc9fd6d618252840,1
470593b49d79102cea3e8604f5551685,3
9fa49161bcae82d9e69cc17f9e373a9a,1
9510836a270c15246afb4281a151c3ff,1
851ac7704fc2db43a5d2fad8bf993c98,1
8a09f008e0386b485e48fada83fa6e35,1
406ea71b6a53c834174fb3d697275332,1
bee257b6a42666794901937bceb6c791,1
520f82f1c16a4b4ad065f51c25c2343c,2
393e8954b79178fc98de7980c5ee7677,1
d934bda231bc52985aa3ff5320b0d544,1
93a0491395e950d64743e83cd9e554e2,1
9b90e6db50bf0d532b3bb31b5ee4cb33,2
7a39b1bf9c08503dd1fdd8071cb12c21,2
f2ea06ffcf13ad7334d7aa37a5191fbe,1
cb20367516b8dd9a9e1323c5cfa3cc1d,1
b1ebc7be58ad45b3caa373102774234c,1
6a2daa4a09ef84492defc3ebd8457236,1
d7b8b2738a31b1d42dbf7e2015feeb6b,2
1b6e1bfed4d3bf40cc5b50e61f3fde94,1
651db6613fe81f9edc856c754c25dd36,1
15321e823a6ca135e8e4aba70bb5b269,2
f7c11d07f9adcd5047a39c693dece05a,2
576bdb3e9ce0925c174af84cbfc9e5b0,1
e65aa5927fa59e8cbe4af54955d7c1fb,3
c33d4c7ae149ce0ffd28ebb2eb292786,2
80372b8d396bc42dddfa2a2c2e78a665,1
5897712b8366973634fe0d8638978d23,1
ee0114fde837591835769cbd326bd97d,1
4bfc51dc7d2d1e297a2f49913c904a0a,1
188c0f90ca7870a9e6c362b19dc11f31,2
750f62e39012893a4e083636ef97ed4e,1
4b3639ea28398bf617bd52a95d899a77,2
a8ca132c8cd4f38ea76179d4ea6d6bd6,1
db2110343356b38ac31459a2e9b8b97a,1
354e1aaa7338919fabb6d9fdbcfc721e,1
34587b2cc5a9d23140eaf0cd7ad7771d,2
1e4c2f7bd1463cba5ac675c5316edcdc,1
b0f72060df7c94e71cb9682b71ce071a,1
1536445b897d68115ff237aca47eaf5c,1
85fbe43c27aec7d2c607b44ddc9e8e2f,2
53c40a22bdb0be6a9512cfcfd110f1e0,1
ba53936c6cfcf8cfea388f253c68629c,1
5717472a78a04b92f6af2cd53b7c5b06,1
8bb2854dcd51bee2749f5013b2edd16a,2
3e4c3cb4d5a7d2a4b1068df1cb32ecf0,3
c3541d8d1aeb8225b314817129479f00,1
d89fbbc53cd70089ceb4de132abf5e73,1
2cf7438dbd2861fa0b4bfdcc199859ce,1
0e605fe27093bce3b88b0fb6babfc988,2
c3b0143e67ecdc1aa947b645486eb98f,1
801d647aa19188a42c60c6e75e5d4d19,2
f224f5ff6145a9058bdbac56c73f197b,1
f7521a585a418827b1e77c02d0459911,2
ca20387b9ec3a84ced54497b707d4efa,1
f3f9544846e111a6a24fc3a6dfaf32ee,1
8a8c2c90072f1f73cfe520ac1ab36478,1
0e6594eeffd917e92dc315bedcb5a5a3,2
d873a1336b248ab984699a21f23ea6f8,1
385dbcfcdb300b91359a40abea33fbca,1
5f02a12a4af3f008cad732933273709f,2
02c9f7485b4ab4ff3b110cb2a1f1ea38,1
d55ef5877b61a67dfcdaac8946e73172,1
3b5a364f59845bd1cc1dfd2d08cc3b14,1
377b1b3c78e86375433a377d278a6db8,1
d380879f5e04d4177adf10e5253cc413,2
788431c97247cd901aa1e50fc8831ed1,1
c6c6b30cf40b55e4f1285ae4b87fc570,1
9b8aefab82322dcab62fec6695ee5678,2
e20db4cfd078115c008c0841a32a3ea5,1
7f06e272d5a5f8c40d010c333b668870,1
bd574aeb5e0d63645f7222beaeaff15d,3
465106a5560c9442ddadb6444f75aed5,1
5784b642fc9b834c957fd9ce0a8fd481,2
04d160171f67d39f2874d3bd8fa13602,1
71f677d703b2777a338b9b4b061dd570,1
6cdad3879111b93cb8eb66bcdb4935df,1
bd5b55e638db6db3357565f00fbb62ca,3
f13b8dc0c15fed854eae92017a82e20b,1
daf69aa39c3da7a4d57d4c38e157d79d,1
d5f23765f8826adb92791df33ab9b27c,1
09feebaacd943eb523e70d62b8dcd9a8,2
f3cba990e4ff09188e16c88e8eb561ff,1
6825dd4cc79a7e8013ede508f5dddbe7,1
738724d47d64db88609358d603b2e858,2
4b7c3db25f3719a34ba660a2417d3c70,1
00e0b18f6c3d3b902e4e8a6fbce741e4,2
90eb352a42c68e839ffc74af50c446c6,1
4a1bb6f0e97fe13c290b322c7a61db47,1
3a7dd30d4fa46ff700f16b62a9ba877c,1
d11910554273fb3139dd62746373cc79,1
f8ddce7880a1823dcaa2f265f713ee12,2
331747fc7182227d962e05012ccc9a6a,1
17f8fe619a620cf1fc520a7898f894dd,5
8838e66300194bd909fe68dde8a52821,2
44549983f2e1ea61b87b1b20b687b6cf,2
804bacb69128644ddd18116b41b2afd1,1
b72c50412509af86b7607f1019640d35,1
78e1755c46eefe5735b9518cbe2fb3af,1
423a7c61fec65661bb506603e00fb896,2
5016dd793e4e58e4c6c44114e9294b18,1
15a00163cd9583a0613329d22b2184c7,1
2b2b9e79177226d832ac1d5eaa479e85,1
5a3a8a58cd49d4fb71d93aebe2516c03,1
c747457345f6ddb05cbf79f6ab30a6e0,1
cab046f125aa89b6d667d96e3e2c9df0,1
4de0993dc7dda9b19ea73027fc460fdb,1
5b33c8b3ccab4a8e9d81356e214d6078,3
bc124b275f1de555c27f3859126c1f59,1
85f1b5d2551a9e540f1cd26d5ccb6b6f,1
2edc41bca22ad21d61c8e55a9a656bda,2
f645e3839d0c21d046afa3f987d8b22b,2
2f5721506f897c382a47058e0af2357c,1
8c7cf92662468589126ac39414db2544,1
069919367e32cc500d75398d603a0a69,2
44e958284354f24e4df51741c05a910d,1
f4628ed47abf3146d2cb1444365cc4f8,2
4ac37097e4cbb7349f8bdc8bffb428e0,1
bbf97889d21a014e2a7c907de1dff168,1
7e023e4c3d5fc12a715404f2a4c44ff5,4
87da787a18722d4927855482e2e6de98,1
4e9b82bf2c01646f4b8b12e8c2d841a4,3
bf65fdcd1a071454bf0fd85686c23837,1
f855a2b52e16703926c1b4ac75a32574,1
0a53464593cc7042618e7a5a31c56336,1
4c1f90cb9c929c75588fc863f1798168,1
c82eb9077de91fea4dd0d36ff42597c2,1
467619b526c1bae39ed6de6b13ed8584,3
a0740bca8b67e5c82cfc5d6a9c04e4bf,1
f32785233635d9c336405e9db5b90b47,1
93a6f1440ce1e06206f50df3b71de497,3
5d47ac9ce1436cabe9b0c13dd2c425e6,3
c9c02eafdace4290c7cff7a15855ea29,1
39bc0a53cf210984d7903f1531f7b004,1
bc8611338716fdd52882afb6bbb182e8,2
6ded2f96ceb3db7b8240c86eb69eb076,1
3d4bc1c20c6b2aeaf558770edaacb784,2
4610dc7c60c53c05eba12a9496d4d4f5,1
f7b74637825ee1fbff0c335d0017aa47,1
d4ad1f717e7f10dcbc955c38ed6b5346,1
221378647ebcf31dbfa55af8f2e0420b,1
35cac1b8f49a3953e572910e20988bac,2
033340c7a799d83837bac3484d956e2c,1
d843baddea39d2aae7e960a373c2de46,1
6b20d7a24f4bc59e7f41c99549b07dfb,2
f7f5c035573b78a058cf2b294e3e6044,1
8cb84b681bddf1186473f64520f8ca3e,1
8439b4871bb33c7ff653fe79ee6e9273,1
0d5dd726f71a972548a7e9b3eb132de3,1
3b62be9b6c039c8d290445943a3fdbd4,1
ed150cd0c4d193f0aa084f3435bd384e,1
5664d6a94ffe5505479fdea5b5b74fc7,2
184f196408a965943e0e2057edec5783,1
c3f3fd9ff958fa0d49e558445e276664,1
258c46096397e0ab85b36a9b4f1c65dd,1
1828180821ebc94b567cf3a15eeecbcb,1
84e2cb56dedafb8f5d26abc505fa732c,1
5e6a2ef9af4ef062769431c85c875271,1
fee1621f10c55f918b8031571bb88521,2
1f1dbb02ac621fd9bee011ca7680a242,1
0899c93a78fed5619e9184b5652c4f99,1
1a36b9e4205ea361cf2b88fb30cadc92,1
e879adee60ea2cb22804a383eb7cef3c,1
05cf789c657acaf7e0811738b731d158,1
d54760697aa6492598d66fa9d5f14cd5,1
f080a57e542ee955439c0c31f70b9f31,1
499048a07f3324598a9d46f4a15087f5,1
2d2f387fc78e6e9e0d281b52ddec008e,1
4cc5b63d521d461fdd2d7518ee6a8fe5,2
6d5dfe8e8080957ca21d8cc07f9e5a5e,2
6bccd3bc3db34beccaa534c21184dc1c,1
5fd9d2046f93b09c0710cf618bc62db8,1
fef6b42819db4fea2f02363a6b3dc2e5,3
4263e148d5292b32d23c2d4c5d237c5d,1
a66b9690945aa744b2c641fb3ee3a9af,1
983bea6a20a10b3c880f737f73fd97ba,1
f7d2e160ba17e702a7a433410c9372eb,1
3019a9d5e6fe724a4e499c2e7f182d8e,1
4155bdc304c6512bd64acec6f49d1238,1
89135991eb923c7153e9cf79f82cc78a,1
1024e9bd62147016cf137e635ed488b0,1
eb1dfdf1eb6abffa7520fa5944f50bd3,1
fcc9bab3e24ea08d704271c6b2355fc5,1
834a2d35fa9bc98af6e4af7c98ab692c,1
2841091d78113ed88bd9282af918df31,1
b682bcf88a7721cecc8cf92687abf8fe,1
d3e331380970604cfc047c6e2138cdbc,1
4f1fd26bef588d6d9f97eaaf4d812324,1
6155959bf6f7f802ae950150a9c66dfc,2
f7932c07bf4083ed282dc9ff0e29a02d,1
e9439c38f5069577a4bc00d2e24a5f64,2
4ca9f2c13f4370fac0a80fab81513047,1
a033e653054488f6c606df0734e9771f,1
a69a75723bce70dd2125f0a6b22f88cf,3
6903143b979fdbb189d7337e004846e9,1
adc97b0b17449f47f2e8153dd87906f1,1
9c309d688c6e54134b534d4036643524,1
76b5eaf91833ee73fc82362ab167e11d,1
0699ce5fffb481730d9fbb17b21e2708,3
3613976a64ee3ca82f9d200ff55fd393,1
12f36e0dc308dc0ed179cf2b606eab97,1
7d052b5d138ac2effb1053cfe5b70323,1
ea733d06fd7cfe903c7c81d44536fefb,1
0609a307c8fa1baf7a930241e86cf534,1
95416a8613a10cc48df4ad6762b02d44,1
cbd9025525841501e1b6859963dc3e39,1
3e781144045d94ffd343c56ab2b0f299,2
cf801903c8d5fa7318beaa067845252e,1
75c8e98aeecaec992446295f2cb73ac5,1
a3f5a312bcb6fb759ea14d9934557839,1
718e30e833b85ef12b98be2d5ddc43b1,2
6e4c33cde94799cff3c682e888d2094e,1
ecc3e8c9757acc02ea5fe40bbc7061e1,1
597ffd7abf9c3bf2864c2a6c9a290cad,1
d292a48631b0b2a93999483f3ce85054,2
51fa2897676c8c0c8bd964f2e64daf59,3
9d1e6e575e03e16e83e8dc72100ba397,1
91163eab2e2c0c726d6bf590e0585f82,1
7e8930dbf2c8346e01cad3c4bf47b588,2
74c5cd4c2c8f9e7650b5c10ea2f4c220,2
be587ce27990a01c06316a3c77ef9726,1
ff3a924e03dbdab48eb8f2bd6b2dee52,1
6ab5f6957e5f4634c450f1f7222ab333,1
6869d554fe098139232e699dcc577780,1
d973b336e5912f22f03a18d8f6a74e34,1
8886b6a7b15fdb725463731af3b9f732,2
1353541fa640fee880fd95cb9a208284,2
5890c3dd5c907e02d56d62fd46edbf13,1
17e78e32f033f1a99b0857f6bda4a9a2,3
f924932db6a2c5a25f51dc8837dd1b7a,1
6a7e3e475d69a5fca8879fbaf719f947,1
c7b83e76e62bdd64677d522f50184a5b,3
046599d20f4a411bb5b9e5333282fe26,1
29b14f9ef8d16ac0e6a86d5d6a41ae48,1
0f34761b888b2f929ea6926a2786066a,1
334194192179c2625c785bfc32494e9f,2
350c52baa58d17c7bae03061eaddbe39,2
10046972249875a390fb360166f611ed,1
179a23f1e4ec71a30ecb343bdb2ff19b,1
8b73f2f41b841fd6ab718ed8a60fa877,3
29607c84ef255167d5fe2724342c0709,1
4f917e19203db5f80e3719f995c82381,1
49d8eec08b4deb63b6092a7c780d15ab,2
7a2c31002f828b306ba9ebf9dc5db5f1,1
c8c46fb9e81319adf1ef235b8cdd6cba,2
4510041927ec9e13b2fae7a6981f911c,1
d1cba77655956a767252edcdda443a7c,1
f831406c44ee4cc53677550baaee58bd,1
d38bde508e5c311c0c508f122b3ea754,1
6bc57ff4463529eae307423501186956,1
3850bc1154ba8a71102b5e6ebe58cb1d,1
dafb8274bccd2cb4f751dc8de8daa16c,1
ad254ac061ff74da88682b1378be281f,2
0a76d142d2bc6e13357a0466ca342399,1
c3ee978530d3567c661abf43ea114245,1
786e234d4c72112a2ecc4f8fd0b3015d,1
ae0f9a81495f864fb54a9cc16d975d34,1
8a4985871616db2945b9b4f58217dc45,1
16c8ca3d069158f83290f1ffdf2aab49,1
0214343cf357912946ca37435e605ffb,1
363ae61d959d2f4e5587d4c7ea9e0369,1
d6c8884e8d15db0236b067cdb18cc8ce,1
1c067a828a9543b2af4aacc9629161e5,1
1984d01ac2ea37753c76a02f3d554a27,2
c35e1f943f5303242acc18297fb9a0a2,1
cc41acc3ca83aaaa120b9bf6f2481a09,1
c0049f7d27185730bb3950826c2e6a33,1
839015d58ff0000683f1462d263aecf3,1
3d55783b0a870031e5ef074b79bfd183,1
0a393df776d4a80ac376fa1596aa16ee,1
283dbcc5b0b6786878c9beebbf05e0dc,1
ba3cdf168d3e26c3b483c324437741e6,1
90796e305728a95890fc7a339d789195,1
b1ae11c99cb62c1325584218aa00acc9,1
250c41df138ba0698c104f116aa56039,2
85c275bc05aa0daeccb9fe20cc7ea3f4,1
ba83c25d9b7446bd0e4c5c7e6dc2d8a7,1
fdc01fa12e11b755924033f44bdaf65f,1
d3832e51f358a1b13aa2a19efc365037,1
5e781f17c00ca5bf8f40ce6501838ce9,1
769f9362261130090ac14a1fe46068e8,2
15f98024df631aaeca13e4e50b0cddd6,2
66828d9a7d1b6e37981a03dee2a6921c,1
81f9a70445810a04fe18a37b9c6babbb,1
4959bdded7a535e84ab89335946ba074,1
6de00d93942ad4431d8347d830d15b17,2
3e187776f66e8172ffc79d985f792ddc,2
ad976bb78645867b6833b32e8611eb91,2
6420339693a4b36f82e9c1cff35f0202,1
6c6ee76b658eca3180c6c089ffbbbc87,1
be44fe1a46609371adc7dd83d3584a41,3
5cf0232d540ed48097e741b594954b65,1
ee2429327f1b18fdfce0ab29084f270c,2
e489185af626c6fde04bab29063cc277,1
a3d4fd795872f1d30dff1a962bd42fd9,1
1fa82e637cd225be6f4164725edd91e6,1
c5d417b374b75d68991fdc1a53323b52,1
c4ebee1c4885a07f2f0c789d35d22340,5
4d20e78872bce7e5be7e56084dfe085e,4
2dc0819b72a4b3ed2bde765f75ddb332,1
8ebea4af27917fbc300f56ec6f0e053c,2
f05ad395e5edfc8c0b88035cf41aa406,1
068dc1113d371b5e58281ebd0b5cba3e,2
39c1dd3d926efe3c1c1a1d770f32e7de,1
e78f2b238294ac8d45c28000dc64858c,3
194c891b1c9593ef9e2dcee13347dece,2
91295634f13744cd3f24bf091e0ffba4,1
88b1dac3d2bb6bb78042ed29fe3169e2,1
47d405a17b1dfccfc7e7619aec58c85b,1
b80dc514cba1a6e15835d1a5b4383570,3
68fdc19ab58bea69f66c7e272b49c0a7,1
adeca64a90078a8427ac1d29ffbacca1,1
70e8a6fc72553905504408a158d6bfd9,1
7efe07b2d96b1faf1c2b15bfc09c8af6,1
bc6fc1bd9f249dcfc7c782ca39aea3b4,2
d55ffd11ea2cd71b92ff88bae29ad6b4,1
94e052875290afb9e35d255a49155218,1
ead2ad17c8a57e9a7e760cb70c5858ef,1
817a770e3dfd466594ab1a962d9e7886,1
5528c6aff47c19b1d0e532dbb69a457a,2
e9038e9b95c10b1a399f57809813f21e,1
26c8cdc6dceb2d86dab12b5c6a7eb18c,2
ab7d23b6dbed28416c0ea7ac2b0e5725,2
f59171f5209f4155bb32d67bb29f6061,1
3d2ebbee9c903384320a3a6503390c78,1
39b6b7e57833f200f051ba1960caa2fb,1
af11da396f2b4710fb6349ffe4651e74,2
8d47b5694355879c03e26b8d4bd61eb8,2
38c56826e9b0368a87edc8029cc27ed1,1
13feadb95146efbba4977db63426dfb4,1
8cb0a8d5db05cca2a6668098d3ed0205,1
41fd27490f151d1ca9f5f8384eba298d,2
f1293744e52db821b7a4ae39eb2c07ce,1
75d66bf08e548ffec263488b2b124c90,1
0d7ededcfee20177f8b3e949d4a47f6d,1
92e86ed34f3f8493a9ff5477c4173b5b,1
bac03f590c49532bd79d4a0e22900a7e,1
169ddc66d400cdb5cd9d447f027b0818,1
e811bcbdf42d7c367e0f262afabd6346,1
4ad6152249fc1e000b10da0e06eef9f7,1
b5dfe6fedf6d2a92aef93c12f177fcf9,1
6fca546cc7aaab33a90f289419d89bb2,1
2022aebcf1519692596ca550addf5709,1
040a87828dcc792dd9952762e8a87c14,1
4e73c4f67a869d790e22962f6b90bc8c,1
29f4d63fbb8693af45d7a8e14aa9f2a9,2
922826bbafcb42491924690912bb8438,2
02a22d3826da7324227821a1cfac982d,1
6e676c22534420c58fe2f915c4088059,1
2ba773fae318e08371324e44b0a8e153,1
82db4fd0bea8029a08258baf5e7672ab,1
f87022141dfb96a6d7deedb30e96de7c,1
c799e82a87ee2fcb744a42114ae05e8e,1
e6882873275e6ca13c9c1e762255767d,1
9d05077cbd6008cb7acfe5d7465393dd,1
31861f99d56d8f9fafb019e71f250a90,1
67374c2ab9ee89a213b0ebd290e5f93e,3
0128662ae52b66587d2e80511bfd88ee,1
f693868334018ddea387a4f54fbcf367,2
f4aec6f35a7ff052c094f4fc249023d9,1
60880bdcfc4e9177b3e9987c2c18d65d,1
d2d34ed3d4c935b52d5171d4cf01c31c,1
af3838cf10285e4d6603397dbfe4a005,1
c5d4639f83e7267fc448595ee42c1fa6,1
80c5a51ad5ca70b8f3790529dc30243d,1
43a28db18a5f4978360de6e4c0f8d9af,1
95505df7ee2b25462b44f31c276143eb,1
0e48a466d7f294ffe93c049cdcfec533,1
1fc9c5263bb66b8aba7c27a6f0d36f1f,2
243cf61558c56b00c306252e8b0df750,2
7be92f474b669f386baffee4da087d3e,1
80479b72959be7da11cfb02807b0b298,2
d56c354efb95ce3a778d087278608239,1
6a0c2fca2390b5b4da47968dbd3fd6b0,2
15c8b8648badde5483b97023d9560fec,1
9b9a282d63a8dc40454e462dd075b0c1,1
31bb9d99e204b4e46fdc6fce919a0543,1
51c2ba42353da17c11958fa7d7daf95f,3
3f2995282a13fd9fff92d18615c5af36,1
94141b4a719948bf34e4ef3fbb2d0ee0,2
150b508525e4e25e96375c6842d411a3,1
3187ce5e544d3d973f2098ad4af62bb3,3
576649e8c48e34a9d004137d4110b184,1
d7ce9f77548d6d2b4df9fe0d7f66ba03,2
263f752131f2e9cff787e47da03e6d67,1
d29c91ba42775f42c776be3cb9e0eaef,2
cd90f43c034a5d46f1d73e57049ff050,1
a1b189d2aaf1517328f19f4b189b337c,1
556c57cb350e4cb821fee21e4ea4259e,1
b5f0315fdaa184ea61b0e9c3873c02c7,1
0e950ea73f02a2ea339ab4d20548ac83,1
344061cb0306ca784b75f806a880aaf7,1
5b51acc968791cf69347b4e34bfe1fb8,3
f28e616273bb2194a25bf14cd2656ebf,2
fb93d3f5de55d4d60d9a297b43a675e2,1
4df049ea685e995abf0ddde8ee5c8560,1
4f9cb1e95875c73bd988bb66c315da89,2
48406e661b9dc0db888703c394ecf0cf,1
370496b80e21a227ad24653cd56a00f8,1
05e8a03294c2b64909483d62551d6f1d,1
3dcb060840cf06fee71ab454cbc815f2,2
7e0c320b016744214209e195b120251a,1
a06b073d6929429f57bba38a03b9a2be,1
5b898f9322852578d632a7fe752c8d42,1
d87243f3fee66dfdfee214048d1c14ee,2
b9cbcac3b1799aea895fdb3da9255d5d,1
a1ef7137171310ebc3839f0cdf901480,1
d91aaf279d0e1e7707ca8d8369e02742,1
9b78546efe07da7b051241f46be77427,1
b072caac2f16ae9e1361b9dc7cee18b5,1
e3457d0c42a56f01e69b1ec7640bb939,2
4fcabb9aa2bedeceb352f280a209830d,1
9ea5b4eb0196587eefea398ab04373a7,2
ab32b7d9f6720fae1586b91244fcfa56,1
c8f86e95e9d8945caf8bed478c961b31,1
12f894a7dd7de6d52f87fe25ca09a6cc,2
136547d031b83b0bdbbc52096ee96ad1,1
7e85f243c52fd6efae32132cdc6e8a13,1
81658ca712dad3650d7634c1ce786fc5,1
9e1d204326241ccf33dbcaae51e02dac,1
fee746eb59d98ebf9a977e6f43f9b008,1
5f847020026f8ee3555b369216619028,1
fd112b6ce181d7c40b1df6873f42d339,2
81d899e819576d8ff03fe369b90ebf06,1
61b6995a727039203be5cee87be80075,1
e7d893f2dec04a68b792112568a1189c,2
bbd22e3e59d3ab7854e1e3c179de52ab,1
f9751598465733df50ddf2a147fe2531,1
6b503726f2c80ba0f91f0bf4cd902b39,1
e2005fbb2451ee49b315f11079d324b3,1
41bd84224aba86bf16210b34b6e94544,1
68eba8023705462dfd5762ce753b8f05,1
f94b3777de5457ede82b73573166329a,2
e5e29c11a3cf72b7f7d1376afeb9393b,2
13f1cd1984124b23403d9d4979c1b7d7,2
c5e8633d2f892738ad9201b34b26284a,1
d45cc34b908bd971f0554eb6e0049e9c,4
104753bbefadab04051a35c0af9f28c4,1
dbdf6a876b44bb50c50b68509bfc8dc5,2
23c0ca18375811cd8146f9a5494d5237,4
d87fc1a8d8062bcce3222b1b5f1790fe,1
ee6f6b957e2b589fd1b1d2dd5941c9e1,2
11b64d0a7d6b58f64d652c2254fcee88,2
d7d442471b7ed09d1fe2216c685e1298,1
f2a4cc514b509df6e4332beb34ae2125,1
871c4c1d2792e913b0f46fcb4b3ce082,2
90f40be0d711693846c0835fcc6946c3,2
6fdacbec22c7e624eb09fa6053e5f1ca,2
7046ec471b7615325c4d881e8cc5d004,1
26f62b28ecb1e863da81b3d894501d67,1
24c03efe425b36532fd0a7f68aef96e7,3
9b0326071c448e56cf19254b8a3ccfc3,1
c8ac5d40add1a867b7da376c14e6ae6a,2
16ae237da2affa6cf9919151d1cd4124,2
57639734fa6394134ef85033b29c9328,2
ed9d864d50d34e9f04a7b4d2d10b5cf6,2
8c63ea8afb08e3744f4daa92c7ffdc63,1
713956aeaa95ca41ef67eda246d75539,1
77e941504acc02e698cc0833d99c61a6,1
bf7be5efbe1b6ba251131a6108854000,1
a29752ebdb7d908ddd4822b14919e0ad,1
851295d80605ab694d5dc6517805db9e,1
67acbf7ae6fce098054176bfbb15f4d1,2
2582c084cf237fa631660d287df59d72,2
003aefbba2bfa7e6ebaa2492e5e19417,3
1e1652f36dbfa7199740c87f78ecdf5f,1
5e66f98815f0494b8ffc9f5e161e9047,1
2bf6745e263fe4e96129745a446f98e1,1
779548dd8a28c3c3a90b9f8ab4ef405a,2
429027f30fabfdb8c0edcb410459d87c,1
90dc65fa8d3dca93cb57c32f0319cb3f,1
eabac41c28131fe418a9798d128d97c2,4
7ce59b0982130778894c26e89b1b977c,1
0dc61afd61f141308407d9960fdf43a9,1
5c16756c80c16c597b406e55783c249c,1
62c4b73a6c0bd9e31e6f7a0ace2aef47,2
17904b620ecedc239e605002a50af3ec,1
09fa38ee9f48abafa7aeda2dcf1c3316,1
f7e99507fd1bb8973e318a5a9a7ec793,1
235c8fbd9af0b3a4fab51d7d935b52bf,1
845a90c22e303a551dd02d1bc2bfd4d8,1
cbb892e983c147cbedd2226743edb0ae,1
709389092372c30e5354c419a2b10dc3,1
95d3783b0d1817d61bd64640a1f1b7a9,2
1c85b138655ff94b3eeec44e8e152b84,1
65e82df23374a630ccef5406b86e01e2,1
0990794206222c0b8fdd1128be94d71c,1
1d35f16b7b328f95c0acc338a910fb86,2
2c00c141ad25d9fe1d878e61d15ac9d6,1
9f26857cf76d02978acc77c0fd4bfeab,1
c6006baff74787d782c07ee3890219a1,1
326bbbf06c235aa1babceaa76694cb5a,1
e49f2143f7308b202d4645542e41fbd4,1
89999c5b42972b2d237fb88c6af21635,1
7d3f48d7029072c8552a05e5be8c5529,1
ed4150775a6313a96cc1a8cbe265b9d8,1
9e92886e14bad0e9f5e459c8937faac3,2
4cb08ae1424b2bafe36ad0f716549b62,1
d0b99acb0b1c9054203b40e378157e41,1
3bed1802277c3e3f4867bdbace7ed318,1
e9241b413df2a5cfb47e8282aa8bc827,1
c20a4fb7ef877ea6a07b3e4fb7b56891,2
8c4d97e883b2b630f5d1b835bb0754f7,1
bc70a8a5aef3684657dbe7a1b5f0ff1b,1
3e32366b3f3a48c595d9ff53aeb3a29c,1
16f16929d0923662681edf7230289ac3,1
237fbd39e63e88b8b30f5d5e8b140e6e,3
4c1167c30e2de2447b10506627cedca4,1
fcb7e5de80d021ea09d0673097b74a41,1
9adb82cacc28241a9048b8b75a159162,1
a49a9506c16e9d8321fa38511a8b0837,1
a872c405f65ed6a23ac833a11961c38d,1
239326aca862162a63495e9d2ec45653,1
dd5e6252f52c04d9486c6732b086930d,2
1d217401a5df60b0dece9b9ff7a27d5e,2
82f90b576e482a20353d5c5b2768c1e5,1
ef7a71caace758a54c44dc36b632f2a3,1
599c8bd723806ab7c040fceebb6745d7,1
2a71b45d8b18f5c1e2a8ab9c12c525ec,1
14d511c52c3ed0127d47990e3364fb83,1
61c695146ecd4cbf5d401cdbd4c9230e,1
63d1851c16e9f79670750c9c56b6112f,1
fcf77ad96da525f9a1f8dd637c77baef,1
cad334733e878dea01faa9acf9a1f2ea,1
5ce00a8b9904b0bda94187ccf32b01c9,1
662af3e410712e356621f74b49c83d64,1
da5877c43d85b4d74209d280c230ac7d,2
d99451a802916e6ec98d35071364d8a9,1
cebb90577438051945d0843f9c9bfb53,1
6b1dc4f8d9ff9254d4c776033063f7a6,2
b24efbc4fe33b20973f00718848bff09,1
b2303b0dc7eb61381d51f1267336c2ce,2
41c63e7f3b2bd46ee3989ec863b28f6b,1
c21229cd4e81079455336254218e19bd,1
a90719694a864c494eb54020bacd70da,1
7d108d61bfe40936aaa01f09ecd0b115,1
10db6248f3709dde2ebca58c92f8d804,1
8e1de0098ab7a5847389fe31e4c2e334,1
2d351abe4acf776df62215084e3a3c99,1
66fddc59ec569e4103775bc0c536e315,2
bdb64f0d37877fadd579a0f62c19ca08,1
46390252334ce8941685515139bda5bb,1
82df88fc6c9e8dd01ae924d1c9d9c028,2
610feab31e7eb7ac3e16f108d1d48a22,1
5d4a4942b3edf1cea5898c16d6545456,2
b76b7e36f64a64825bbb57c25c4e5ed1,2
133c5133162baeb947c47079521eb797,2
b5126b29d33a516df21ef317cb7c5f1d,1
94d1ecdd99a12d7b5bdd869f96eee412,1
c74eefc8619b371bd3537b5b09701d29,1
ce817cb2f3130c2f07b05f9a88d3e6b8,1
958f665a804e6f23370f7d92f612796a,1
970b8ed59862825ed4ee72f7e407d6ee,1
0a3fdbc517c96e00086fa49690dd587a,1
1c01064ecbf8f9aad3a7215f7c73f7b1,1
1a36380cac39e5428992d45500e4f4dc,1
9f471a567634d5c22c876320db2bd3f4,1
f2f1ef0512797cf14e25fd7afcd6a7b2,1
50b2222eba29a0be8f58cc05ec0e91c8,1
8a352baca558da2b0258ae86d1655c6b,1
dc2ccc65f37bbe225e07c9c648a7b532,1
18f0b72b397ff2a1ac88aca5b9f34948,1
c94d6b878d7c39c1ced5307b3f644214,1
f9db1108567c2a28972be992410b3ed5,1
a55e4d371f362c84f755c592f50637e2,2
90d2371342a5d1280212ceedd36f0271,1
b783cfeef51b20786244266aad5446a6,1
83dafd6ef867986aa13bba8d756b9cfc,1
d68d3b22034d8b0a0d16b37eafc0885d,1
8f089a1d6268bbf02f1bb7170cbe817c,1
4306783752178e1b31946732d4e63a4d,1
cd4f9334939498921b4e50be7934da36,1
bef32248a64564cd715e619da839447c,2
391a514bd218d79d8895f0db07dd334c,2
d3990fd7ff3feb48a5eb05acd5135aa2,1
3c75d4df9a9f7c7b7672fe98121902f2,1
39a668f89cdaf0f727a68c7d72665947,1
45d738193dc63ad04985217a6e04945f,1
6cba731650d057fa7b2970ab05dad761,3
621cc4df7b5d42418f92472f855971e7,1
1a79538180fadc49dc27e1f3c6a8eb22,1
400649d66684edf380d5eefd38fd4f02,1
276da459b7c3576547d89de60e9c3c63,1
2b137577e0a54446dc19dbd08acfa239,1
7f1ef1f172b2280c3c236207761ccefd,1
ff861bbcb1da250641f8ca1b6ec88c07,1
58826890f63b7f9806b73e972f14a62e,2
7ee86e60f25c6c65479af9f35dc3f29a,2
be341e482ca97a452ac3e7b52a532f27,4
8c4c9619d34b2e7bc318a0d576fbfa39,1
0ebab4e568ad5df95190d03c65a7ff61,1
89f67e09ac05f111f80fdaccbf300ee0,2
1d95befe01d0c900efa533118e8453b0,1
cf0db2561af430af10ae23885ec44cd7,1
1ed53ecc20721c42f21803e947cde812,1
bebd37b56370be0f79ca8b67fa6c924a,1
3faa63906fcc49f9970707d4b658691f,1
97a3420304f692ef7cac07b4060de36c,1
29b79d9df8b4f2000117b852eeb56ed1,1
d1a2077a40be3e979503d8b182865232,1
9e7be4caacf72440ecde5d3ae1915bfe,1
3533e003d9ad081ef55d09550faf7df7,1
03c59400d1379a17d99941d904457a69,1
4a6e36594b19179b113d7a87e3b934d9,1
c7e7a659aeb4bbd4d5170d81aa4f646c,1
c795163e68978fa634666b8a0f522bf8,1
5b6e65d51cd76054a8b1cb2ab74c29f4,1
6b95d773a64107fd7c043b4ef11ca430,1
0950131776cec695a01b8fbdade0198b,1
50b659232ede3483d5335485fdfc3aba,1
6f55a6085115470f2698de5768d76243,1
e6430cf2d42e4d0a90bb84a0f73eb611,1
da66717c11b1c25eed963dc5d13145b6,1
1db127bb629f765b1739b925aa853525,1
a22af98984668a1e80406bf1938e04c8,2
3f7bc2ad01030d3de1acf3f971266bcc,2
24edadbd6bdb38ce63d11566e3c94db8,1
caad64f1589ab751d206f91c9c96af01,1
90816a8b3859a78ddc88719325419421,3
1ce484497f9561ee26b8658defbd7108,1
366f55ac6630920a85070c05f3d44342,1
d8b2d87f9d1435dd8991261117821cfb,3
7474253da06d8e288edca7b3c11c990a,2
cf8e89cac06c9ea34e6bce57ffa675d2,3
84c62202ebabfc321fa24fd4dbef23b8,2
68f2eb06fe0d2b94bf162efd55deea6b,1
54023bf401ff39cb898e7a1e3b036e77,1
07ad6598691f084469516cef512d5798,1
0c240526f320468907fed94b8f464457,1
d6bc1fd3f2953bd29d4f7714d57ea3b3,3
3e4671381c9d5e28b314fe7f6a87d74b,1
ad29528095fab61a1fae8aba1742fc60,1
9b751850f8bf00df0e11bd753c9c2db7,1
6c3c958267602644b7de886596a3f968,1
a1e07309bcc5c5a9a833184299f7ed3d,3
d0b6f1e5d4b780b0c910f1af09d4ff2e,1
fda774702edbd8b449785395cc6f2225,1
e8fa2413b7912cc4ad01d743d6554161,1
0384049559e523014649ceaa24512458,1
9364d77eeb7302cc2a7ab7392b83d54e,1
109f0e640b243d1ad8985d46a5651f52,1
f6c9d5261d58716420eab09f04e4d5ee,4
c7f7b8fa04114ca495d8b6d9aea2ffc6,1
44ee5a890778a3600cc451545aeb24cc,1
be066b3be8bc4b9655b78fd2b2c6151e,1
40bd91ea37fdd765e577f6f5ce79ab75,1
269395e2788f32cf59bae8399188210d,1
7e7e9e1ff970c52f5bfad5c4bb529c2e,2
ec90d960403b0061a2039ab25f8021b5,2
637318535588260817c0b3322f526bf4,1
702024c49601b60117b89e4a22cfac7c,1
f55831935e3c06700a2da3a2d28d55df,1
9e4fac309abf221472eab5f717ba9f12,1
13b264f13b71b61a3bc75d9a35cf11d1,1
f418cacdf868bf68cbccca4d3ac2d954,2
819be6b0de7f63fbe0c54c0be9e65f79,1
7f6f35a1d8ca4b745be65e8187184541,1
9b4cfd8204d12d1ab2b75f7ebbac87d8,1
b68d915c665030a4475bef067e2e322c,1
c51eaad58b93111ca6827eaa569f1337,2
904ba2a8d5ff1d56ffe9e711f7e18e96,1
a440ca62e722b10e5c19c75f1f690cd4,1
03177158a6dbe36c28d963fb1a85babe,2
69d587a4292aa4fc8ff4ad8426ecbbe8,1
013f0b4b13c5ed3f91ffbc94f688f169,1
f9e0deb7f5f13ba42721d662570fdf76,1
bf754163d03db294338c600c8c74da09,1
2de5026eff685fa90f233c287890fdcb,1
b1f3b279352af855265fb1341a467f4c,1
3fdf1b3be97dd8652027eec4c2f9e392,2
7a6644746f25b43b59b298ee499cc956,1
420da8cf1ded839f532013485064cc0b,1
ff4ef565231aa3a3014e340b27a5f459,1
a9ed73c525891ffbc1b255b54bc86170,1
6d68cba96127888337b9916b955b513d,1
89d8b3c4a403940256bae9c92ef32dfa,1
edb2164ab50cc8f8d4594befed87d6ae,2
a945de6d64dab50d8c696f5f5dfaa5c3,1
749537af9f4d7e6f69bcc9b3bf109957,1
42967ce432026a41785d670be7c32db6,1
887ee65c58ad8ec6495e30918915f8ce,1
93c7c2a6ead713b94909f2a72a73f0cf,1
f905db33dc248367f04a6f44355c8fb4,3
e59b6f879c589d1de19cac803bda8dee,2
ba5f93d79e45ca57356dc80de38e3b9f,1
fc69e5c9d01a0cf84276384f6a4c26f1,2
1f1d961e4e877a9e5057f514df228ac7,2
cfef9a1ee68c4e9689f1b306f775d019,2
93d43aa1a2c34de91bec9af48342067e,2
fe6b0cad7dc28fe6f03b7ab5f03e881b,1
82e111eb6e4321da5b64558562cca356,3
c3876b417916ae1187d4c0c0a656b100,2
1e751be07ad8979b6c913335c7644b6e,1
a7c7ecf696934486c30826e52dccd9e6,2
45441492c2763d5a82fc888b60838636,1
aa7ac2c759a0a03e82e49dbd8c40ab04,1
d18be4304e4b0e6d0eddb71ece20edbe,1
5c559757a404fa9c519bdbf42eaa20ea,1
08ec41cf96cd264e16fda11ded75d65b,1
589dc66e795b03da92a83fb96896d84a,2
b6adc465bcabb3924060bfe36a4b0292,2
d7ef44a8f4225d138d1bdce32ff26f4e,1
a16dba2b79900d4b67ed3e5bc9102cf5,1
6ff5a61094d2b4349c76cc1273a7362e,1
b85327f8e85b984dae9ccf6e57cba556,3
49dfd77519288f7cbe905f039aaca149,1
f8f0ce2d9af150971b5210d4d8155069,1
039640ef488a0e095c77de61e949e669,2
a543d0e5b332b0051342e9e5959bfe3c,1
32f4dbc4e05da2f87762260781f51608,1
6acc890b29dbd3d7b1e714145b06b5ea,1
871da4f6aaca14902fe48503804228b4,1
1e6f63ba5b24db95f69a18209ff97e55,1
3123a128028b8a10c95e998da1215e63,2
0225358005a67e1ce634ed8ab6e9d11e,2
52e5ff93ce3e6d7e99abaaa30c23cbce,1
9c1be0f4f4dc13a5a55e5e20d79b5975,1
c4fbe3f7371caa7c51d2dc8fb6268415,2
db2a7dbe3f4cfcc2eb73a8b85a8e5376,1
2c1177efd3340eae4dda0b0d14eed5ed,1
df5a1b40dbb37e27ad295f899afe6804,1
ba1b579aef6bcfe0eb82d40f8bc5a4a4,1
3dde7df6db06b6feb2a1f028fd6b77cb,2
6c6b08a6a7cffbbc2c61469bc3877297,2
5311d834b3542b8030ffae4992cad65f,1
47dd59004d1aa83be79c7d444024dd23,1
92f4bd1cf8ca8403729362195a627044,1
ed75190249e95aa76938a6e83e1e7eac,1
215c474e5353a70a1e528ad9c21ed8b1,1
0a5063eedf355875e6bf70467c2ecebb,1
4d9c8ba6bf593a2732735a0a26edbd4d,1
0ea37eb0d1754f2b368405a58e423a6f,3
8484000eb5634b69b4ee92e2f8022ca2,1
f10ba2e651b8ce628db9fe2569376699,1
bafd8bc977840fd8fb016d90b8ebe40b,2
a1e3fc3d65171d07ec0574dfe465b9de,2
5f1ecec9b8d7709031b7ec244336d5e3,1
f71d9da19eff76af8040ad99cbeab292,1
4ba32ffd42f7b433a8772146c7a8b991,1
35c9853dbb611c741405a4d91d741ed0,2
90a2a42ca32437d5e903615afb5c5285,1
96583f927284d4d7d7f65f80019ff4b3,1
6bc128dddbfefa41d91ddb5c9b9fbd66,1
9cf95dd95fe2039504f15bb2712a1be9,1
f413bca1cef894909696b43139328230,2
bbb25b9386bdcfd1aca4611c29c75695,1
9d990ad8e89b7ffc4c51a5c66160f590,1
cdc90052d5dc843799f0f69ed0fd14e2,1
cc93af83012500dc2f645169e30039df,1
d9c174c0f08914e9bfeb78624c605cac,2
bfe8053039ad3913c3e92e8cf8b98a17,1
9a3bf9775fd009e0fc6719b8e3784e94,1
36a31f4592ff833556a6282a75ead909,2
976badb9117a378d4793a8089a0a1de6,2
0648e0450ffd87686f52917c533fec30,2
227de0b5939fe4282f7b2943c3359ea5,1
470dcfdf3de8dc0df907f1989b23cadd,1
2c3855298f0a577da8032e8512a463f9,9
caa2c534711f6d8c7e928526a84a992f,1
0159d100568ef8191360f42372aee3b0,1
8653844bddbd92e8e53315a783870338,1
ae11a57a55fc409f7c24a55f8057e244,2
0968c2ca6587601dde8ec350f3e7b18b,2
466a7f2848c81a25f29c3dd5f39a2335,1
bc5be3b6dd065cb69f5fd592d2b60e96,1
ca2b4d8395369dfacac8b5b70f4bf23a,1
2f5abd1dfce328190ee74a38f985ac1f,1
9a9c847faa712b0eb26721e28bb51fe8,1
108165cc073cee546bcb9267253bb813,1
951f02d898fecae58cd473a648ed20e6,1
1044bd911f17d271b2f3c817e902124b,1
ac83f35dd14607963d9f70dfdf2cec2b,2
1a8af11a83dc79604c8ae23040f9f495,1
35280162edbe0f24b7823ede0802271d,2
07f55c7de76b19b1ceb6997c3c3c98a4,1
e4485f224c8f0a7d82820f23e3b02d53,1
fd53d3698b496467ce09f8ffe692affb,1
3d48f16a79b47dc603ec141efe7a39da,1
fc29e02ca87c0379779339439047b6d7,1
6cc83aa822e973a7258fd39cdea294ad,2
be4194339766fa2cd197ef2a949f3ecc,1
d3bcd6fa8324185c1d7c42e309f958c1,1
461b861d228c030d6a75bb7c3824fb00,1
3e14bec94f5a405e86fd3992cab2c42b,1
54499d36a1684ee8e7684ec717b3f6e9,3
e6a4833905831a551b9a40ce93c707fb,1
119e2b3ccddad72c958a660aec78845d,1
934227aa0b009be75ff7303d7eed65f9,1
70a44b1d03d2cf00cbdc90649cec3379,2
d2187ce3865f32fff134995739a8e7b7,1
4bd8738dd49f2db125822b44038e29ae,1
36c06cb19e9a375ec1cb1e9678b159c3,1
7b6063b52e3e9f9d4520633beb49ce07,1
1935b1de419a0fb7d96035d7026a04ac,1
e84065f8379309d2ba31aaaf2979cc32,1
575bb01e7540591279ffaafa7b1d02f1,1
9dad53d91ef3c5500794771b52eed877,2
dddc9f3a49eab24f18b3f1be00de430c,1
18d91e43f42ca1fad409bc595cddcd51,1
ce0f0749f0bc09a93a7456fd6fe06fad,3
36a710a6c33775b4aa9857052375779b,4
a0e19259573c61dcb2d912697ad65061,1
9542c10fa2edf9711b0a64c80b171d7a,2
5d1ff7100b155429d888b387220c1895,2
79441f48e60d0b75675701c7997e2e1a,1
8fefd9b3b64cc517f109f21ce355655a,3
2524849364fc5da3b78c8ed473bfcdf5,1
d703a569a24a4b0097a98a98c241e17d,2
8c528839bd4ebfcbe8f50023d5ad8456,1
58ca6f9e48576ae3e9793b20aaeab57c,1
169b37828e78ecd81b2f3c90e33beb06,1
c14a97810afabf552bbeebe83932f7e3,3
7c05b6c70e91ed3ff53e2f85a830c173,1
b63ab28a1f20d2c23136347aa589f41f,1
bd9a75b74007f4c954db1fae6b90c4ec,1
d10c44f95f5b244a2418477d672610df,3
02ee027d9410dfdc1193a5447b774e0a,1
afbde8bc54c62fa09097740403a34d10,1
bfb21bbcb6d03c5ea3d5c0583a90fd5d,1
31ccc8199c123c2b6e2f8f123c682356,1
1f4bcdd08f5b3aebd104338f34dad834,1
e964754f87b87017a13fc02923ecc5f7,1
a88873f8daa156781cb5c288b2bdda98,1
59cda344b7fcae0b1057b78ae7657e91,1
258aa7a2eec90b1d762d7dec8edac35b,2
12afb3882ba6061296efc646e64e7438,2
0cdbdae96a3c9a5194f0d08f8e5ad076,2
afea452781b41018aedd182395b88c48,2
78e4cbd2f6f4b47e37df58a4579368ee,1
a9d2293871b42097de7dc076723b554f,3
6eb648ebb94cddc8b21e650c7f1c9ea3,1
6a4ba82356c3e08593f0a682a59c4f2e,1
341dfb61169e0d411967a26304cf5fac,2
3ac337924c0aaefe3bf9b7bb1e112a0e,1
73a0be14ca2c7f75cc65f0a045faf0fd,1
b6aa3e408716eca1dc3751d36921aafa,1
9c6ccd472204fff5d94a4084df52e833,2
d106417756909f84702999d6d180cd13,1
bd7a9e64e189e9c12ef77651cf45dafe,1
28c94a92d8b0a7ec4a6287dec9870c76,1
b1a78fa30c3df08ea2b782dfbdcd48e0,1
10269ebfbce252f98b968d09b04722b2,1
86577e10b7e1d00e87b03a3994e2b1fb,1
9d1a426b91a460f006ea8d5366b08ee4,2
d86ff50e3e3b9d84c1a93da62a6d4021,1
c66226e173c68d15b22d1ccc576644f7,2
3fa7418a70dada3677db4a55ae29f5fe,2
4f649eca47ff01af48c6570cbd8196dd,2
bec43cb38b455c3d2611e8262d1e4789,1
2f403470eb8c0065cf1281f2bc7b4948,1
ddae2bc141b5563cc80a871938a2d3fc,1
a5653e6a1493007656e55e950ee7763b,2
12d7df8dc8997a00f17339844d536afe,1
daa64cdfd409f9b6af53d0398c72b737,1
8d16f1e131a60132aaedf6dc7215fa0b,1
c40354f3f3f383d1be4abf451d5bcb0a,1
398b4af23d64908f78a52ca47f124f44,1
61ae1dbb9bd9bf83ea6901146045dd52,1
5cccc590b0619a59db1b40b5d5a0a97b,1
86063fe4cf22e49ef4579bcbc6041061,2
e5828edcb194f18e94f6c5dbc0ee473c,1
75cca52fdc1dc05d8ae9f0f622a8f926,1
277c1ef37bb5c98ea45f690c47c68c60,1
4b0a6f89bcdc7bc2943294b8294423b2,1
63be1799cfe8760daeae178706a29ddd,1
3927f98a5332dc4330a8d907d21eef6c,1
63b29eb559df02590e070972d7224792,2
7f59204d6873cd6744d574ea921f7c87,2
365bc0796bcfdfa1b557063e965e5149,1
eb64370af3609aa54c01d7fff5fe7b0d,1
a0c25c8608b9ce2a008fd20a6c089e3f,1
557acf39a03888ad70e3aaedc94e0871,2
cbb0f687b17436b814bce09d239d4cbd,1
f62532f6a7673fc98fe814f42596671e,1
7e3a6e8a39f648c05976eb55cee76ab0,1
0a42683c6e7e8281f8ccc914b78b011e,1
b226d7ff48605690ec109dbe8043633a,3
9266b4cea851fc18ce457e44d2272d12,1
739f2a63a2dee0796a850c80e904e171,1
2fb73a8b24c08f4c69394d739d03e565,2
b08a9bff5b7fa057be13a77ea5b50cca,1
d1ef2792a6f88a19ddf46e8b97dec751,1
62f300de478fdad633cef1d603876767,1
f81df3a86cd50802030b08907b122d8a,1
b4a5ec2a1e7f2bb02eb4d5755f55c1da,1
b19e2596b0f27331f3c5965e60ef4ce8,1
3160dc4a3886a156e7149fc9d512fe68,3
4afaecac879da7cfe7e6acfa94a48ea1,2
1a538a1c6bb142baaa70d094a925fb6b,1
34a085d02f615d6e8a087774051adf11,1
b9c60679f425e4e61fcc8c65371763c0,1
01c4223d20f6070044e9d2ade26a35ff,1
23628adf7de1f29d636f1d85778d0847,1
276160ed19c0c62cc7ea42181d236d70,2
ee24e3303aedc2b2d04116d11f321f5e,1
6d0791582e9a32b7383afdfaebf6deca,1
b10818362cf91aea5fb4c9b2f75fd34d,1
a413e2f9aad8959241767c0f5bea60f2,2
c5518304c3acb4a00626642040644dfe,1
4f02d9f934bb61b6b5131ee15fee4780,1
1f56069f28280addf1ed4e3fb5d8f4cf,1
8b9fb7f713ca6f976af7d668b7f3a5c0,2
a68afb82a89d38645b6783f2d2c657c7,1
a417f939a846e47f026a7efe178cc3ae,1
4bdd3d7672e3a643a9124bc351cbc02e,3
9606615146c095c8cb3f2beb2ed649ec,1
db5dc2121033c8c574039d2a438a6136,1
d659720e1605992698bd0e12d71a5b58,2
f15938347d9c7dba32d767fbbd1c9aa2,1
417eb2a8de635dc5c919a74734316b54,1
2fd7687ff9ebade4bf14bc0e1f6b98aa,1
4bfa5cc66a7b80c6a3701c294b89f151,1
03c5ff02ffd5f6251cef386d6a94c615,1
61128936b794f2ac92a365bb3de1ecab,1
63e82a94980f4b2522517c15fe653b3a,1
0fb98408436e65c9c37c41e7ee76028c,2
b6e360e74b9a690cdfc097025f9df0eb,1
ce3265a93bf1585b1ed2199278033348,1
739a2bb6ad4f65e153eaccbef24bd72e,1
bab6060f560bb64e8ed58016177e266a,1
be55c83edcb1eb3a0e987b24f54953d1,1
adedf847ec21e0232b33c5c616fe76bd,2
3080512db78d9716dd5fc3df8d9b8977,1
673d84a633ace8bf698a519ba8564c97,1
66516154b2d22d1c1503b81f080ff26c,2
1c24a38a32ca7780a214418c1a7a5959,2
7603681e2bd222fab24cdb2c9bd17ae8,1
f44b3e92d076f4ee30a6f8947eba9328,1
6c8395a2a1b69c20c6bb52ed1fc87bb2,2
86b201b2210c6ae98536680696348998,2
7d654893036120168be0559921ed36e0,3
da4d54681d20ca68ca130e61fbadcc6a,1
dde6ca3c74ba8426e023f8abaa207ecc,3
4ee2e9c8e92fa9eaefef8445e64f0fdf,1
782dfe35a7b5f2547a7b0fd9a81a8b6a,1
422ad33077c6e9ac2e1143797c609363,2
22b83b41dc8949b1b388168a19668cdf,1
b6dba0b02a2e3792ec9fc064afdea108,1
6bb3a380773af3066f16fa3e85bbce3b,2
fdd939cf9a48ef7f7ec61b61f78b59d4,2
99d9b827302aeb54bdc98b1a891927c6,1
323d3f1d86309c1d4309b3881e70c606,1
7b4b7a29c47f9f27651bb38eb3786f8c,1
fa74fad1dff582b1a243fd6e9738d7ab,1
b201441b79dd06cbe81eaa9f3e049a1f,1
129913b3651e96bf7fd8de6fef310c42,2
01bb8351b0445c0016bf0dd1cc42c0e7,1
17c761ad172497eb67039aa3ef800f39,1
291e0604ec789e0a379a73023a2856a3,1
cabfb572af96f3514275099efc77c32d,1
4c17ca2e617e37296672c693dbe62bf1,1
888870522bd41108c1bb58987bee4b8b,1
b44a1fac6c255d8654a2d0063125c53d,1
565a7d851ac765174c607bf538af2879,1
514f7c08afda4d9e4fe113e4fe17cc6f,1
3476297b435812155b317f114d6a1b16,1
d2f4d4edb031acaff82194e890c61c19,1
998486991424d9391620b052beb3db00,1
902d3a155a1c8860c5301edebdddbd12,1
5f2ea36afc2ef53b57f9738e5a46b9fd,2
b917657ed93c6d64dc91708ff2ce00e2,2
63e8e3beb6e8c4132a3d36ea556882fc,2
cee7a18f4221fe3b176f3e5ebdbfa534,1
73be9a50edcc81d693ce5455c20707bf,1
ec318ace7356f5bd03ceffdf07e6835b,1
976d8d756d46d9505d4c5d30e9d8df1c,1
a942679cfce05594e4b88bf7453a37e4,1
6c60f1ca59bf94266b2b15bee84c57c6,1
de47bc0b736763285a402a8abdfc1030,1
4820d95f093e385b86c81156f7c583f9,2
d2604867a933d12eb99b8f5d23748f95,2
19aba928bed96af2640616fcac19b208,1
8fa4fffc90be6d38cbf8136ba690dbd0,2
8656df28762af8f2b9088a14025ec1d4,1
de3de3ae8247a7c1321cad1cc8376dc9,1
bc051176d08cdc8028d70e0cefb2a692,2
aa40ed1bc7e5dda5645eac4ad4cc502d,1
65c811a8799fe9f0ce8ff3984f2e6a8b,2
6aaa9cb0b9996c79b91ad9616d45575f,1
ea4dadd607cc71e6f50c6b204bf08316,2
831c83f9b68cc2e1369faf0871470c08,2
d9e3f89d7ba1e6204560ac026cb25eed,1
023a08a45291f1bd21a15e8c18233e27,2
9089112b338be21911bd9c65a0a6cf4f,1
fe200ad2dfc6a9376fd3d1d52818c77a,1
72861a15327bd0455b241299abf60951,6
15443c382598ff2a32730b76cb49ca3a,2
c4aa2f8bfd9a945298fa3f4fdaf5f64a,1
ea7205aa989a7808dff7de7730bafe00,1
374135faff47c08c718efb3d14f8e5c8,1
23cd050fa1901e6c138830289cf41de5,1
8eeef72e98aa4eec59da0872ce1da66b,2
9a53a6665311ccfbb9b346a4445c87a3,1
abe7cc7b02ee2767ddb2276e94b0bd8b,1
02a6d2e092c85e2490d9ec57e96acdb2,3
57ed4fa6876e98f72228005acc50949e,1
dd1ed5f6e50e90b0258636d28ba28d40,1
25fa1025572ec245dda28b444625c9b2,1
2aa67f7fea28d07c1ff6bec87b0b8366,2
80d0c0aa523889a9d0f035fbc9e0ce50,4
a89e4471865434fbaffac2518ffdb821,1
e8470b07deff8b46fa04d7fccf036b2f,1
7768ea53015397758c9ecc745f11601f,1
c326dd4692dbf63a5431b95d6152a22e,4
22a57716b44fb0bc42f57d8b2ed3a47b,2
ab190692ea90ac084d53f623858f5b3e,2
6152a5480912cdb561cdca102c48639c,1
37ba7ae9160a16a075a6606d5a614912,1
b940d1e4409db50ec6f6366477e6bfea,1
5c6319b4d5a4474ded9736651305f057,1
9a85c9ddb87dc8acd2bf00ecdc98accf,1
93561307b5d54be9d67c8fdac27efb03,1
5050fc46b848073c117217dee8cac057,1
26de3f9e0b72a79608de1b2926f8d643,1
ad0133b6aac55d1f12896e2229514423,2
5e0cfe584028846c1147e4268931be08,1
c323febdb45a94c825b874ecc6119854,2
0659058e1ef8dab52748d73789f70ef5,1
5f624bbf1d3fc1cc056984b40a944897,2
274f803b1649ca749a3e4629c7b0814d,2
359598e8a9b10641cdcaaf2b124b1301,1
b3c104de22601e55e42cf2410282aa57,2
7e92b3bb4d25bcf9d914b9d62b9b5dd0,2
0b1f0018e103e624b1eb44666bc7905c,1
62e93455a9c3ed39659e67bc13c745a3,1
e436e52d0fadc5a280acd57bcae7909b,2
d70012d93ac91dba49f9c53dd0f9ea42,1
4a89d8b5cbf06d347f4bc66e47e9d08b,1
1c4c6cd5aebb0e917009ee0bb19b74cf,1
72fc911c8b1419a9f4ae8afce1d00c97,1
0e9cbf05fd1009e494710d96f947803b,1
650035dd2c3f9d73cea2eb10106799c1,7
5ddf2da8ebbced03a6966dcb1076830e,2
f635390f26d673ae5de0eab32884954d,1
2d0d8495566f24f65dab72d74c53829e,1
872adf5d13dcef69a06933115a617157,1
c107250f4242b6d859ce3441d0798d1f,1
064665a5ee222b79a7692f8356059c5f,1
578ab9b4b6b2a166263065615009b883,2
b4a99a97ea3f9aee473c5edf75d7aeb8,2
9c50da620e8621b901a50cb4251bbcb1,1
56a65af536425159ed6b70002ee1755c,1
515ee18cd69d7c171a616263ec7edcb2,1
ea5691a2d60aab96db6cbe6cbf7235fd,1
889c4a66627638021582d2a03dfaa2df,1
af18cc26333a6ea1566c50773a3520ec,1
f1a7ad242eefcf8d06fbda56985fd773,1
51c9963cba49c854e87cd2ce25d209c2,1
c99bca39f6a70fb8e2f8271dc75c6244,1
7d26d28c74723e0abb003871d3e88604,1
486d53a1e9d62c984dc01d80435d0f7e,1
47216199033de5677500441bd163f224,1
a839f83793f2e8b66447f21b1dc12807,1
9b74ba8d9b4ee9223c7af8f08f96cfe4,1
c33cab226c21751b7b45533564c7bd32,1
e733621dd5e454f5f98005456215f8ed,2
e48f96cfd4793f421817f695ddea8a4d,1
f0a8ce29e79c691453f066bd1127da70,1
7965d077de68f4f66fc222671570388b,1
9cd440897727f1fdb812ac1e9b0fc437,2
03d2700df667fd83a0ad3ca8171fdc4d,1
8c9c6e8c7f8ae5842f1d2eb70fd6ff5e,1
afbb948331f58bbba155395f8edc1d30,1
fb4a8fb13b359fb853b313d3a127b400,1
85dbcfd5afe4a9bc78465c53013434d9,1
198621d42ebb8bd88513f36c732f8945,1
26c0fa0670ef347562489125c0bfc829,1
f0fc856f4f7e6366712690b8182ff1e0,1
ad9db1ed7881ddf3cb0164727d9e7591,1
69d4ed3552c58bfd86270ad43595a252,1
1d2a30c9cfdd2423772dee27692fae47,1
591b0dc454d1a0d16b45f11b8dddd916,1
1123360dc57c88e53b270c819eb72c00,1
529857fd64a0f0b112676fb22197f126,2
ebc3c7a82fe810afac43bf3186732210,1
408240be80f04a4bf84aa2eb5abc4cdd,1
40e658e02822b46542ed15f86bffc2b8,1
bc4c84615e33a214809226c0585eb909,1
60c42214f2d1bfbf0e0df659a4fd18de,2
ec8d3c3429a94b07ecf8e57161ad5a86,1
2bd897c85bacb25400c47cd6321587d5,1
f91707b6ebe4721271d89b191dd0e2f1,1
c0c5e71c44d990ea104ec2f7516e9e27,1
b7a8b2ffb13ce7dda131f4cf3d17de3d,1
dfc5eff810d0d4ee96277ba551dae6e3,3
c48371ef25fcb17a14be0d6e448f0ed4,2
49c12c231bfef5a1f82bf316ce5a2bff,1
dc68a186e0546fc5ab3c9c9d012fbc71,2
1ef0dce2df1a7bf6ee5f3e3cfadbe7de,1
d24e205ae7fa734a0f21289943adabb8,1
25cb2364a6c20b6e419167629518db2d,1
71f6c8fc87c1aff17c369f92ac1e4d03,1
89510cf41451f6e0101fca57d67004f0,1
12ca97f4c83898ac63135c45809d7d78,1
a1eb7d90c9852b0be5e00576c4830452,1
4057c1dabcc450ce801bcfc70d025c19,1
c54231f5e15b5d03181dd77ab86d65c4,2
af44262cb4fa0d56a27ad2d06fb73414,1
de069527fa84455a2c79c57fb563cc5a,1
423581bea613af1617e76e01617ef8f3,1
7804506de61538c85df1f40b85ee7ac8,1
47e23be3bd4298291677ebf52000f6b7,1
218fb5205060f01c456ea4008923b698,1
4aca34a548a7e90d07fd0ace9deb17b3,1
ae31dc90d5a2905228112ecb6cfae22b,1
aedf17bc9b7171a81ebbe148b9945798,2
1b3c4c17bfcf596e7a1bc9f696fe0fa6,1
11278460c71771fda0424fc24454cab6,1
84972e16531f683e87c3d3b9084adb2a,2
54a05f052c1479586976bbde051dda05,1
b9e5d0014242eb40b50eacd1436cb6d3,2
e786c4f57e886d3b1f5ef4562bf16f4d,1
2e11f293451b8b4d72ff772dab9abd3c,1
067f0141c4495f0072717ad17ebce499,1
efab31188d05572e6fd562bab782f255,1
0258cf88e13638900389a84d3cbfbf3f,1
d6a2982ac6386580542f189d2deb06e7,2
c1363f828f23eeec5f6b12e12bbf6642,2
ea4582eea71860c5120c608ea57b2fa2,1
724af492ff517f7da415b416ad4f1c2f,2
bae6d36aff15e84cf2295d683ef63c6b,1
36ab75f9143bef97e3ab1a6dda49b1f5,1
73fd9032ebfb9a6bf396b0ea7e047fd1,1
004ec239b020de791bcb70f65a7a02da,1
99ea217d678c7f46ddb5a91aec27c576,1
d6bbc11b812c82304a12aa216de245f2,2
ba3f2f20ea975f09a885648835c1bfc5,1
f95c44f08afffd3642339a7d7cb9cf90,1
b5919780d04bf38186d1c1e99c5b89ff,1
70b5a44e880a6da0774e8fd5b8b9dd11,2
2686d63d488274d9bb11a0de427cef00,2
8d409420f0dfb3042a1742255ffe22c4,1
6db5bebc3e06d75ff767a11c94805bbd,1
ad39f84c12153dec117b559346bd9313,1
13a576caaad686654a1d1e1882d707f8,1
f35a1c80406003773d65d2d81b655c11,1
deed890eeed47dc143013f3394f84d60,3
663e3d1c97755e8d6a0fce23782b047d,1
c9778c6c7cd319120063832799be15ba,1
78f2d99d4e459410a7027130074f85dd,1
582e184116c6680d0e4412038e421bf7,2
3b991e9d1a028986c40340b2e315e53b,1
2ac9087c620205e5976654de0ff684c1,1
5eb2bc395d2bf67e0ec1fc66db0e1c48,1
6d032ea642a77e6cfec1917f18f0c6c0,2
675279748759f27957d1d231de9b7e45,1
298eb8eff2a3b82b24c134cd6f96752e,1
cdea60eeb52bdd8cdba2f79868a61002,1
4122335f7568fb70253bac861442aa61,1
1c83f4f839627ebf5d74bc7cbab4cae5,1
3290dda63587c3bafea43dd481c5d81d,1
6a74225838b2c4a4224a81d4234712f7,1
1cfbd50df93eb0113b95da28ddd3a346,1
34eeeb36af9bbf47c6c6c79d019e6359,1
7a91d29bb60c547714ea611d755c50dc,1
4e0c9af8f7cadd3af9b1a037b61ba0d9,1
e8357e982675a6a68e75c45be4feb06b,2
a20a6fee2591b7c707c01a15f1b6b0e6,1
6beaa2a74f45d6cfe8ac93f8f7b262cc,1
49e0fc8cc2daf54b337eff4b0b4db099,1
89190a0e4f18bd81c10971569b82deb0,1
56dedc6c465ab48f6f41da884c48fcda,1
a0e57ed57459d9333d671d21e79cf88b,1
34402b9dda1bb08b26d9fa6096c27c0f,1
bdede12aad3b97859ce79470d08673d4,1
778aa254a2e79e7f6aefc4cf5caae26f,2
913686648459fd1f08d7799f20892e57,2
fd8dc245272e6f49475464d17390ac9f,2
260b863e0948ae85fbb861718ce4b96f,1
c0a6efbbc2b05f0f1111d64a6ad620e0,1
1c7834455be343143f1dacfc623b9830,2
f9b1ceecd68ff02d11617eebdfa064e5,1
28fd3b656766dfe6881a8a5ee564e641,1
13472c31013524ac00714aa621f8e74b,1
d99aa3a0b09b37aa06a7eb35d93e09d5,1
1d338660452c90bdb8ddf79c81741039,2
84a5de69e14ce59bc8682604633926ed,1
3e2082295215f36a7dfd82061b5e602c,1
cf232b5af3d62e05afd1e527d1907259,1
bd68029e614072f827aed5b7f459661e,1
e83c5a26d04f8f3f8f5b63c7522a107b,1
fc2ca610be63bd816d695d712275f455,2
f515a6705e1bfa6e6472e92d0ab3fb46,1
19f884a4d382aa75ca6c0c811f636ad7,1
d77cf855d6f5cb8462622e75f2ac8e70,1
fc13a5f464bae9b2151be89996b310cd,1
96e6ea71dfcacf21abb78f3de78950b2,1
0ee1ec6239c4756bcdfce40dd9fc71dc,1
58218bace613630ba3f3548ce1d5c359,1
654145d114e77b8a314106df571c047e,1
1a921846da620f1f30f283f6d00721b6,1
169e1c75dfaf11ec968057e9233e3fc8,1
ff0cbacc005816ed67f314edd227d467,2
2d6f181ad1de602a9f5259beb8cc8e6b,2
28e5a82215f80c813cd6d75ff416b039,1
0081987f0d533d2897aebe65e3cdb79c,1
e4d0b3a47c315e5c636a12483f4ba960,1
60fa333e3dcb52ac9398ca01cc49b30f,1
98b1adb90086e359bd58d03141aadead,1
510d0ff69033f53817e07b9816565395,1
510912513e41c1d29357e8b813c60efe,1
b8a23b997f4f170d8a7448b4ec5bbec6,1
287b434c669685837f38301aa964c0de,2
125b011f6f8de74c2f533f170175e63f,2
c2c9e1390b97074d5e49dce060f7cd45,1
844fe8b4bfb36662e3b610a0abf8c245,2
a4f2500c6c1a1bb27e81fc8e96887748,1
4be19cbd95d20efd7026f19b73485076,1
809f6363a1f17a1f7dc3cebf2539b229,1
2b3e277020d712bb6a03e47673160bad,2
343d0f9a310b462ac1409982792bb738,1
a983eec83caa2695c84e31270904690c,1
2ec86cd6fa1cea64a650d8e526921b3c,1
25938b3ccc1fbaacfc1e47d86c6a035c,1
a2269070435a7f9cfd0d448462ccfbcd,2
01f076fda367d7db277608728ead2e36,2
c836b0c760ab7b1aea410dcd98f43a08,1
87f390f9f7f458b360c42be31c4c1b8c,1
46fcccfeacac5b9d9858c7b08fb4d585,1
5e04d418a5a3c0f418305c827345945f,1
fe832b229f6e8616376cb33256ab8c14,1
88e56789249a02d80ae10b1aebe82156,2
aaa5a2048c95d7190b32694c438198b6,2
de6e4514fffaaf4aa6d570df25362c45,1
6e2583780c60095617c0e8323d3cf476,1
84ee1de11b76e8ff72f0a9adf2a5cc39,1
cbc8c935a7186b5775798bfdf92d3db9,1
c3a3e873f24be7de1e819f7ce7436398,1
bb7914f7d04b1fb7be1633ac7894fe12,1
46808afc990f9e531c4af872fac6bdd0,1
42d83813664703a172a240ffd7e7a9ec,1
fa0973612d4083bfe9179b2e0a4f2b2f,1
37da737a0bf26d2b7257fb1090c9d7fa,1
0eb8905e411608de0bcb833d92673d00,1
fd917d668400473514b7800af116db11,3
02a1c76e915953cba5f459a86a595388,2
6415c8552cdf7f89eb556bf52b4ac033,1
67cbeee57d0d276f3e730a84a639aaba,2
43562416c44bebc3b1603d827130d8e8,1
980aa017ad23e1fbe1c13a5403e9ffda,1
b70caee161dba3a607858ccf63fe4d74,1
495cb5e443d16b22ad4bf7eb5b8c222d,1
dc0a62990fbe1473446f180abcf02ab5,1
3ba4af451e806dd3e5f4a9b945f5debb,1
e3a0bc113f4889d888119ad9da112758,2
8716c833739771ca83ad904a2057d779,2
c83aa909fa37b313c07bc5b6feb8ce25,2
6266eca65bfb417d0b5fbd73d62d4ef3,1
54f6310d9549b9d750eb077993ee2a07,1
5aa1e17c71e92e1edc04feb5785adbc8,1
68501d4a9adf307466044103eed487c0,1
2ad787f2aa5e9400cdca8c60943b4d7b,1
2a1acf79299394a86e430414fa53fe79,2
98932ad3627e0d632c5f1c43936fb520,2
7702d7a5617764ce4d5c77b3e6d30eff,1
45932df1a126006980ae48fec8bac736,2
808be3d811526e8f31f935348d745353,1
71b9092c06f27ccc0c2ffd8b05a82458,1
221d989b8905565a4a75a3930fece774,1
cfd85e03e154dab2b86911f77e7c82bc,2
7893d7498f77eb65d740750d21624d71,2
75c4ce8c8c4928e025d815aa4e6ab9fd,1
07eb043ab4c253cd51ea303ab9606583,2
bcd74eaf7fb466b39bb0fddf6e0159d1,1
b4440b16d528f9473827a2b07fa285dd,1
fd57c37049d38dce17442e4f9fe36c02,1
63bc156a5889fda12c6ee72719e3644a,1
df1669d364f199b98ddeabfe1594c6e6,1
a2aeb13db48f729c43e0c5208999dfb3,1
cf5048eceaeda27b3876b6a065572f75,1
40655a3512c307e92b2ab2ee51f48f4c,2
df4e998e96952a0ea0a968191ed62686,1
0625a261370768434f9d7eaa4b272876,2
ccdb44021b6ab422db3f346709ab5e70,2
5dcb53db62ebf72830046c2e846ee4a9,2
2affef98c38f58e74c004233810ec8b6,4
154f4ecae45688d3aa8fd225cf41d24f,1
c12a201db8c79f87362539d8781253b3,1
8fbe8fd72d9d7d050f8cc3fcef324379,2
6dec034dd736a45e838a36ae34ba1b54,1
99dd8a1eb79cb52c087f0995b1a04883,1
86c33c957e71f9a481b73a7eea3328cb,1
fab957c0a496f2b486c0c423ffd7488b,2
5520e15d5ec725d52a7d2c3bae3196f6,1
c637407f14f052fb62260b3813db96fc,3
590e9d605fe9c2324b8cd16bd5ab5c2d,1
4d96bceca590f4a76be7a4af73d126f3,1
ab4cd9b5b9cd82b466a3d4dd609379b8,2
463be5df1d14e45701a367f6a164a0ac,1
3b0d43d507438775184d9d48a73de523,2
dbba8952a9a90595d7ac6e1c5b5b9b19,1
e09d42b35fcc1d2c18fdf8718c67d5ec,2
3b8ec9d5d0544e7259ce54c76c0aaac6,1
cc74cc872b710d57aeb7265c1cc45901,1
781f215d74528e17e57bfed5a934dac7,1
3ebbfa21e55295b86d979af7a46b795a,2
53b8c6e86b17a73c073b021490310c0b,1
f93b7e95c63badffb5f08b25186242da,1
e2b4e02dab383a5184a6bdea404d2a8d,1
dc6bf95f9d660391a5b4b78b61bf0e7b,1
c2e03a5d053544c5d0faf2f9a183f42e,1
d6a3959553c02b8e783f237e79c156a6,1
8359cdf6c7b4890f71ec3852af558d62,1
6ef1d3537714955ba5d158afda437cbf,1
fbcf0e59325ef1393adf62e3f6bfb165,1
46d18dc5beb6e464679e269f8a5f954c,1
fa1a5d571fef2d1e6673959f258207ef,1
e1e82e48879e9fede09e5cf92a3f1a65,1
0aea605253337b3a7b609e8ea66fcc07,2
0e3131efc85745aa05c02f7892a4e26d,1
67aba1dbb8b5cf1f38c851cd0c6792a6,2
0049e1e3bc94370a676346608eaa49a6,2
fbfb51f1d4637e6d09dd3f7a2e442325,1
1b34385fd14e894cc97fe266b03da5ac,1
f7a4c11723b25e1b6137e21730332ddb,1
eb29466546332c816a176b860cad1b96,1
6ec714c9a2ff47d86f19614a5e0d582a,1
3937c1226e6d37b3d3abafe133def819,1
f9ee4324f896c4a59a2600569b3a5042,1
3156ba663d9f45aa42f92c1c1de7dc20,3
49c6785305194abefc7fb2b3647ddd3d,1
90b61c31ad6bdd46b5450bbcb5696378,1
9221fbc42f29bba4b5a608572542f080,2
ad97907e6039f61432710d63c499b231,1
31826ef53d1e6297e303da9d28b27a99,1
96a29fbe007f6ca6a3c38a0b4768ce59,1
413e4f827755276cbd09a7e52b919a0c,2
bd552bb82b94e1583ef0b551c6366ce1,1
71d82a47ddc26a903994bb159830e241,1
7d08fe04a0988090fe1da6cd807463ff,1
07b39c977cd75d08f841d9901a6e562e,2
e6fd18037708c5f4403f7b661709929d,2
d1604ff4d3e2aa8cadffd276bae2936c,1
c56b07d3b682e7fe36d834a73c79a995,1
1a14d107f38b9e8c46f83793a89b2ab1,1
f9ab8bf32132e0f202ded81f7703297d,1
39cdc37588063788bfc5106af038143b,1
4dfc04e1005f1fe7e3b1f4422cc1075a,2
6b8893f891095555be6a106dad75389b,1
3216daa3111573c02c98f8f77d9ee5cc,1
38a147989bc838a1aa423eab236f07d1,1
e1d82a1353797e4e53da5aecbe8f5063,1
8aee3890f9e98266110d221b6cafce37,1
f37fea20212ad55c18fcce79c9e9a450,1
55c5f3919514eb8610e096427990ab03,2
8e9defe67171661ff8a7589a97426f62,1
b153116455992b2e1281f0098c1b1ef0,2
5754db68f63980204a83a4015189a308,1
c3954b966a1421e64ec67c19db8a5656,2
0b8eddeba7c003af52c367a0a84c54fd,1
cd1559ababada4d37d208f6c889c5031,1
d2c8fa232968d68bc747e213f093385b,1
ae8677aca654cca4b8802efcd2c56b8a,1
4dfc1a15d5f42dedcfb06e12d737ac89,2
9a97989c9a8ecbc6843faef8089eb35d,2
598f971b28fa7f2fa64f84ea667ca7b7,2
2bd17231cd0fdc28019d7261e04647d7,1
aad05a62753e4b39b44e67f0fa5bf4ba,2
e7cff4f6e6d0976fb8e79fe6c23ca1d0,2
917753381a8814b8db4ca86d62034af3,2
319006b6a353e0d30d9a873cdaaf47fa,1
c2157d0fe5882befb1b0ebab7f4efed9,1
e63c06b313cfffb195d154d2bffca7d1,1
2ba6408532990bc37e2a42c775fa1328,1
9d180286467b60818901b041f5eee224,2
80fe7743b55894c3562bfa2a6658c6cb,1
b883eebe9e9dce68dd8be4d4345110b8,2
370acc1d11fc7d846c13b0562bc24d21,2
e4400ef80628bcff22a8a51343744258,1
48545a6d9719889a6f429554745a683d,1
b858bd4acccd2da02230820532d77235,1
a081b59ab2ecd8edbdc67ef6022437b7,1
d4e542124fb4733f8ac073912da29607,2
d018a501940df502889c5decadddb49f,1
cd4878940acddf43412cb0d8355f7d02,1
cacb2870ae5ac3c6b509ffb9401f9374,1
c8dc0688a853427be5cf7e73f12f6339,1
e3704416dff771bcb97f53345eb1d554,2
6ad842dec6d6d8963a118cc5991505d2,2
92c1dd62cd6853e461726497e052c70f,1
d7c4fde29c74039b8decd59ae5af9165,1
ec1b9e908c908a131c30261651d8f132,2
d14f0a91e61156dd0bfcab87334ec272,1
f7c56be2233047bfd036a909fc2f4e11,1
92c20affe5d4f34d87ed6a4d835a7d7a,1
ea29b8b3caa2c2003a0c33a996f664ee,1
0bcb4289657d555f2ae6637edbaa4f38,1
06b824d0ec42e41e1b135aa97b0b5719,2
6330d47a52040e144b39908aa7d8b7ad,1
b8440ddb10be10904751deaf7dbcfba0,1
c995fa7c46e8eabd56b5e3dc6a213eaa,1
d2945e666b191b8063f60fdb0ca7a016,1
a6e403153d565b444be32e80018a0f11,1
e8e9d8eca647f4422dcafdb7c37b798b,1
328183fe6792ac313598121623966846,2
ef05c0f673d7f7adab32ecc450eedf12,1
c04edf8966844d1ced97b999c3342e3f,1
269f3305d06f1743f114396a74ea4668,1
3eb34efb7e210bbe192fee2382cf9243,1
fa6921fc09c7206928f5cdf72d9cc42e,1
55cc20c46bd1cf24e953a3442a302a76,1
0ba799808e1bc910caa3eb02520289cc,2
535e19674771063f80d340d29a0e5f16,5
675e89134c3e9ff8f1d914247b74bbe5,1
17f69743dede62b75ae0670b77e6cf9d,1
db757b827becc48dce3d9ea08e6dfc33,2
2aae9c3fe80a7c3e8c6bd36fd19b9abb,1
59b2aac026523021d4672c7054686970,1
06ed2ef044d5ac4a2123014c4b550073,3
13f61e17d29d2d89fcbb245ca9960237,3
ad48be6d116753cb71d51f2412022dbc,1
86b6ed51eee28c2984a723d04372e01c,1
332b28714c11104c191e8bf42ff0bddc,1
53d1980e1f44a7b4754e636dbe833c22,1
8f5ad3c7c4a0f6c78e06998d1f9fe765,2
0ab9b677f1d46920e6e25fe94266e949,1
8b659e0db3e182eb97d3ab08ba25e566,1
d3e8e10d7f38ece487da2e615643ad80,1
2bb8518812a31e53586854258d1900fb,1
d53afa90d8a67dd2942b29a24a0bced3,1
267c6072de112747562f54a0a4df6363,1
515ac07b8791d18e0e78804b07e48ee6,1
7538de66d76793d79226f3cd87d207a8,2
54ffd6d097556d0c97175dca59606d79,1
61301c160d8ff52faab29ec827c55772,1
e51c992dafc1be73d8859533a35ca649,1
e8ce9439d465d4ff7287dd93309fa981,1
96993982db1c36395fc193375095687c,1
8839bcaeee6f3423a115321f957b327d,1
0a17e9f37fdb36637c4eadc7ee223dac,1
04ebb4bc76fe1958e23db736cdb99bc7,1
4fc594844b1c3b9dcc9f4e93e4a5b4e3,1
d7a9ac6c2ace5928a43163760d31ea90,1
1f8e1f53bd915c935420a41b9c8c4b9e,1
0b5a1afd892d9df111a63e8d1fe8f5fd,2
bdcf6c3750dd3b3f9be1b45aa81d87c2,1
d7a53be04656e8aca9751afa7c43e7cf,1
427b09095e798cf0068b9b96ee2312bf,1
9053d5d65a5f30e78fe7889959dacb12,7
0c7b57f1f1b1a5c953a3ea9b002d2067,1
ae143f0b9e57571f8560d7e988a66fc5,4
d7f8728f18cb83f0f39965b0a7b274ed,1
b4a4261c939e5296a32ef83023b9ec47,1
cc24b85800507046f34c5bfa3e4a11d9,2
a0ab5918ed52612ae17f9673a5e8d5c8,2
de6db17db041337656c5c54af59b1bfe,1
6fdc9d66defe1916322f2741f3f5a83d,1
1ff0af76c9bd51b7beb3ede01374da75,2
32a7337dfd8621d7f4673809d020ecec,1
9239a3309f019ccc407cc3cc5c46143b,1
4ab3e01dd66aff87841c6d78ce7b03ec,1
8fc962a926967b4bff2f57e4c3a954e3,1
9aa87152f4feaa4823892067e225752a,1
c32f94b999b657188e0e1cfd23a6fa24,1
14f21162663e2898e49583925e9e2c83,1
340b9e2d0042a90ffc988c85a1f5c138,1
4576c0c391623aa82f5721e0caf8b77e,2
120f738f36c13e26ec97b4fd0077c3f2,1
4f867e13fd29566a118f1056855d0604,2
ff81e9fcd7c7217f8dbe8e646e2c01d4,1
80699ce1987dfa18c8d53e606bce6457,2
e2eb7449a0b9c9d5f5aa4d364692a4a3,1
511eaa95b10b2065ffd20241ffd1fed4,2
8499d34adad562594af54eeb82b4683a,1
f5ee0e07b13c38f6394e074001cbd052,1
585858f232cfe4d50603e7ba8df0b664,1
26307ba4788b375cce5f17fe322e1924,1
5b13aaf11e3ddf1a79f86124034e78ee,1
5bfc2e7a3a3aa032dc309113494d0d7f,2
86e04d139a5e217bb92c0c807a280aff,2
2954f763b1aafcf371ec252213c3076b,1
3c5a7a50473a6f9adefd356456199f5e,1
61c55bbf2d22b16d5db00b00f11c17ab,1
a3dc9ae16d1961eba71db128d3dba2a6,1
f414b917590aebacf791ef06283e9dd0,1
49e3b3ec5c094ecb19e735c75d5a2077,1
40db1f3577b20731c5f5ef0140509cd4,1
909249e19a463fa4bd1acab7f0ca20c6,2
e74faa4937d05483fe4ef3cda44ddf94,1
2648f7802f9cf73057286f885d2616b5,1
de24ee2132fe95d01fa05cfe30190bc5,1
5ffbc128c6ad1fff815a0fbdfbe32b1f,1
2069f407da9fc402b8bb10eb667d10b4,1
53841c3acca825e6d37b4a884f7fc4cd,1
77e47fbea35ec74cf2494315510f71f6,1
89bb7c076d5617e08f55b6fa19fb8332,2
ee333b6a142d1350e1e15b4386572566,1
99037254510aace336c03630e7a5ba7a,1
ba079642af65d6a4e4b7c99c9b388990,1
160a84d4e879f1b108d151a073fcc9fe,1
0a77fadeb3394930a6b0be6da61c32bb,1
d787ace75e749c60d4a8abcc892d8dcb,1
b7927521eebe18590956694cec8b56e1,2
c9c028a579e72e828361b7eec133db76,2
e85f4fb8e34b2c11af39ea6932664d9c,1
cb0fe3a36bf27570ece5b54c5f0aba1b,1
8f78813cc91917e3fe4475dc6318b1f7,1
b4b4bfb4f9c660d95de08d892a0677d7,1
fec36828e9bb1cde720ce33b0698975b,2
b4ce50b50a1d2ef1884f0c4f7111db22,2
5589698f0e1d41c44470e685a0efb3da,1
46c22951a86c11cf9279b99f08e94c2e,3
df3e29583d7a061e14980c5e119597e0,1
8d18ca72a3c55dff463f3abe326923fd,1
cc5c7c6a1616649687cd1d036d702b74,1
9b892672b2fa73c56ca03faac231a028,1
ba7df7f26cc0a86c74740fa8a598ee81,1
cb8efe5a56de05f6ac2b842157e25ef2,1
2918bcc72e6b813e4fbc2b4a04f500b7,1
479eed0f856f3808ebda9e6e99f9736d,1
41f20059ae610c52fb26d0420d7152b6,4
ec0a8fbc5cec9bfb86d9083c9598aeaf,1
2949284dedb70abb31b7162ebc1c2a61,2
87c4ffa0bf1c5533b26fe2941f46e4ab,1
5e1065f029b86aef12a60a5b0a095cf6,1
116aa19bd94b0ab67cfbb6b24485dd19,1
2dace635c8ebeabae50014525adaf712,1
d792b38016e1f1e9e9779754b981c83f,1
ddee14dae9bb7202da81e2934672f0fe,3
572016766e9a88519bfc05f9ef85ae3b,1
e7a42ad9c6f93b2495187eb707a0e35f,1
aa1a944b4725e67c9b7e83dd6205724c,1
832c6e59a35c453c47807edd85d030d9,1
944f71020b3f584bbfa61d2d509b9f07,1
24445d636f94d66188de05021fbe7e2f,1
eeac2d18947836ef90884836004b1beb,1
10e87fb2ed012047780b79bbecfd0419,1
ecf374cbf7b41069b85f1c6eb4e13f63,2
ad1b9a3d40adbfb8c28f19f68885ae1b,2
01d1341e8699e569758adc70b6162153,3
c247be81a34da4cbb79dbf719ce8ac10,1
4e27abaee951d190df2f98d20ed9716e,1
b8a3b4460bdd9f5f72a5d426b8410616,1
f3e3af8651c95e95497f0aed52b565f8,1
aa9dbfd085cf4374ae269a2bf638ee65,3
c0a73a06f6f7ac1153fc10f47c1e11f9,1
878645cbe62afe994a30e400c355ca5b,1
8edafa070c2d62fbbde24b8e8ee4de52,2
e94d89c00be616ca5fe238ca07ae27cc,3
b8fe2787089c5cd61df2eed53c9bb10b,3
4cffb34b533760313c22aa24e7e31897,1
02dbace53278a953eb1150fa39847840,2
7f0ed382e9171901420ae175ea8fd0b3,1
5210e450ffc4c55111af2144507abd1e,2
ed20ec6e5d9798dc6231578e4a4574dc,2
be949c13a19d6429881555ee63a04d31,1
dcd26646010f40f3932cc1be411c9319,2
0dbe8f381a25b83e385053a3c7b415b3,1
f01fa1221c8d030da72637d435cffe92,1
998780fecef6093b1cb9751227308e81,2
dd02803df80f6d97b2fcaedcc585279e,2
61d431f350b412e84d8540e4c1c1abe0,2
1b65ad78e85b0e40d0efd2ab5b0c4c2b,1
b780583ce2f816de8150317d5128e68d,1
6eb691fa2eecb66804f4960b82fe24e8,1
85679e6a74664a5d59c978be17a81005,1
ccc44f9952cbbf9a3091a9feaacd80f1,2
a431b3ba90079d478e5913952800bd75,2
5161d809cfa840103f61e389953c38f2,2
5e954fc7955bcd1b31be2f4585a1ef61,1
b71d6f3afc6d410565a59a8eab76a16c,1
b9599a38ecb79aa9c170648554315722,1
9b1305c372dab6cb7f583097a6f98c61,1
ad4189d9ed911abaca10c61e604a26f3,1
aea39db661c00af8f6473373d606d126,1
95cd481a40739074464a03486aca2c9a,3
986d520ec29dcd6f87cbebc854795bce,1
9bdaba192abf814e9f9a92c39a2fac40,1
516130c4a2663db13928d84219ab4772,2
deb7f550fb4e10e1acc901787bd8d895,1
c54d2261de34d29fa3668d234bc896ca,2
0a9549cc957df1f3a8e2cf8bf5ec959c,1
7c31ade433e379438b070f37b64a04c3,1
a21c62ce4cf59f76f35296cdbd1871b2,1
88247f64c864859c65cc6fef06453bcf,2
1ca3cc5e364cce9ab1ced6aac6cd0833,1
e56fb1a4067483afc7968e50cb51d2a3,2
546001ae00b59f3d9eced44eec1fb4ba,2
6e68ccc133f6f505bb1d9e733a55d173,1
1a672ce315d9d0845dd6ddfb01d32f11,1
57d4b3a39265e3db5ad871a0c04b4382,2
5acbe94ac181c7c86477abcde4c6115d,2
ca850cc827a680b2466c92da891ef617,1
12d83a93c9c85b9cfb8d31d7c14a77d0,3
c03b25c8cebcef7a47836cfc144e6b14,2
39afb3bc7fe43e95d73a66ee96eb200e,1
499f77b4295e17557fc2e78fbfbd820f,1
873db4ae6c4c16b2d2481cdd0421ee65,1
4dbf4669e4046c605ee02557bc8371f8,1
79935a9c1566407709b107a655083370,3
e254bb37edee12c491ee46ee543486e6,1
0612b13bf6fd2863d99478a382de3e77,2
bf96be213dc35ee7af8c6a80bc113225,1
095c32786042b2760207dd9734b45934,2
00b751dc3b694755c35e109fa69d5b61,1
b2768ede62293cc9e4811273ec417218,1
bf1227ef4cbb7bec2d46cc2e4c265c3e,1
b7f38d00dbd14b6e00dfbc8984255989,1
b01f4b8cef07a50adefcb0ec09314ee0,1
ba571292911b63ac8c6a54f73b661b18,2
ae9e956e31a7860f2290d9987176ca38,1
4e91bc24a24c563852e7b1528c73e5e2,1
c83cc95e728a312667a138917b500f77,1
5eac50690e6ec25b77766a462e554b3d,2
fe360af6cbad69464d3a70454d1ef016,1
63e7dee58b8ffce62bc8e53e9584d584,1
270d6b8201d7cf823e5f7ff381611af6,1
1dfba4ef424bf562b450bdd28c9bb705,1
de779eff5a245f92cb70bb611eff6762,3
19a714481f0b76ef7b16ce039e56e8c8,1
d8c150f89664717fea38a7c68e051f6e,1
