entname,is_except
f5fda2e7b873709a4b97e12af0786d8d,3
c0e4c887838958ddf52d2d9bebfa9687,1
7c5d9a880a1557860970c41b3a06fab3,1
abffd399125d8c003dff6528ca49b1e6,1
38b9bec53184974a18d0cbe0465c42b4,2
4fe9561b4f534bcf4d280f9274932876,1
5a3241dc3241987b24dfd5c4bbadc9c4,1
2a77370c6239cada70c829b010d7c762,3
8fea0bdc18cf517062e7d82142e83ae1,2
d50693df055a444e6c90dee6727ca598,3
bdaf041b2558351bd2a03c599efeb261,2
823459dec9e6ec75cd31c4c845acd49e,4
badfa84a0aa2d4d865b9e04bcf637601,4
d98880a0a91387a63582a3e6b4fdcdde,1
1b1bdf887249c84661e26a3f9c5ad9d1,1
9c03612daa00ff944266e760080b3bfb,1
8aa6b4964937ff9708c4ed0bb5c9aa35,1
0b5d3f351f9d15950c805d4a2da1aedb,1
49a6d24c4a4677b27c5d1c7f831a5c27,3
f488ae7fa9b5b944dbf3662f4474b960,2
375eff0942a392b7af3a43fc720f4cb4,5
d239c833a5bcb755f77a14a6dd171fdb,1
4e191a40a7fa258328d33747bf7f6449,3
1e7fdfc6cf50953544e553e5cf9ec21f,2
3870b47ca7d1bebe62be35c3d33a09ff,3
034b4d533b73df2b046479400308bdd8,2
e33a0c9a70e930ddf88f0832eb6a7fc6,1
edafc34b8c6ddff450b2ed1d4cfdbbcb,4
a79305c7d9b651b5923675f61ff26d6f,2
d122d298ea7b7af47b70f237f00b2f41,1
5e8133a8ad2ad2954ea5a8f397a72ce6,1
c456270a219265ac8bf7ba767beda29b,4
61af607f6f479fef1cb4d5c02aa0438a,2
0252614ded8c46ea285c565e26b13c0a,2
2d9438098bb02a8ba0ec2321394b258e,1
5d2754e87e33a989e01734020af72dfb,3
6b976679db5ea4da28d23774a1164339,4
dbbd0b354bf0a5da233e085e1237a5b5,2
b3868143fbf5cfe314aa1d6f7602592e,3
e80fb41968bded500d23c26811cc9579,1
11e5b8cad879626f68cd78252074b10f,1
c4992c133469ce0a13a3674be42f66af,1
000087adabef40f7efbe1ff696eb83f9,4
aaa623cc8de69319611c01b9ba4a6fba,1
b4c655fad59ce763d6ecad95aab4c8cd,1
2b915dbafd882fdd778122b089e64912,4
b7ed298bcfa7e89fba2aef5aeb3bdbf2,1
f572283074754287011d555bd27a3e9b,1
f11965f09c0dd7eddfec4dc42e8c8595,2
2894c9dedf1c8eba8642a49972b925d6,2
917d81ea4af9f0e539e6f9ddd361d3b2,2
9cba9a09c3af9bc0daa3ea12efbcf32c,1
f633ec64504101ddde1385b7f7cd0d96,2
4c7414f2a482b3c1b9a17a289f8875fe,2
13efd366b912c551bd0ca42a29d2a37d,1
c37415849ad5bedc6344a7e8adb27dca,1
18a8b5518f7bc131171a9f066bf31403,5
a88696d7ef46ea3aa194b4c50adf89ca,1
1924590fd21acae746c813ba3575352a,2
a9092615c20d0c8962d7b07c1dd59732,2
a9997144c09b8047b4d922c4620c0f24,4
7f2ebe65d59e02d8a13b122686b286cf,3
76a961a3996de1b47144325c304470a9,2
bc2260883e02400ccf2e5cd9eeffa02b,2
9f18deb82fa6a1d440294278a1c56cb0,2
6cfe13b6654b83dc172f0349a5ef1612,3
87df528c307b2dffb6b4711b5a891c7d,2
1701d5d4eb7a54cd6c21dc879ca62ee1,2
10e9973ab16c17e02b04bfd91fd44996,2
ef4709b0acae3e00a4e401117bf57e91,3
1601915f7b6ddfe9216ea0ea11b34f8b,1
c7c922628973ec7b07c182d049019b43,1
a79da139e05d5e3a6650b962d3bb0fdd,2
ed719fb13230cb005587bf659f9e2460,2
1f239290e70c16c2fa41fe5db9597df9,3
b8ac35513e45d9f7daf87b745bf4e3a1,1
bf8128aae2ed1393fbd247f620d6ea05,2
4cead9ede3e40c9a1b08da534f65f03b,2
0504501bc550ddc2aeec639046769d92,1
808eda3bbc8f5da0b6e16c666c582335,1
0d333719019f719caf3b5d6099142918,2
b511a2acc37c1b5cf807b05eee77e5c3,2
6710a64e7e0ad7055aa0ac46a9be8c32,1
9aef41f92cd207f890c98bbdb5c68c86,1
d778189c995076df877d4caed09c966a,2
289bf6e2eaebbd4494b3ee56cad23be7,2
d2cac59d8164e6154426232960d01ba4,1
9a7a5a861e36469b6f11eb3b6cc25aef,2
a360d7461fdcda1c943385a2ee4e6bab,2
6010e5c7fd296860ed19b516a0f57ae8,1
8f4c3a16b1cfc3463cddf48aab3e6bf9,1
0b3b3a5ea95b23888a1975b99abc683c,1
0c9cd721014bb960b3983d065d1b584d,3
f0a7ab2ec0f4518be4a7b2e13eecf533,1
f84ec7672ed4c5f688870b1eb92a1f2d,5
bf182bc286d2635b58d8e2bb46d515ae,2
c64be6b70723260ab9d2fd2e0b1c4003,4
56f8c0e80079519fc3cf869d4aecd55f,1
2fd2b6ca2e8488961f349d2445176b0a,1
0b7777083467b0b5f543fd98a187ec5f,1
a8d671888558826fee6ea1125df4c8e0,1
0aa046614fac8aef4e7197a50b723773,3
998220700ae3d837ecde95f21e4149be,1
91d03f6c17d56b29cb8213d8e022eac6,1
4a824db88083cd9e7b45f19f2b8e9b5e,1
258aa7a2eec90b1d762d7dec8edac35b,2
f48533df010cad16825991b7d96d1a55,3
cab6fb1c2f7044007e22fc508d0ce1e4,1
f26f5e8af51a2cf0761675568c1959f4,1
f81ce4e329ac09ee0e688b1d469c1a5e,2
f523e8221e7515b836397c6c2b7a1d42,2
c51f502598061548046b85f9cbe55dcf,1
76129a750e79853acb1d1978c87c97af,2
66905425d00a794cd27a81ad373d82bc,1
f6fddde0bc7b77e9cb8916aa5dfbc0f4,1
47502ec9f6afbaa732d2b785e41a4c1d,1
e2a58822ee22174c8b982bd778a3860b,3
2fd3f3c9ac2d50b2d2e8a851d1a50d94,1
825103fc2a12c8796a18b9d5cd0c5f3b,3
3c323f459457067ce515d3642ec25df6,4
6c08c65aafd429755e5b018fc3fa115d,2
2650d83b2cc1fd149cf1a496a824c137,2
9b9560a30ea2a1958bad0d74750f792f,2
6255edddfeee60cdc2154117e484806e,1
558a8875374de186ecd3fe805b5b70a0,3
2b40f8a51bbad8a780efdc37838281a8,2
be41aa9c331069eeda576ce3c73f49df,1
fc001a6d915dc44c1c7cc3f91ec1860f,2
2e2e3ccee4e41ccc6ad38b37e558a458,1
9f80d7ed3ca7f3ab2435a717028573c0,1
1787fc1b13771c0bc2d7676ce06a6f95,3
c1fc52e85c81fee73dbed76de2da9ada,2
4606926af07cabbd7d3f0cc42f11e3d0,2
211fd00a0ece8da76593814e6113decd,1
a34aed5c3dfe77b30bc4114e12fb2745,2
b313bfcf79df62c0e4faba06da1f57d6,1
b836263222c5cd475c82d5cb5d5fac70,1
4d55d11954a35a366f768e011892f092,2
89dcd210af496157731df3a377b4023d,3
ceceaa44f7c63f52e203c8a23f278da1,1
6038e21e1a45193f20ae71f4ade5c432,2
f2459cb62295bb33f91a9ae9bb7a2b66,3
fcb4d45ad38503ba7c2a216873763234,4
f86e361a0d18a2d1f93ef2068f3e4c27,2
c0b105e2adedb703ce82f558329ac566,6
536065594c18af509beda2b4520a1b9f,1
febb99236bdc787fef109878183ec1fb,1
4ac367aabd00b892000d868ead7a231c,3
5737a5b05279aeb31849ae5a2226f642,1
f22fa963c8e9e7ce22a654b6edde3f09,2
f19bdb5b833d9efd8d35b5ea9ed4a5b2,2
aa5febc92e6ba628e3a931454a68cf36,2
b7728e2c38da8e26e18cfad90f583012,1
92a3b7e518053ad315a4d7ba8ade3941,1
61f420a99a8f6d3b1ef9923490b7ae3a,1
5ffdd71cae784ab01a255b73c13b4af9,1
98ac6db938c3bddd68f845aa9fd39021,3
55581c626ca6a7e2b6723a282c54ae67,4
8533a729d6cf9479278edcff8c29bea9,1
7391ab287ed456809b1c156e24925dd7,1
095d04ae752093ace0999035ec40400a,2
ffea8639b365913c724a2080977b2e59,1
6e0efae365b54f7d223ae0972d47a0f8,1
209416f74789f09ff1f4b86a42459b42,2
906cce7675f5255f2852ef3eda0a4c14,2
533e5992bf42c764aaeabc18e3aeab71,4
ffb8c0cdc00665d8c542f9355c3bfa65,1
beb67b90b2df0a396bdc996af325a98d,1
018ce14e429fecf16a787b60b7974613,1
ce95b0fd2cb446e7d91dbed200bf60f8,1
1b2f57bf98dd4f0539d067db2fba74b8,1
6688477511dbaa266ca91cceef655c27,2
72b6fc87d70b4141d371a09fbe9ee4d5,1
9f4b1d6dca8b4afae0c402de4e8f1ddc,1
ef5e58ae3864d5c7564d8fdb2380b50a,1
ab464eea4526f3554eb2fccdcd473ef6,5
f4bb092f9c7d3a91c4fe426155f2d777,1
f4a02e6eb82d10bc875bafff76ba66a8,2
959755a05ea023ad539ce59de4cee0d1,2
d6dfd83cb2f9572152e2bb1c35d48eb8,1
6aa476821eabd60ad998397aa8a1ee36,1
7091a486c80645fb613068e93fe365bc,2
50651a7938fc8ffe9819b39f956a219d,1
42a983f5ce139f08f6a82927f54201b3,2
4dbc6ad0b1c60c529b4b95ac396029f0,2
5fb91f46b0b06f6fcdf12a984e3ab3b9,2
62b5632a984872d429cef6f51b2af615,2
4fc4670a0e6ae5d1899a1aeced3f8d98,2
93121aa5d2df2f95f62a15d8eec40c56,1
ccaddfd290222ded8710c8dee1e2a08f,2
3d0298b49d15c18a2f90cd81fe91b078,1
377d2907a282010a574e9aab75c413fc,1
a3d2c4125a49906f4017c74ae5f19517,2
2423e4a58d80e54a492e80ca33433490,1
4882313be2ee1fde5d596514588f8085,2
f6c90e63e656b576ca0a354cf585c89d,1
d0c3b86c1698f0a01fa7c331f60850bd,3
8a73f5f93d736c70466059b0da82a1f6,1
adb0cd63e2c9e89fb6bf3c77b7cb6382,1
a6ab383fee2551491b7fbd9b1df0bc1b,1
617f4c3009428dc852f511a676bc883d,3
f740763d75b149081cc1f586ef88a2da,1
d11f61a2e758e4cece39ca5960beb7d2,2
e40c4cb8a66764a3696d3b56e3b01f0c,2
32e0ca3de8af499c5c3a20f3c453749c,4
a2430f2f6f29d63df68664b6835e45e0,2
b1f57210a4f16158bf182c212c05b7aa,2
12dfb22060424c8a293c41a84da634d1,1
1208e3e08b0e338c91b80844902fc091,3
aa813b84522f492eca0ca40fbe18e237,3
9fd468eb0826eab8cbfbd7fc55562040,1
5664cfaad8383302b0bbea689d06f23f,1
e44916198eb6034e8a53ecd29cef8691,3
aa7888a3776f1fbc9f3073a9449b9214,3
f70ff14969a171541148417a08ea5986,2
18b9d2d64862c0ed22caaf09c2e8ba6b,2
98332b3c82e7a396ea49a1100ad0167a,2
0b3a61cf10710157bd126de06978361b,2
431e06ba8a266daa550a2fcd89ce3e82,3
f83bf8d750bb2a83326aefe84325c604,2
f26f7606bca1a4ad8b6e89e08d384980,2
a1d33079f54770c63768990daf454ce1,2
8519a6381678413153f8c8f98ef508d2,4
14bb51db26d2b98aa360357b02837daa,2
fac431283f85f9460d992144afcb1cc0,1
8bee4eb28f81c9df1dd3278a830f2f00,1
c52cd34eae63787e4cf39e2b91e7e665,2
d0a7258e162b9dfa1db7ebe77d80460d,2
66f56bb54b02c626c2ee308559792490,1
fb7f00583687d381db316a03a02973cc,1
49e808cae92f2ba9d7bf3f108976adfd,1
5c91a696991c3d0d0e233d8f96e7320b,2
cc9e965ba742edd2ac9d6c5793ae180b,2
f48eafed6d75a8f3e3d09799e53aec34,1
1c5604a7a5ec8ac3e480093ed0b445fa,1
dbdb5264dffc0362de8ec69557564186,1
0463c8da43b35054c4818b20cabac402,3
dda9950b941689132346de36eef6ff85,1
3726314245c5f07289c8bbfc095f1681,1
986121d817b7d97240efbfe5a1aa0569,1
d87cffee0ed7fd1744e83ea8fb10c2de,1
c92d180d7fdc59fbf08a06adb505094a,1
19e551a6c90aabf0bb537146150fd08f,1
79b0fa8ac1f35cace8994d1b1032079d,1
d60c309f3a08d81c1f4d0461a4927260,1
44b7f8601482dccc9c05bc6d39f69517,1
402a0c28812de52745d77636b16d2dd2,1
69a9ef5b8aced6cf946d7d65c2b67629,2
6b8a61a73699419e1625f37aed691f6b,1
05ede9aad7c4757ea120f3e72a440a48,1
80485cd3d2b429f993e9a8e15e09a934,3
b707a10630796961fdb2d7a2fbad3b90,2
bfdca1d40bfef4aaf36b5d6346c9127a,2
5d7039e6c173d7c05ac9fb341429deb5,1
a4a2ccb97851f82c5c8c00d89935f38a,2
e3b44309aea736796ac460ad296e4cb6,4
cc2c32944d39302d969fd1cb08029e5f,2
3956b6a294a4c77c2f01c2b8ec628f16,3
12c93c972f79584008aa34f97d059a32,1
2a51c2277fa6e3f8251f3c58e1578cc6,1
a2c4f7fe980c3bcea31fd71dd1a206b0,3
9a48d9f6ede7c381a476605388f2e079,1
61dab4f1984ca47c53e1e03f6262d32d,2
aeddba83eebebf36043935611e7347df,1
3d80883a826e7f694f04df63e4e21c56,1
1c0d19ba691e57e0c760d7b57d291c79,1
4f7308c161b05a03d12e29fedab1ddd1,1
d9881b65b2b29f8bd606ce1daf2b11da,1
50ac8779e10caf537a6733bae742524f,1
cbafa09e5cba0e9abb80fe5443fee034,1
903290a03f20ae6b31db64f9f95f6432,1
bebcd3541b12f4f32ad348caf05d64ad,1
3120c61fa5f6b999c9bd2bb9fda0fa4d,3
2b95f314e2841e5c1c39b2b987ea8a5b,2
2d8b446b219e0a9b787dedbf84b65f69,3
2c994c507f127514f08b88ab0adbc407,3
83eb88aa0732f047b2e6b33cd7af3bd7,5
e9280efff24fd72d2ce756d1510d3d3d,1
3cac2ef0d59f6b16bde89ad728844740,3
5a606b6a2b3d244f22f6996b9fdb9672,1
ee5a2fe3f50df79f5c207885f2bee79e,2
a8b0625cf98fced7661aa9bee85523b1,2
34171859ab27abd0a9f5b60f2a47ac9f,3
bbce680ca5adf59dc749e57348b7d65c,1
9d551bfb5f615699425588b0321c2f23,2
af8a8bc5e956903ad0778c2ffe6330b6,1
1e31d3512dc1bedd9784d8a4fa7099fc,1
e19661559e4b7921a3c41afc946e92bb,2
94870e3b03430a2984e870b1b514aaff,2
5f3def79316059393af723eaa5d6f0d1,1
aec6345a98ce93dbc1f9ded7fbf24de9,2
fb15fb11e9d0ea2f624641b6cfddebbf,2
d7bd50e908047a8ae4354d8410ff8083,1
86967a1a2f8a814090568277c529a272,2
1d9e960a51b7251829054e10ab7cc7c5,1
b8f75efa47a821032525073ae8c4b1d8,1
db7658205de58cd7883bdfa1b08d1ffc,3
3fcbb9763722a67f370edf64d16e4f95,2
5d39a3d0aa23ae675c294680475b0392,1
4d00a1e9f956d5456488d52c270f65bc,3
f0821f90476ef4b83e688499317c595b,1
e3a3d4ab54185c36467ecfb1e0d31348,1
6302e32a076156e182c354bf84b39cc6,2
39aacee56fe10f11cee17abbaa23dad1,2
00ec87eef307583f48228866e162e610,2
bcffe48bcebdc1e572bc642d43b23fc0,1
7e3dc754030ef8e1b342034d3215895e,1
7babd8db5d36d0f389dc6650a6a46342,1
04a1535a8f91006ce0b4522a90af0cd0,4
0427420cef88ff8aed4897d1e7cb33ed,1
be972c5161abb4595821c9faec9f9162,3
71444a965b12d1b66ab14651e7c324a4,1
d3a78056df5c86df7edb7af3dd9f9169,1
9826b5bf4d58fe7544c1ade0c0a8db66,1
cb6f627e21968c47a737233eb4212401,2
695fe16e56030f69a918f2a01641731b,1
ea8e4a5779734a065f9e9d6ee77f846f,2
f3c0064192ba1a5ba6dfb4d51a06f2b3,2
6a53e98aaca2b4e7aab3e4052665cfa0,1
21efbc573d9779628136d8cb7c170004,3
a6d16264834eec9c5133a74fd517fdd4,2
435de2c10c408d67d2f4863c7e87a47f,1
8a8350fbdc9d657973f02994356d87ca,3
92cad7359c8318ec2b0bff0702d45e30,2
a14a6324391fe97e39a4e73d3208b54f,2
f20eefc1b0066d7a79489d774f4b6f78,3
b61525df9fc0f14895997a7afb7c215a,2
8c92ac4fcb07ea155a3d971c8700369c,2
39a8980368459046eb109db919bd2975,3
e5415bdbf69168b5842b3c4ff6fd739a,1
e8126ed69d173cf052d11f391a02efab,2
87328466e2f9b334cc39d75281439d8f,1
e305a4b9b5a442219f80c68dc2c72b8f,2
81d972475fb40ae2fbc678683b93612a,1
33f3a969d6c642da0ffa150ea24ada03,1
7cf1dd98770d7f5cb9cc8a033eb26b5a,3
634b765247400d136f7baf9de2b23aa4,1
cd9d7d16cb0a9f78b083ec9f5b1f9141,2
a3fd1b8d101e2237dd16e79240fc41b9,2
03cbb5969465abf0acb6b0fc67e7161b,1
3818a3567af6aa7a791b5080fb2606d3,3
de02afb5a7bfd380e2f88e9f452d0bed,1
74efbddfc36ed5716679907721fa1832,1
88c12c43752d8aec50763afc28f51338,2
58a2540f2f2e4d46da4d657516668106,2
d949fd27cf5af7ee56aecc08b1b4bab4,3
268ec9c45def71d2fe50bd31acdc6b8c,1
6bbe14814abf4d1ff9afa3459fd517f8,2
1a5a71e33f88058e310bc21b6cc00da6,1
aa2816d2dde46c64ea8c8e2952fdca0b,2
fc69dcb972f4594554da7338f7d91253,1
04e0e58a5557697f356fc0cccd5fdcf1,4
6c7bef5ae3ef8ec51cb330052e5c97e1,1
41693228a252bffed5bed8f4b481f3b0,3
73d30779d2fd3a59dae1d1ec6400a9b4,1
d33e6c7db01ca927361556baae332bd6,1
c12c4de23b18bae791532a7ea593c62b,2
33f5c07cc448ae90f2e012a7f3673c02,3
d7272d198a5dd9efaf4b18b9352efc9c,1
d5398b920e6b1e51d1d8d1445ad09614,1
5e66a197cf0d538de40483feb29fec72,1
79423910f1ad075edb0e9d4dd6ea3c2c,1
d1d4b24f1bc21a521d8b0d0bc9e31f47,2
62fae3982c4ec5d1eb5c51b44c01431b,1
2cac4f5c3959fdfbc0bf4670c0e80d85,2
08d5a59a1e0a074ec377903fb88ebcf2,3
fae1c343815dafd34b11e04bcd2d7290,2
2dd85d39f4b53842beb59bc93ddf680b,3
5ef18409ce09218ab735734f46602fe1,1
e8c4e595efb12503328ccba876f2e232,2
285482cf7e7924c744795f2c10ad3580,2
6aacd5dc98f7215cfdfb98e4325c21a9,4
011c837f9860778437c1f13a32052a0f,1
baca06e7d6f5cf81e142480a4586973b,1
3ba9d8794aa68075f53c9e19deb27b97,2
441935d5e115264a26b2f38891c56716,2
b3fc5930c31a4a5abeaf9cb12cf8b20d,1
7b38fd25aa5e9ea492a3ae8090131696,1
57dc0039d1c0a6d73b5f6b04eb5492af,2
779de91a6b3ff5427962bc61d73d83f6,1
2655dd12612321a1c576b5d1fe0fc195,1
1e050e0389e87d315436d066054eaee4,6
b1083bf757cdc155d46d359cd12b3529,2
0a36305c40d166212bc9595c80acb750,2
6c282d7b5aea26b2575413dc50280a8d,1
e6a7523b2c8de19bfb3f3e9e9b0b7cc3,1
dc80e10356d7a9d8d25b54b49a094c61,1
adfdb1a261c0bdc84059d986c1c3c4e9,5
be644b40f9f9440af2401c3800c4d5d0,1
e47254b93cc3fa32bd6bba52cdb47ff6,1
1b394e29a2d455cf5666f4ae546bfd6b,3
7ce59b0982130778894c26e89b1b977c,1
2b16277566f8e838a27fb99814b4c262,2
caf60467100676cc49a5a2593fe7bff8,2
4f53298b622dd9cb357a3fa9f7744e0d,2
cd98f2f11351627236a9a429756140bc,1
290605d60be8fb327845c5b6f5e3371f,2
a84b2e396cc2244418fe852cb0b4730e,1
e921036507ec415f31a6dc9db3860b8c,3
5eba3a02730daa1a91186b737f5989cd,1
fd42c1b5057b09ab6acac0c4c5ebc4b9,3
40c9c78129e9a589abd0e487781321a5,1
6fd31fbc2caa68f7ce4d005e26bef112,2
a9b4c1d893f5cc4292d7ebefa8bcf6c4,3
01a1ccddf4b94541be67376857b4f098,1
5ebe5b45ac27cf2e64b8788a1a4f97c4,1
40d530f08e457c411096b30a8aff8054,1
f1223a5bf3b274ad89786588694515b6,2
a893d3583602d2506e191bae14fa6316,1
812703b84ba67d479a6fa9be0221101d,1
9be1c091538dd8b6c65484506243eb25,3
3da8fc78c06f32fb34db20f8ca685f48,1
0231c00eab65156a1ec6c2d0a4161926,1
e66cbf2389fc792e7a1288cc9a7215c6,2
2461d818a900ac2cf956b87d72fb52bf,1
c7a868e99abf064b2f56928c92ec9307,1
0ac3c2051c7ce92021ad611644512cff,2
9daec42e21fb74a5918857e544462774,3
f0bd1de65ad3f48c91cee78c2a2bc124,3
f962158934973ab6bd933281ccbc1c82,2
ef67093e4685a1a185afe3eaee8d4cb8,2
20872f481fb32959b90dcd637dde354e,1
327d11c6bcff4e7452f57a244958e305,2
2098d3d0c664f3e065e1ff2c2bdb013c,2
4ae50d3f14d1930ff96ac169c1022484,2
9b7177a2ac3efccc092f7bdf23054395,2
20e9887c0930f841266cdf1a6001c124,2
f1a03ae211f8f8dea88036763169d2ef,2
3371632091a09df51f33835669ae0b90,2
cdf5909eaecaffbb0543503380cbf502,1
138ab9e3b3930150ccc9943a327f2281,3
52c17c0fdab11e825c264f77a779b63a,1
bbfbec20f6a1d1cc0babfb4bfa4106de,1
bfd61ef364f46821e4f9a82151ac463e,3
9749b45ce50c45dc367427d0d46e042a,2
72b67f5b2d71c372bbc27728a9ebe63e,3
cbcd6f760988477acb0cbe39c42d0332,1
f5f1680c88e1a93ec6910bc925169d34,2
122af475535ad958826ba48452c0e319,1
9f61dd00918f3e9de72148563c3c82fc,1
008ca4c0845e0446f0de93b966bd47ae,1
86f32362075c1eaa06bbe9483a120bc2,4
a8e4b866dbd7b41df5d5e75df24aebde,1
c969689febcf011518d6ed2f1a86ec52,1
04654c9d978b0e1126977f1523d7d6bd,1
ee461bd0ac59cf9ee45e330539432d0b,2
ce7312eda350ce606a7377cb68a6dc08,1
6317f812941f5412b0ae98ce00709964,3
f8b22069c14305128d541eba3a57011b,1
1d2ee6fdf4ed52b2ec4b2f6e22964af3,1
101f1b83bb3cc7577b578518b36822dc,3
929d857176879e84e29f9146e9ac0ee7,2
9b94a6dd6b77ed1b7fd1b3ce9a6c37f9,3
513e68590a768dcd8c0644feda43edf4,3
05712788c43c88d479815ccaf4eef18d,2
424a11e87c3921e611fe86341689b89e,4
46205aaa79113e875becc79af1673e99,2
f59993c1c2c0db41845d6c0e5b01f46f,1
ba76361ee72b76df7c24b73a68b8c80e,2
d99e3122c325e514b570678ab4307af1,2
1d412d2ef9ad1cfbc56256d4c5be9120,3
5dbc84a261d282e0b07b296c0d218cb4,2
c2dc54121ace38a619e61f789de809d6,2
d9061ab5b645905d187503bdbfa49ae1,3
59fc6368e46d7cbd5af2c4657a252d57,1
fb2f714920765e24e35f63a0c724d8b3,2
edf203655eb44e05d5a03870d1b922cf,2
f1b1477e7aaa5401827c44a0c908823c,1
dc8836b5b48cbf5c0eeceece07393ebe,1
832dfba9d78f7fc691ce68b35fd46042,2
611b3b2dd30098aa3216334c6a13b1b5,2
5536461bbb0eda5f79ef05f15a01dfa9,1
31b654dec34c6378048166940e407b02,2
48d9eab53509334e92b4ffe95c427b40,2
2e30399bb11a6e3e3437557240c8459f,2
b8d1ce21e0f4afcfd4c29e65a79dd91c,1
640c23891b483631984ed72dce495acf,2
f01ca750db61f64691e31cf52bc692a2,1
756d7e8a034ba49b0535f9114db5e59b,1
fe0db91f98e2f5817d040e07120d12e3,1
a6351299c6a1ad57564dfc2ef7007d1c,1
56dc704eedc4cbd3f8c53c9d32f73aa7,4
5c62e1163d5b430ef10388abedf651ab,2
6bf2cb5441e3dc36d0269bb2e716491a,2
62ef00b735cbb1ccfabf68666f12c4a5,5
f336b013db8adc39e78f946fc1e87943,2
6e8797f8276f840278669814a00d920f,1
5b80e1712d3868fe381395b771b9c2ff,2
1c6969023d81ff0ecfa3b7ce2337694a,2
885fc7a5113b8d54bfa36ba8e9df5857,1
64dbd5a4c7d86f4aa202ca4329367802,1
81f9eeba9529e910b78e64d6ad80b1d2,2
9e3c76a85a8593a39e8baba773756492,2
fd913e0e9b39001d388f355eee77d9ae,2
85de61ca23243174f55276385b0819ba,3
3e2ff3e2e2a609feb721607b04041e8b,1
40a160b6c09aef11713c3371ec963f65,2
a67411876cb5417b600eea40141722c6,3
c64f3e01c00186ec1888a0fb0714ddb8,2
cc422865a6b42a651a57bb6c51037e10,1
4f31ef0e585d88bdb1d337002b00e2bd,2
55390a245e685378184116135a48c4ab,1
cfa9c1e27e50530f7d8ec35db60bde99,1
a44867aafb546d7146d865ad2e0b7587,2
a7d532cee643c2725d5bafa54868b7e0,1
148347b9852f452c3f39557902fbf342,3
c300a6500ec3a9ec21a043f9159ecca6,3
d60d713be0d53771a19c2bf9a9c42221,1
ee94c44bf14e75ce59e0d161c5404555,2
8921de2c5da6a5090a17cd0959f4ded0,2
3a5988b893da6495a1ad360468711153,2
54fe93d73d3d5bda66489e82eabc362d,4
0dd7f5d41721ca15226f31c04b2abca4,2
a9ead4be801059a223689e1057cd124a,1
44dd2f3cf2c9d0e5aaa93230c2e185e4,2
879f0cc70bca77a4bd25cb90ce54608f,1
9742fcfc992eb5b7eb1108c919fadaae,1
4e50c731a6eb84fa290a345cf51601c0,3
840d84b11713f4627c5d0b9bd88ce09b,2
8b9b6b8ac6504360bacc846f6437f62b,2
41045b06f5b500f78d9ee383b9ee9fb0,1
41b773ff8b3e5e0bfd5d3a88a3604cbf,2
36c67fdf5891d7f9f85ff4224bd2a21a,5
cfca401105d01367503328416fac5eee,3
d37403ad099481efdc7dd0da73e79850,3
7849ad5b32a890f80d5a0ca927bf2e3a,1
28b92bcae5d9f699d476384aefd10551,2
96d5045b809237a7357e463488d3716e,3
b629cf9a7bbd272b7ed319bfafced7e7,1
3737bd040aff38fe3fcb1b74cd102d2e,1
557b5c3fb431a15ad0e3156ef9d8e558,2
48a8c3c8ccad0bf780221d00791cf296,3
ec29d9fa7fbdccecb60f2ba59d19a602,2
55ac212409d5dde7654cb40397963d7f,2
e82bcdfe69bc8a7ec1cf2476b30d9373,1
007b891201d46d3da55aead681f895d6,2
0ea23190c25effffa20c87cf898c003b,1
a27acb6f6e071b0b85d550fd0da559f8,2
a6f8d46ef8681e93e34c7e5cc1aed1f4,2
a87bf57002bab6652f3b616ac1bd16f8,1
2a7415ba5770c7a13d47608029408e85,2
d65ee4c35ac9ab767f4b0cf0a0323d75,3
a3ad9764088b5e77fd9b6ebb56d52548,2
f2001f5132efa37bc3b5b28bdefe68c6,1
be94090455ca81e436376a8067a4dfe5,1
558e958088c0b911f53463433da8ce89,1
b07425be389e514b1d1e899f2f6ad50d,1
541179c53e431f813b0fcfffb868eb36,2
0cb88b8276f1fbdb2f18ad3a6d284f10,2
b35d24f2a98403a63a7aea7629f59e82,1
1e5a5e7dab7f1d95ed8fa4465a199adc,2
03913e99930becb8ec65b10281cf60ba,1
7df0856473e8c843ffa120c9fcd4981c,1
fb0489b3b32735953531a8a7a3ade0bd,1
c423c11c019b066b8e452f62f9bae25d,1
b272b2f66dc6e58852389394bbe24792,2
0d87e9c559a494108e1deb2d8c81e11d,1
0488bad2c73d719571c254be74adfdfa,1
d7c7729753ae4963f2bfd4715adc40fe,2
9e198a47692cabdc1e373719a7de3ef5,1
0d77ffc97f48fb9162801812415cc790,2
6987003065140617dd8f8432b55a20a3,1
0ea7bc3a6cdcca5524ebc03082506e1e,2
a3c967dd106fbc27e91e1bf7dfc73a27,4
9546d7177be31c33259295d1a5e1c5fb,1
2fd0debde54cb5bb04541833fa00ca43,2
0b5c6103f54bd31ad0d483d975bd438c,1
84d3d660a2effedc014a0e086b752570,2
d3805f745380d6c150f0e41bdd5bbb9a,2
6f3e73130cd4accf249b7ae9419e35bc,1
f99b78bde0580f24ed8f570217b0ab7c,1
4e19ed3782150f180b14f063b0ecb8c7,1
46b7493f8fb300c8d84fbb08afd75d10,1
a0e231a1fe9cfc2a8d450a7cccb48db8,2
50810b5e2d8c538483f57e75e8c8b2e3,2
7e3eb7a7aced00e7f205747f31effe6f,2
2687585fb90267442e303bc14ab03cd1,3
8badccfff744e2cc25fc87badbf1bc3a,3
9ac6aababb509353903794800d710372,2
01c5628dd8293d43bd779a80ce4a92ca,2
b29c3616f0e3fea78333bb01d6aa9476,2
d0dbddd69e8e64d5c43e93d418d9bd2e,2
c711744fcaf62a73e983912164ced843,1
b395bbb6438a2a81486b97ecd5747a3a,2
b1ebc7be58ad45b3caa373102774234c,2
a4b80bf1028cafe50b6e76e9dc9c3162,1
de955748f4dcf97b306ad8a8860ebab5,1
69f4cfabf0a5fcfd2b3c7cc18fdc0be8,2
b1bb1028ba88a4b2bd58460f85b0ed27,3
502959baf74c61c4997666a67598e0fb,1
3c07251fb46f94147882200d035856bf,2
5f844aef29d01c6ae2142d549e566958,1
5f9704af5b540e97611ac618ae2dd3bc,2
2dafd64bfa7dd7487eea70ef7e831107,2
571b0854fe5d635eda2468686e3ee0b0,2
347c2e9ccbb55f32e3f1e32ea1896cad,1
dde593a277c77da051acdcee6a4c731c,2
714602c56619360aecfc66c55db606ab,2
4ff1e511d8caeb9ba8d076938f2a8b08,2
12dcd88a3f128d96d94d75bf1ce78b74,3
39878f55896bcc0e9b65ea9a651a1ac1,1
bef5ca91f00326d9dc52cb071a362ad3,1
3c704c9c15f4e25afaabfe60b0a1af04,2
61a09b4073c42d58fea2b043360b0357,2
a94010e4d424ce21146150372e6c6db9,1
89b4f2fdc82c15a5df0f7699732a5115,1
1450011a03e83423de1678b979e6d276,1
6636a7490c3d1e5ed833d34b7e5ee2c5,1
a72c537da85789440a946aaf3ec6b799,1
55f9bf5217a4dbbf41d1bcf45082e941,1
3032de555eec74fe42e40b5df2b68ed6,2
196ee5a423fb1dc71398e9519771ab41,2
acd466da1844a4b366946db620694c71,2
8b7beb18ac25b0b60ae7a74e62cc4530,1
6d2cb30547d996efcc6d5b9a83de7e36,3
555f0019790a261339fb7e7b3aaff17b,1
8196d20ce7a8ded405f71636c1c3bfa2,1
5625a322bb8be36f6d28b604f369227f,3
ab147224784c0c82c7b272f2641d3140,1
5f0a632c9546a7da194aa07aaadbe6d9,3
4a2de917288f22b776c459adfcc69210,3
d94fd016e0bd53f526e23f72b1f46a45,1
83d0aae67f000dbb1fb4071f8b7a5103,2
49cca48abdbd9f713aaa6fef8f1c23a0,4
1d0c143c1467438e7d66d51f475a30af,1
b018b5c854ea3a2fc5c454b987cc85b9,1
b0c5687c29bbc7a147546393b218ed28,2
1b0c33545ff49a731407542204d95f96,1
ac3dd7f93971c79a48abd8cb829cd9ef,1
36bb8b6cca745b24745fd2975dade34f,1
92de31e2dfb906f46380ee7c466b7464,1
90c8932c78500554f3de47825fa7ea4a,1
1ea519dc973921a485645d33ae726ffb,3
7e8f478b8d27f9acc4b58490aa865b71,2
c7c19669d6803778ddb5745d5b3e99d1,1
14a2bffa94eb899d884b0df4306e417b,2
53bca253b2b9f9489d3b7c59215a2018,3
1ee4cbe9d09d17367f1f8c598f614751,3
457271d7317e8c021c15da94b592d713,3
24d788a41131a255b1ee54cac94a8f8c,1
b1cc0767ec783793b250db4630c08f6e,2
c7e2e8f031a23d377885729e14fc60b4,1
6d4b930582d3238a404945e39746f68d,3
f3ccf4311027ef4bbe15d54c2b6d2cc7,1
e84ac40c18b97f488620e6e6f48c74b1,2
18b84460b1a12f81874b12eaeb70d43a,1
86203f71ebd9898b1df2336939d4a15c,2
687c7372f2c257ba28a335f5ad61ab75,1
8cc2208027c59e0f1f042316bba486a1,1
25218fbdb017298b3ff680dd134db47a,1
f8982920b33d53e9d498f2ac90803314,1
d06133051286399ff7cd2370ea23e5c7,1
052a0891b1f409c177658712af80d948,3
f67af42577387057408f70fa069d5254,1
72cdb48036a823ac7b3358c1bd750b16,2
e8dd93370a74217c92364be8b685a9ba,1
d81d905a67286c1de2304cfcdf9e1860,1
0ab6429a86f698cfa0ae009b34cfeb96,2
6df62c1bf8e7084425fca4dd3f973962,1
e8448d0941c4e54b4e1a703fbb152782,2
0bcfe68ac5289f603f1ff2c0dcf3e3f4,1
d4f74751d4015ad1a410723efa395e9c,2
e600bb54e368e0940472b3cbbdb5e834,1
711f8b5cb011528c82427b53f75ac424,1
cd062a4d56ff2361ad6347e87d99ac4b,1
9c23474f7afba8cfc6984947b0244350,1
93413e2a343dd0cc6ba7f985c527ade0,5
0a4f8b6e35c92689a8b4871d5012ed0a,2
b08e555af8279cbf24ca79b031980f57,5
101d3ee65ad7dbad77fc9ab903098113,3
fd882025175b678858a9ed192b6f83a8,2
017251d2b9fadad66bd39dd169899b1d,1
df2e3cbb7c885252c69543f7ef98894a,2
bdfd22c1ca4240d0002f822455e4e293,2
90a930bb31051e132cf88812f9c3974e,3
1cf2d68ab73b1ca1b744521db0eb9417,2
838fb630ff4a0898e02f0706e6c202df,2
0646cb1c2a3e8673ae548864efef0ef9,3
7a77a79bc4af93662930024a85cb2bf8,1
5ae1730a174e5bc417109352c260d99c,1
086857cc7ecf152285561968bb3f373d,2
4143ab36b3a85944bb26dcc8e63fab39,1
ec677960ee9e87f638e7cb71beebf2a9,1
f98346662d47e89f218ada5b0c59a4a5,1
39470b51ca1e6b574a92d044f8b669f6,2
908f128b8c57eba1d86004867d56020b,1
ee2af936fa96b9f970330591b81387c0,1
af95be774c500d065a77d5a0d9be35cf,2
d9b8fec676dafc6ff9872a6d86070652,1
e1b5ac5992c147d57170d6ba001dbf66,3
aadcf6790b6a41282215ed6d0e149b35,2
f67ab0e3f327df329088ac843f3bd0e5,1
f5af8eae72d3242f64e43dd035006c99,4
352f6bbde8aff92d14ed63e55c899089,1
2f14a85d6c643507704bafab8550025f,2
9d1130e72af6425351dd0384761462e3,3
26dd6b2ebea400eb4a5fa028c37598e2,2
41cc9b2b2555ea418c66c9ef4e97a366,2
63c076c548ab233766d48e4632b877c7,1
1fc7cd0d1b9793d8edbba79e03dff263,1
102032740186ebf30e4dd27645eef8eb,1
68f046aeb8af35e6b1b1ac522f48eb1b,3
ea3717686cddd0e6040c0504b3a1e623,1
683f6d37d9f1f641d8af2a47c763ef3f,1
0db60883183f9713ea14aa0c0f36f3ab,2
b10bfb511578c6ced41c489ba6c2b640,5
ed149ae65ced402d143cf49373061115,2
a81076e67639688db3c1a46a0195dd11,2
fab9ad3eb86cf3a14072bb99bcb1b892,2
bd94bb9cc71825e029540f4843c9c627,1
62d530ac096a4c48cb27711da98d9cf3,2
ecc403a806f3df4c9e3361456bac604e,4
64549f28e26c2ebc2e45bdc46b1b2ec2,3
0e5db0989c8ff10597ab2494e3125e2e,1
97a56fdb889545b6e30b2c721a3a6b7e,2
60d724be8067594b0cae331c8754350e,2
3c3563bc488f29c4556457be50bd4015,4
400b1703bfcdcafaa1aebbe7a25e95fa,1
51666e7da1b62550813a394ab313c2ee,1
9687f80424ec9ec2194318e7537531f2,2
c1298a04aad5b79b03d666d749ed7eac,2
5bb345dccf2987ba0af8fb91841fc659,3
871cde1cc61094b5a8504d75b17d454d,1
197f7c0bcab0699bc0931b9d451b4776,1
63e560d310d35b345e235cc12d9f51d3,1
4f40dc9ab234ac3b3222cef1f753e964,2
31693abe1709257c0a4ac170917c6fae,3
5c5e5c065c6b7c939a06c56aa27c2061,1
0c2d6067e1b803cf274af7456f438a40,1
b7f7959d62a6b9e942cbfd0d3a0ca5ec,1
b05be3ea579292a28c39a401fa3751c2,1
8c319d5204d331607da7b95754d2f1b1,1
784c507286f561fcbbbc108739e188af,3
6d8a09f7a5a5984ebaaf7300a9290509,2
59f33c1d187e6df324717a23430cda72,4
75febd33cc7962bb732caa50e1c05915,2
3023f7d0a9e8e82e2e7ebaae5b03a01f,2
966a2717495a0596dabc6bca663cb62d,2
a439ea3f972d492374eb8139d366908b,2
53047d8475c49777cb432eb67ce27d36,2
8efb830f3cf53ae0d335de45534ac86d,2
cf28fa545b649b7f65935b664a6ac4f9,2
4d4f61a55c91879cd8fab4a9a46ea06a,2
53061751fcde15bdb4f533e1ccd95e9e,2
ac89b0b84a47e74a6f5ce7049837d310,2
20d63ee11b1d40cdf91fe247ae42449b,1
396fde22c7f82c873045d61c8b0acf0a,4
07ca27fbb18f46944a4f05de763e8f7d,2
bd95bb536129b84e69adc72312d38762,1
18f23f5fa6a437d9d027aa3b91fb9eb3,1
878fe19d04a5931dbe11ccf3750ed893,1
c16f6293de4ca94f1fb55478cd968553,4
6247c9e8a0eb3f7ac43e38eb9c6eae62,1
019c0253a01cbd5f29e8c755202b9d50,1
ad87847a43d0564f5aa9fa93c65632f4,1
1cf9412a671429d1a31986a7fcc5177a,1
0cdca0763ab06d8c485c21f63bc99901,3
0b42ef128df5504fc5b3595c2276a102,1
53f6a5d55109868618c535410da8de21,2
490971014f1383e407652cbf0ef2b018,1
e9e7e8c0cc3d159c5a54d53a00471930,1
5cc9b14054be2237097583912269f3b2,2
8aab0114e2d91119aa5253cac4bc7ee7,1
a02fd4c63bfc458dcc8c0b11a48dd7c3,1
2454f1c77c339e1c0054983c1e9d2135,4
844d83ae30b3f620cdeab6a81efbeb3d,2
37468a5c73d267614f09ed097115a19a,2
3a28487ca3bc953a83d1d0c2df2db21c,1
9d48bd3c2fbc027d8fb28baee87d9e92,4
e02605615f600e3de6848cad5627d7d8,2
f843488940abe7db195bc1d4805326bb,1
fd42a6b5723cbeac7725d1bc0dd3f904,1
d4cec34e540ee5398dca2bcd75f83dca,2
420b2c926dc338fad814e4f59798cb01,1
ae6877e50c60664468877873c459e1cb,4
7dc31db70552555e97538fd5b94e3a7f,1
c50c8e1ca1510204437056e455f1cd5c,2
2cee56afc953f6eeb733b54a3bebf7dc,1
141287503da61916b01bd61233126215,3
7258f2989def3d8a8bcc9b15f7d98498,1
7e9157492264d4017edff8c4d8a44461,1
0365f72aa0e558466670869c6809c798,1
3f57da8e2014acec7be5be0fd9114e37,3
0b355a2aebd36d3b9568b4ce70094943,2
f3fff56f4c3794d53e0bf4c7c0a1b56b,3
58a060fa60abb25930ae05af91408598,1
36a1bd83de138f40eb64fd3f0b25ec7d,1
52024264b3cc887dd3edc4bcf42ec1be,2
a779e34272253cbf0ae5ed4a52a37a84,2
67d8ed4c01371df4caf8397777bf657e,1
56cc0bdcc47b8e396c3beb39ea547bd0,1
d4d56aa9d509082c513867494fc5e3a9,2
28dd0826205c6bb94892ac72f19a8c06,1
6a5d8544a7372cab1b76c22a73e92d37,2
1c3b2fec6c5981f177af9b4c03623c6b,2
ddb069096bcfeb83fbc703c5dbe1a049,1
ae5851b6b76e77fe4ce0a7fbfc5eee21,1
8044389ad0b696b3f0e9ed034b76dbe2,1
34074563af7fa0d4eac47bab2f03b57c,1
51063393c1fe75102f70ca770109855c,1
1b6781df20b53a68d966b4e9bbe702bc,3
760b759ee2a79b21054fe1fe13e4abd5,1
0f62eef6dd593bb42c64c65b3d17c757,1
53cd62cbb3e9c486113415d3d4c00605,1
7ca401c34ba10698ac2e1400bb1c10f0,3
a89c53ee81f117d2afe90df4af1e0d99,3
4ec40ffb2f617cc540d74cf4de3dc267,1
69f503a5f850deadae541a1e1da69508,1
589fa78278ffb3bc5336681e46e102a9,1
2e590ce25cb674f7b10237c1a41845c4,2
ba9090e02f57c5a70786b350c4236d41,2
d5301412b77503a6dcf22c17a15d2972,2
fff66562d49bfd6a11167fd93e751a96,3
1cdbef706a0d2e87ce0a830053c01e23,3
36eafdbb07d9ff2c2e384ffd8b7e8212,1
87c3aa45cc25aa61b322ad2243dab361,2
cb593c52d67fbb1e0bf3a0f79d4d9269,5
efe2ab54370e9fe9e56b4e45282bed47,3
c558efd42135648a95791070e2c91404,1
66de161caaa8bf4d5a3ea26b9dbf60ea,2
66492532a3f2d8e4d4bbf5d50511bb62,1
fff5ef2d6ed4a0c767757aaf7043e907,1
8150b71fcd1a1f1ac51a7639090f6d9d,3
75a889f1ccb2139317ecea7a12f8f0fd,1
bb1ec198199fd25785205d72ec33f9ee,2
d30eecfa672d323253f0be01d2d975c3,2
50ceba873cbd408377b78de07b0c4ad3,1
f8dd6a43ffb57d9be838517415ba660e,2
4e48bfe9632483928c7a67766b0e14dc,2
8f75ba02acf1773599d2dacb30feeb52,1
7971d0de3061050f127cc997c71a2e6c,1
0c874b35d20a6dda2d4635fba0251fb5,1
a810a06c8bcad562ad034f66ed4a96e8,3
5c7422174f56f5570c01c4141a645f35,4
7ae868d5500864b42675f258b514cbd7,3
e575448f306b49a1c8bf5a6ccc627fa2,3
a3e8fbc40dd32d34184183caa413258b,4
0e41b8c132896ad01533f2ca5e7c4baa,1
de2b827e666e56f15bb2fe6595c833e9,3
aae7d9fa22d5e2db481f9ffc5b98af2e,1
133e79758b5c710cabb49813fddf5d13,1
f021cab15923684291659ab60c9a4769,2
336b21a3bef4a77d0df0cc388fd66713,1
cadff8a48a2c2162f7e644ebe96b7033,2
a737ecbd8d9ed44489eb123d9d677947,2
6c6820a77d8e2bfd0c011d169639d05e,3
590abed1087f217ac293a11ed56b7b69,1
76a81cb68620594bdc510470f9f77bc6,1
29a514af0e08d605c0cd3a03a5e7ffcb,2
eeffe6648044fb68613e2db081a4c06e,1
b3b86e981bb8e8425fee49950e5069ea,1
ba0006aedc02ad049eadcecbc293c06f,1
a4c06a69f8aa9fa33c53a3b7076b5b04,1
d704a662a6f8c31f8401e8dd09eddf53,2
c1f84b18561a90f0692a4f69cf743611,2
4c5712bd87e38c0f8c24a69f0129ac06,2
2c98ee719e91b09ea133d9c8a2e55d54,2
f1ef975d893715a994a0ea5f0bc0794b,4
c634b82ca91949a5518c7f21fd480b91,2
5bc8375c733076254c3aadb79d9a66c8,1
a46b3d4691539950af7629aed22d40a5,3
44b9ac2e5eb0f0bfa269014b3eadb32c,3
d2b8017c30fdefe22aafbc5075fb9713,2
dac4ec3f777a5464c083552f38633d7b,2
d995964e3dce77be81d0867519efbdea,2
481ebc97768e98c04e42b61fdffcb4e3,2
820d0c27bb8ceea2495dba9e200a2f62,1
76db461408deb4362a8dc1dfd9d4f324,3
3c68a8dc40f1a1b41a83a1909a823433,4
290bc16e5539900929fd62a3f39fac91,2
8ae2ecd96cb1a23390a8fbadc261f4aa,1
f8463779ef9f259744fc646989a8873c,1
559d8c69d35c38e0e81a29e1e7c4a6cb,1
9e657ece745065066ae335b42250c256,2
f49e8fbc9e523d54b26f1e16c84b5ad8,1
4fa77d701313ec180d0861c327963b8e,2
a124c9703d3dbed1c8db616544ac56db,2
3c769dfef5dc9348f8f0948b0b61f554,1
d5f1ad8f9927f68fc603c8e3e75ee813,2
aedeab11fb74411cb0054b03f921f35b,2
b548ea3b1eead984e8b185b7997062f7,1
0ce74fa17803258a7b18b836f78995d0,3
72a12846a3cb48ec9fa84fe1894838b7,2
915bead3411436ea6fc7662f23324873,1
6ac37e08035a73c5ed7fb59bd6363ab4,2
c00750b1e057d55ad6d69c972d584cb3,1
b81ca1266ae076094ae8f3dca7b80f92,1
6f4d2ed1647c0fa045870f644bff7114,2
560d50335a5257def83b35d93cdb5a6f,3
4f979df4de0d0d9114eeced9bfd25394,4
4cee7006a09af4be6642c453960e53fe,1
6cfc147c42ced0e0ffde73f57d7e9461,1
1030f4f0057d0b75185e2e74a55282c7,2
11d0d2799b890f9ebdab8ffd90ec0dc8,1
db10a2517532cd57a621b42a8b01cde6,1
601b7129d79b2470fa0fb12ca62118e8,2
fe9ecbdf127640dfcee96390c4d0ce70,1
8f788fa635e2c99c78cb73a28745445f,1
10fe5d9a90dda53d501a7428712253de,1
8c0778dce33566fd89b6f113b2464605,2
7d065ada061a671a83cb764dcc64cf6b,4
66cec77c3c02db99974482299963bf88,1
fdc2fa49d4e138d1005572b806db06c1,3
6e4b161b8eb90cf40f39b99a1e6e842e,3
b55ead2dbfe9ba06aaf83f710557f940,1
239a8c81b9585c5c3a477417c6da5e7b,2
c7d034ace56195ceabd7cbebd3a81bf1,2
ada024c5d29944f71c487cbdd11c73d5,1
5ef1b34751b2a729dd4fec4e08351c9f,3
9e48429a33ab25483bdbc5326b2263a3,1
1a13de42570a9370a7e16248c8a066bc,3
035c22a1cd1000239401317f7af546be,2
a7060e6c6dae6b90031fe15e3cd23fc9,2
a57851a583d6f32024125f43f79e3a73,2
565be65e936e99515b4efccdb5685eb1,1
7cf28e6a7d6db56706e378f8770cf850,3
87ba90c9c8a1270079c587a325032050,2
163f8fff23d643a860f53226fc89c379,2
2273dbb1fa73d8ee03fa8c656f9f4341,1
4f3214de913de9654a0e6774888fc0a7,1
5704db4db7b2aad83520832d791a4ab9,4
49b6af06e64a88f82e0d44efeb767dca,2
fbe2591059c7746c862333d812572faa,2
2208f0b8fe74621f56adca37aaa9a682,1
36627f8c03825e62a36bfee6f5c0334a,1
da55b18a29cdc622cbaf8d30ca7d2120,1
8e88b26baf96bbd2feb50a081279b05c,1
3056765d1fddd81676f6656aeb231273,2
fd51ac506e6523356354ced4ec34e5d0,2
deda54f4a5df777199393196bbcc55a2,1
fe3f6f7f97d4b368a7ff613b2e1f5043,1
0936d56caefeacee416169c7a63fea43,2
7b36d7e49a04ae928e8d2c7d47da406a,2
f024159e7d9d62ab54d75f1164830cb1,3
252c40a1cb7eb6c9b36b476bd63ef2b8,6
91eaf388899ca7ed3c94a3f7d0189009,1
929eb8f3fe01b3769fe650baccd532e6,1
c695183fcf4ad144daeadb65aaedfc25,3
782865e79c06c328fc2b72bbf5643ec7,4
55648e5ca9e8662630cb7a3d7a872639,2
aab4f658c8349e26f20836626cd9b6bc,2
ba1662b8ef07f50c9de2d639fe9da121,2
27b1199d5b39c2d3ddbefbdcbb78d2d4,4
c842d52b7ca4b9f04e7edf18d79f6ceb,2
6012fbaba21eb2fbe20e4d1ef3135fb5,2
a70d0583247ffc401367263215892f21,2
3ec215eb12faf993a973ac4a15347bc9,4
e605fd164e14dd836729db512cd2bb7c,2
6ce14a32d6bfe6c29e3cdb1a021a2439,1
45a61b9a609b50096744356ca1315f2e,2
ddfc1e0ac63c234a794b6389ad058020,3
3818aeb581fa77f4e8c5fcc31a4c56da,1
a7fc808466d370f01757711920744041,1
069919367e32cc500d75398d603a0a69,1
b741c8a7d4d5e8123e23b238a842446a,1
847296d41f91fa9350d1063ca6984bcc,2
4795efc10e5221b969c163d55ae50e8d,4
6caf387243e5be2d53e706463d269b47,1
e4cd4e707a6d10b40b368c066cb21359,1
7f1acc624d4498aa21f314faf2d8f7dd,2
3114b835c03978b50772e8e745427b5e,1
c59ee07ae4a840cf58eb2adf0d055a60,1
1caab5b4e65600c9fe9a9b246c8231e7,1
9d9a7b60c5414130d92b14b711c03d35,3
8cd656eb628969c682662bf5a2dc81d7,2
9c39c8a7becd1edadc83c442db573ea6,1
4917cf394458da381f572c5f2b8ca605,3
f2966d5ee45389e7b4e923fe915353e6,2
b072b2b4532e4c4831871f17733781b5,2
e666184b8d3561512e4fb1a917068fe7,2
b591094bbdf31f7138c24f0497c1d03b,1
dc3c47ef10f35b0a02f3c98b5f15d337,2
6a07065075432a3b8bf2f066fc813a47,2
60e8d395f1a0f56bba9819ef8a0846a1,2
86cb397218cf79d7e87a02bbae46df95,2
2ff9677841c91f2195be5207ac484d50,3
dff87e619ed2cd293c417ed917f4f236,1
1bf690485458666d7e3f15ce2b1965c3,1
df24a8c96c040b78fd79f5b3304901bc,2
0bef35b0d837a4ce5d51f7621d4a6140,1
711c381d8ba80887755d86270a6d0dcf,3
bc78b7650c166d97cf92d0876acbb926,2
bb1cc0d04444a8a121b9799a01df1b19,2
2de081634923d0b94d690edba7f6cb92,2
fa288d51e60abaa289b6950c4a3711f4,1
1497cb19cd86c0c15d32be2ef72ce1b7,3
d48b8258dde842cfa87080f6c108be38,1
96ade53421eb799764a1ae02cae9f19e,2
311fbf099cb918a636933dd5636a1c4f,1
565a139dfd6d95ebf9db56cc2dbd8b8c,1
afae7cc53d82a2008547debc815561e9,3
1aa77cc45cfd4a99fef1da7f38b4ff9a,2
ac70bd7cda6d0dbda31e87f75333b1c8,1
531a430e826128c93ea42c0b928a5198,3
dc6cdf7b3b8816052cd225bac0d4ccf9,1
624cfcf704459983e8a8b51088811867,3
eb6483054284ccc5c63e073e5ab9214b,3
e85f41e572c5f8363b8251bf1abef0b0,4
d503760f5c76ee808473fe378124a0fe,1
1ff629a69e8fe158dac8d365374dde57,1
b4e808c3ac155ab518188806f534c11b,1
2f8aedd9fcf939dbf13fca356234d0ad,2
895fb8f8e910801d5d0539afba56308f,2
1cb7658cb0e33864efc5b37aa7857977,1
42eec92a4cb82d82356cc01fdeb72ca8,1
bc1118ea819c2b22dc645403f6e19eb4,1
95adc7235b53d26c90462f53feb84dfe,2
7d82bf52001226a4699d956ea6d05bf9,2
c1906b1d3c1134e47f0707367ed169a3,3
278a8815fbefbe8add7029e96e9d85cc,2
6bba3c3508066835858d77b5bb460402,2
a4d65f4b482d587c013be60bfaa1319d,1
ff3a8876b58c6a1123d49c30e85352be,2
8d7a4c6e8bf0ccc25be2e6366d190daf,1
561b09de669ede4071a81ae4fbdd1d15,4
62d827d0fe91d81698a9ad936765ccf9,2
25c57dd2fc3ec35e9f63a5599e565ca9,1
d342fb1d6e64f28b9d2df9289d03ed83,3
a1dff2b0551753c38b4f0682a420cabb,1
99c0738086f044c46406734de60dd87a,5
7eec19aefe4d3e6b3b22b3a9edc7edf9,1
b79a5238ffd8c399a30605587ba37854,2
e29eface0c1bc68100e7e1be8c95c829,1
29d067962903da6697ad0e1a3fe0d658,3
92cd9a718cd5c65d8f76afb03b878354,2
ec08f7f08f0edf52ddd6ac7e72e399ca,2
610bec019dbd27b229bc2f8d0675e64d,4
620ecbdaf1f99b56e7c9a01ab421b4a6,2
da110a1e22347384e46c2e944e8744fb,2
5eee5ca87c7f1b7bc5142d6318cdb2ba,2
2829f9e2091893c0ef507f94b2cabc9d,1
6e3a57f12df39e86201137a9f2a47c7d,2
16d2a59f7353d49dab86db1049afa99c,2
d3618db0dff112a37d918087d0c7e004,1
e7ff3d78886af8000e87596d6d899e03,2
aa485ac07fa97f2e3b1c8a6ec0de6cb0,2
19ec3932ad6bf1ddf5774135b5b3ddff,1
5a41bd4b7a6cf98b818eb502c8ff16ba,2
882fd3134c9f528ffe7984e8784f52e2,4
b0e992095dfa6b74ddcc0630acf6bd1b,1
d065d4ba17f8096c83992f11edf7b9ac,3
43cd6cd9f4690fe668f6789f02a75fce,1
68c9e5d4c7c54a23a6fc54f46ac80284,2
88a00a4eaba4caa99ce8542c3bf6646e,1
48427d980480b0794eeecd23a0bf254e,2
7d6a40bb6996e008816f71116fb96899,2
95a377d758793c85ebf1332d7465977a,2
4936bac89567b705fa87a84e87db7bd3,1
5329a0ca09e2d2ad0e10f5f9291e507a,3
6eec68eea49687ca9b36acb40b7f595e,3
cf4a978ec912f85814de9a1f18f35e7e,1
3738cff18641ef90a479564432df0f65,1
3d057209e1501d508d78bec912e1a4df,1
d3d78b804215da9fc53236d23e0bf35d,3
6841176d5d239b97fb29eecf3b567304,1
d837dbe52df6f74523131d0c0eb8ae36,2
421a304ceb227cd3349db24d568145d5,2
ebcc1e9c185d04ff70fa7ab36db1c903,1
f1066018029be0a9c817528cecf5a190,1
3cb1a806de93c3d3532c217be0a82024,1
ba8b454fc48d10ff5db1b6d266e87884,2
db980840179ac296588b2b221a2c3675,2
26b575d2e964c633293108b3abf9a053,2
ef1e7bdfdad8fcb0966abe2be95f0ab4,1
48ca75eb84a1b6c1e6aa6950b3a8a5af,1
12e963ea587cd77c22ceedd6ab2e5b6a,3
3a7def40441f72c3491f1938fe1ef9f8,3
f36833669efef6c419a1e098edb9835e,1
ba55ba30e80cacb3831c8ed4bcf05fe6,1
920584fe3e59272d268f4f434a807830,2
27a30d39e969417650e84ffd7e43fa11,1
83162ab82758d3d3c36f6e04e5a3ca70,2
b67fd7b6091eccb5b48c405bc2cff206,1
80b054860fb50fdd2d7db2bf8bdbf52a,1
98e6401c9e28767086d652bf6dd8d00b,2
600ac31020e25c009b3e96e2574cd722,2
31de5ef22aae1e97dae223e71ff5f7a4,1
aa77a563d77cc63f895eef4f1f9a18d8,1
98b6954958df83bd8507346b55401ee7,2
eaafbd1f19040ce86feb226823050da6,3
8eb4435706d0f8826a2436d4b36ee86d,2
f5a90368bc2431bd5261412be9bec581,1
44c1f1b506a94458ba7bf5397850d3d4,2
c5777a7dbe67f3cdf39a9dace06f0c0a,2
42abdffdaeea97f82cb34502939abfb2,1
b34efeeaa0229ed05bde3aeda712742e,2
bcdc207591b21740e6ba807d43e26ccd,1
4bcbbdfe1dac9ccc969ffa8e5a06a57a,2
01ab79158a91cd8c1cf4be64087a79c5,2
220320528f901f03e42dea83a13762d7,1
0046b2af258d7ae1d5ae206d142fc9f7,3
3f002a37c47ee21ec2b997329ef113b2,1
d4eb2106b34f57234aab04aebb23cb44,1
bcf3a299e6762b9e36aff1929e870f49,1
2fd64f4835d7f58dd0bab23c18200a10,3
ffc5609b9760b490eeb705ce739e513a,2
57daa27109ba0cadba987707b8a72624,1
ff946afc124702c7c1345bd12b75f350,2
e66e4e5759104ca944693c57e7f1d28c,5
05181d62c4bc902f54cea9b17823cb05,3
ab479972fe04be1cc00a7c74154acc82,1
f5abefd68bdd841c48caedb90688519e,1
0d42dcf1fca65b89f19f79c6117e27b6,2
20b7e22ce48d5a8929cb8af27edcc5c1,1
c1fdf64b1a6a58aa2282cbf3805b7c82,2
5da9ae66cf6801bad26fa428414d2fd2,2
98cb4ef1ac14e7d126f0cb59c0a7703d,4
7006cef5d6e0c3c410d77b948edd3b4e,4
2ca45715f8660cfd4378871c49725bc2,2
8fdae574ff6b66e07cd7d187b8a2670e,3
3fa1b9bbc06cb7ec025ef347f1719596,3
8d2bea40df6cd9ae6bbc2b77016d1992,2
9e73a8e2e1eebeaab0da673ce5833bbb,2
60f5987665ac2c471fd752b63201472a,1
903c5a54dfce90ef6036105f8625973a,1
a971ad6120cf4ff6da46e7a47cc2a281,1
ffb57707b7fda97aa40009a5c306adc8,2
dc4ca882398f21854e538f88353665d5,3
b81e333caaf4e434d9e86fd8da7eba78,1
f4abd7c70f3e0d823f7da836d4871ca9,1
78cb548491eec86a99daa87914d4477a,4
344c5ab2694ba5c4263507b153481f73,3
22276ac70466c869d172080bc1a62c9c,2
d9df3bc859f27fb005ce788ccd2973d9,2
c288957f0ed900aa7734ffbf100fb3c9,1
d2efb7ef40439a2d4f8835af64eeb590,1
0863cf3bc99812b9d7df970503e5c80f,3
f7ee81a0ebc38a577a0dc232b6c46521,1
68d8e0bc2284d456032168567eb477f7,1
8c01e4515b81594f06879229966f6094,2
ab5106ce3f7ad41424561a49c19e0bb1,2
c54d9807cc34a8f3cda98a15756b1cce,2
b28c85e8500c4031f6dde6f7fcc2e100,2
7dce4b6114131de0613b3ef9906ab244,3
653fd6d871db28f63002f94d3af3ba9d,1
f0f887acb03e17ce113482f1f2856f7d,1
88f69ffe0c819261131fc2657d2dbea6,4
7edc04f408932c0c6b14267f5c95472b,1
a182bee38e6f52a6a12bf207bee9a378,2
a5433b8b78814a240980b64ac435eedf,2
24fb54077c121c7187146556db2f4973,1
7d04071c2bf958a9babd75839de3391c,3
cded1ccd0682e5f7cc76224ae1b2e0ef,4
f85e3dec4eb4cd9b95033244856a2e98,1
4185504dda2aedbb1d6d6fee7fecd90f,1
a1603907501287d60a737c805ce04d1b,2
2b8e4a709f75a7138836185bbd975261,1
9aebad105263b79246a43fd066620d05,2
fbecaee170643618fd2f5bd767c759fa,4
4fc60dfb9f78a76a3a175f40e6378038,2
b8dd1f27d4d320c5663395642edc115b,1
91a84d1c37ef58fd9e373204c5e5e6f6,2
b8341ac3c0553c3c9f9992d284ef66ef,3
660568606aa8442acd1c1d31b7709d74,2
a4200dc28d48af44067d004468337840,2
cefe6a7c958b2cbcaa6e5bce9b434062,1
15fae6951dd3aa274627ef28599fb141,3
fe254f9191ca2e659df5d06357eff259,2
14713e576cdf995ae080c005dc882722,1
3836332b85f12e0592b7afb488f6786a,2
79bde313f7cf7763a8c887cfd9f2c991,1
bd86fcb41ad5a4e687ac8a494f3b3963,1
3616247e2a710645d7b2261857de0ab5,2
7ccc0c40cea26c5ec87dab871eccf963,2
9c82455cc83d815d371922cba48664c1,1
44dc4c8a34308c510c7e844ec04d031b,5
46e2ced4f8a28314dd69ca5757eed107,1
23cd74d18c7461c9d1f7130a2c8e772b,1
4f6766dc7f08fa64c5538d03bd6e5071,1
f664c8048529eb61da1b1b52fb3255bb,1
d852e4c62ad2779d519c7a743177d31f,2
aade118751605c2c498a337945ced5f1,3
56270fb00b580858be08564c966222dd,2
8e12b28fd6e159e7355b9573f3b0dad6,2
6b1481eecb16a3b9a26e50de2a444ff2,1
a8b3b4805dc9914f091564aa97ce188a,1
a89e6d8843895684c16137d8a118a2f3,2
ba8a89f51f5b43e072ae4f062c12cfb7,1
2d8e9ecb59404b76b92872b0da3668c1,2
e018a2fcb06747d672cb10a7463dcb5b,1
c82c1c6869b98caed6502ad94d934c78,3
f1c71f163819c48ed1c8446c74ed81e0,3
65fb61d1658681f7b3e02d1db9ef38fa,1
f87bda16fa693e7fdb684892924f9d92,1
7b02677ba58a7be1f39c534a81c5712c,3
b64600eac2d250f020c35d25cf48db10,1
8cc176ac5a5a8bdbdd0243d505b70535,1
4acc8b6930c3e0c9fc2158540b019d4b,2
5d3d2f65bc40e1dbffed45006b29e89f,2
3568704699c40fbfae84ca7b40b0739d,2
d018a501940df502889c5decadddb49f,4
adea809be6359ae454c4b79a6879296c,2
4937b278073111615f1cef499570b4f4,1
c0abe06f4b60bb27f6097adb5f5a322a,3
01c610123bd2057ad2ade24bb3f088b7,1
2593ee613a7aa45326fc4ba13218ba1f,1
145b929c01ad24278571815f25fabcba,1
f66c170086f1a2ee2ff698205c9e7125,1
2080c03bc9635494f8fbf9bdc2173341,3
55f92b3a49ae858ea126d54b81aa9d7e,2
15ccedf592e701eab761daf7a33ab7c7,1
9b128cc3f10eabf2f53465b8b4f7a0b4,1
6a9a26ce6c656886de3b5fe241eeb255,2
89d8b3c4a403940256bae9c92ef32dfa,2
9c228b26c295e681a021ba1564e3ed94,3
7fca430b6c20853d974e793a6bc2d36b,2
e8a7e38e31794a35c23f97ed60d9cf68,2
4c5b0577c12fcb5ce3793ba62cbc5b70,2
2f7eb890932276b859dc99e607b2fa7d,2
79cf17314b796eb696abc6f663f091c9,1
2f5ac37030f708c3e2aa6480b0afb737,2
8dc023d6a17db98d116a04e96a36b620,2
8d7dd37da6dd31d96d658ae2ff21823d,1
3a9a095855171c5c52f1d884f6fd9119,3
1c06d952cb79c7f953d4215dab5f9b40,2
5d8f5ffb0ba6e32760a0609cdffefb4c,1
fd2cc0039d5072468ec246b2498090f0,1
039f37682787f116e76f2c312f019f27,1
7e5b1686983b49bb5dac8c1334bc39f0,2
9c4208990745079f05729a9a7a9570f0,2
8175719a2d893bcdf2b4f2cf0198043b,2
39d6402a01aa1c147101401231143b48,2
abc68d87ff6482902b0942e13d26daa2,1
d55d963becb4ca8f8295e9dc4290f50a,2
7730aa1deb4017afe77cb0849f4dead6,3
6789696faf6739c8fb5141e6ddbe2c51,1
689d756d870d57d0024088174287bf31,5
68054bb9fcbc4af8b2a1db136602029c,3
a7bff1f86950bab0b9a41df12989c313,1
3017935e68ba6d460858061b2ec3a7db,1
46ded126226d189842fe5de1fd726810,2
9d874d5dc14d1473f8b349f0e7cf031f,1
f80e912a4695f025f3d9c1e3996ba59e,3
5fed7bda06c4e60bc8dd71091c60249b,1
3ae48f42738c6e5d2a661eea140a68a8,1
bc825e74a77dec18d7fa0957595e2ef0,2
7ff1c2bab7a4d3715c193d51feffea5e,1
fa32814ae6b3a073af0287504c309bdd,1
0f0cc4eb7c66c7e21e4393a2bf00af4c,1
e29342f9adff0c033ccbc2d64102e0fe,6
8bc97d80f5e5b67328f84d1ba9c75e08,2
a4a0bea034f802dd22e64a7398915936,2
24d327f6e195eca6a77383542ab42bc4,1
c337d0b14d461ed6a29d2fcfa1091697,1
9859933cbe206b1780ebd0cae601c34e,1
c8b53e4bfda63dd53ae319fec5df2ca1,4
14aa8129765d74b1d567d4d20d855b3b,3
9a26f8152f72d5eed658eead2f57105e,1
f733dd3ee7d49ae926f9e99550180ca2,3
0cda34a7fdfd9fc42f3e7663517f31ff,2
6a8b5983280fba695b7f92da6f996cb3,3
87e838b5bc9aaed6dfc58a0cfbefe460,3
7a264a25c0cdfad6f499dbf2e266cdec,1
2bf6b4a900d8dacaecc0a45043448c0e,3
bceec65de608a70c5f39bb9bbfa09e2d,2
d17c75f211cdb3ebc36ccf8941073944,1
91efede8cec1966d9f7e3bf8b2230e0b,1
6848b30d9f0d2d7a950f235d836016bc,2
9bd604857e96327a3c9fa24cd1b594d2,1
4f326b0057e5193bad09af0d2b2d9f0f,1
1e33f5c0aac00332100594bea4999711,4
435e7599a44416cdd3a4824d8bc3964d,1
c2f695d880199ce82b5c727277c41a6f,1
6f51ecd2c9ed164f2b760784a82e714b,1
8a161958327639190393e2f2b6e52838,3
ed5aa96d334d9977808c9e0d3f3e9b85,4
01ae061b88c03b1e27d6521c9ae8aa7f,4
c37e8b0572863d676aa6b8fb1be18dec,2
59e584800970a11c92b56c648ce74c07,3
76f65f8cdac5536a270077faddc54e94,1
84151349a7797394e760254332b71234,2
1b415d09857f3b182d271cd8c6bdb2b3,1
7843f3162d01680c746b5547716d33eb,1
047dfec8c48c004d9dfe041fef37fc19,2
4ac5ef5f3f758d681973291ff5ac7939,2
961acf782f89b9c47f6e6a503d9ac3a4,1
4552e9c22cf58d6727c8c3c8216f318d,2
6c387fa29a3fa8eb65f13ccca5ed8372,2
bf5453271dd9ef8429a05cb5a07ae014,1
2682530efe43c03071b343d532332e02,2
c49948cc01b4511a317631b1f5078909,1
50c315119ce4bca83baa0e22a0f6f63c,4
42b0faf287eb9d8646a28f2acf67e92a,2
477aa347c5992cc313ecad4fb42988ba,1
75c6f907760a7917c3c29986afc87f94,3
e1eda939f6d4a9e86b86ea537a082a34,2
db4bf14ffe2dbc9b976e3d6e572d2f53,2
6a58e93ca8d76b4a4e708a13c1cd4c0b,2
efe625faed4b7d2d35fda8d91028aa12,1
c4b17035e1492f220f890c0abc5f69de,1
a0134999c816d24e7f4a3f2e743aeaae,1
528686dc92640d057812f65dde5428fb,3
f668a12f7605faa59f2d7afe0009ef09,2
73a6a02e82b09a1dc27d229d32f282d4,1
7851fabc5bd21ae2f2862a6022e59d0c,1
8a14d816f6311dfb6da6de5b0f9ba5ce,2
0da4dcbabfc81bf3011466e70f4ba522,1
c5bb559fe78c6fa45e504965b7e9c928,2
a588272f5532bb9ff993159aa616c553,1
a51ca4532c86a5dc5f6a9fc7aa96e7fb,1
0bde720314fd3dc581714079a54a907f,2
2f66e64e4c0facd1ddf0d18115b7fae6,3
db1b428223d00865272cbf147c3ac5f2,1
55754869ed099d38eacfc286fe8f4263,1
c01fbc44ec0996cd9e9b49fe26c9d600,2
5c002090aeeec8bef38ae9823e5b44dd,3
1732da01ad7eca1574f3bffb6583e2d8,2
7b4642c7773b9a13798134700a603b5f,1
48e4ffe173b6c5af7c7808d1203858a4,1
bb564c55251ae75546245911702b062a,2
78ef8065414a21bd9034a0f4cf323bdf,1
efdb28b3eff77f8f22cfb1c1e4863dc9,2
7970541356b619b14ef0e0aa31b4379b,2
cadb51c89a08d67ae0c1e1f2e446ad9c,1
3c0f30c622f0564e0dcae830e9b2321a,1
b95a6334fc5d8740229bbb905fb7bf5c,2
741ecf9ad2ec536c027f5ddd0746f3c9,1
226180c70a667b966cf39672e9b9667e,1
1a62128a3771bef9d523a7c15f9cb0a1,1
396f1debfd1303ad77989d7c4f41e3e8,4
c93b2a28c5760837a57b0c8bd2601e00,2
dda1b5ee3d2f2e10605b03653a1f70c1,2
8835a36eabf1b39fc8360d9794366b44,2
5cecfb5ee11dd794bf644a5e1aa8f534,1
b7e3731dd275b205923f7c03ea1c0f6b,1
e6c25de1588ce2accee8e9599aade894,4
2e9c0bb92c96295f0eb33c9d704839b9,1
54c296c993704721e04eda40ce20341a,2
eaadf7d4b921fb244f636b81d0110cb5,1
d0d95d7590598f6836f70a1cd784ed7f,1
be9f7961e91db7cb5884cdc83d9862af,5
058a15db521eff1c1c89717b78ae0610,4
b0bfddc73604ea37f34f3c02f9860ce9,1
19f6e02243add6a69ec3941057ef8317,1
a2eead84dcf5205aebbef5b94a3c2a70,1
c5d591cd258c4c913cd079c651e42b4d,4
1bc6962428fe011189a36458300eb3b2,1
1c538901d96106e0f250e2c8cf62ebb7,2
410850e14828bdeb980d257adcd2d9ca,1
713d23ad29622eb8c51074f5d6f39e0e,2
21be61abebb69f486c107e18748490f1,2
d93cd51f5ee3d47e4c1c9414a87813e6,1
c055f693ba3e967d20464d21a149a614,2
17f7ea3f43d067fb115d48e8b2c3a800,1
b540ed5fe29a165919b053fc193e12bc,2
dfd7bc49203ea9f67f2cc0195ea9e273,2
5df50e8609a4242568e02f6771a244ba,2
15bb24f9b230dd1d18c1def23fc04c82,1
ae103a5842e061155e336c3274bc1f39,1
3c80f0f168b192760867ea71cf97c208,2
5ee4177744d0dbf9b9ef84c5d2a04302,1
daa8d45019fa870ebb7862af9faffff3,2
d43cf45f00b3b93efc5761dc8e1d7856,2
24c574f7a1a10fc690095e47b335f8a1,1
c881e963686039307f04d47d20c02f4c,2
ca35a186ff45e697d93ca123b8653f3c,2
fdb2709bc22e51820800401b8ee43e4b,2
fa4ffac9c4066478653ed1e920f22c00,2
9e097d8e1839b0dafc386dcc5811475a,1
f645e3839d0c21d046afa3f987d8b22b,1
b768be40a9205f440d1e995721aba86c,2
fd138ff3c986dec632785e65ef581576,1
5aefab10b57c451966ce8a85dbc333d1,3
f02664d8367318fe6b6ea32938156d06,1
333d59b4bd66f4e4d3cccf91c871498f,2
c4c328bbbfc2c06f51ef0e3068cbaefe,2
383edfbba1d0b6e5532c8e440606973c,3
a2cec3f6b6b657c0947253700eb96697,2
644e62115747d57722de9ad0d28617aa,1
011b41605060e8ad3431759473e31348,3
c78b304a0e113d036fa9b61d61f0962f,2
94a4ff95ccc0a664df7cb3da450fa7dd,3
9f857a04d3729e8f186373be45a32bd4,3
1fd942c47c1483d678c46e9df933292e,1
d7162cdb39e45ddb1211d1f8d69d829d,1
42cddfd8d19556024675fe5f28abb2b1,4
58c0d78b56876824646b55068c9ee0be,2
50460c2011b5604f56af52b7b3fd2605,1
e630f232b972be7a4b4d1ac493595af8,2
71bf8ada5293291e88da5939b371db27,2
f788d4133beba5a0a7b4c7f9fba4502c,2
e693866619884b30d22b591e6171cbe1,1
85180f506944947426c4d50c37af27c8,1
8b7004a49e53e9efb6c2716f8e65b71c,1
23c83de9b9e36b6289337a63071cf8fb,3
cacebecb1820fa5123d6443d2d82be45,1
e856e024f4da4bc845898aa851e7c712,2
2e2f8409a9bc6319691b86b7e5f3432c,3
8a51ce36e84b9093b39111ad0605435a,3
1e01367ab18f335ec901c3c668172a26,2
faed115306033333cc1875da7a8031a4,2
dccc314076817114dcce7895cc172bbc,1
5bceaac9eb33f7f5a1fc9d1f8386bb3f,1
4ecc88e0e3bafa9010423ab2bc402e69,4
6733ec6c423787c639ffd89f2fd0f35b,1
e978add14ec7ae707b58611849b47444,2
c57024737d212bfaf4e991dc92945707,1
1e8aa851f7289614ae28b35cc763ef0c,1
14e061030f0d9c315ae845ccc0e6b13a,1
4506211b2d51a288073f90159b77a0f4,1
a30d3ceca72dbe8640cc1aacddc300f9,1
79a98761b6fa785baeb8be9d8857d853,1
0ae6bacf775fd346da75d76f7158e7ef,2
5967323223b3d1d34cff22112cf3f1cd,1
f5c8035169ace25e8ee751d60c805203,4
9f817c43f6b828d1a67bf8370e5d5a06,3
82fc4cedda99f914e269cfe88ba53aa1,2
b7144eccdbe434a361a67295c683485d,1
18a1be0523952716a89010827122937a,1
e800adbea4972159c6445f5b203c88ac,1
cbc502b188af4ca77736dfb96fbd073c,1
b0c0a045b1a607911553f536a7eea71c,3
e9541f6635700fbe943932681eedbc33,2
1d62be627900d02ea5dd8f983e03665f,2
945637f3f576962e28ff48ea666fb98d,2
3f95d40a30c3947216da8ac27e527820,3
66a315c5af1d144ce5a907131c263c20,1
e3d2d8fc4ec7a8412130b11c5640fb3e,2
b6d6c7608718635a0041e71eac746f0c,2
7db8e274f079aeaee9b14c679e8ac89c,1
28fa05b7451e1ea292522f34d2ad343b,1
119f83729786079fa72bb761f3b16c01,2
7b7c1f5f62991138080e937ceb7bfc3a,2
4b96f5e7523b240df7570502d2774a9d,1
89fc4f314f6955fbe04dda35f4a7981e,1
9c702ab8147385f6377a25abd54ab3ce,1
448b6d23e31661ed987efebfc4a097fe,1
a5d6631e906147ea723a014012a12617,1
95a811d6a9aa8680ff235d7533f25bc6,1
62b50b5c5ccaf76c23cd3580014479c6,1
a13cb9652a51020a1c94f44e25335192,1
3a7e5d103df7fa9efdf2a2a7d46a1667,1
b00d34e39b0311ea2b74f33b833b4420,3
380719bd558e2249a17a306938988ede,1
3ef3b54f23d55f4e117fe5d700020064,1
1e6625d04ad6b9d152d0dfbe3c4d6554,2
3b68d940d0d223d3914171ce76669adb,1
f5b0172061a76d9fc405459e3fe64e16,2
158c1886b77936d8dcaa7dafb6200986,3
af587e7b664cf7163fa409fa3d9bea39,2
7c759b246fbe51e9800a339042a65330,3
78c06bc64386e1cb383db5058f4513b5,1
0787d05d9c0493aad1467417dd5f4aad,2
ac6e05821ff913b3e9d85cc38bc286f8,2
51051091769f0b5b2c47567601b3d792,2
8ed13d40a8b853e7ae68b4a7e32c3b22,1
7d693289a1b152b08b0d8fe28bc63984,1
79cf0b83f3ebb70ecbb401e4945bcdb7,1
e2d1a0ee7700c724c4d4d53ce48d6982,2
941c58abd22e24a8c042d7d62b0672b7,3
25c65e04b47b21d20561c703670a94e0,3
e76dceb0747aa1ade201662d1f8f86e0,1
79d6ccd837065317606097ed6de7629b,3
07b1118ac6001a0b4739e16fba565ebb,3
9d3a8f9d587e37c09ba90b364ced2b5a,2
bfc5272e20543e7959720a90a378fd88,2
124a31993f08dfc6cb5f1fd042e22f7c,1
0ea294e5c772135ee480ece8c52969b6,6
6617285c2af8577dd3ed6872e5ee33a8,2
76b3fe0b8d4a6b3fb45a2374f935d124,2
3e843ef3e94ad8c5773c3cd8df66f188,4
c714a798369deda19b1a0474f270d031,2
ea00cf57a663f7e890ac281c39a35475,1
1eba5f0d1b9c07eb383f5cbb4b7c28b5,2
1ae29eebc15df5bd62138478e3d96a55,1
d6ba56471170c5e50fff5ac3ce6cf7ac,1
d60aefabf398cd73ea3a54b63359dcce,1
d380879f5e04d4177adf10e5253cc413,1
b5eabf5c578146d9ff18fb21c164fafe,1
3ccf11070167b08cffb38af8e63efc72,2
e7f48684dfb4e4d3050346b67d73f209,2
3a1d5b2cdcf256a4cabcfe100dd8416e,3
6066e71bf30e227491d852bbe28ef49e,1
c6fa3a702baa0ff799ac056e3fb7cc62,1
a3e03e259cb8a910f53e28b4817cdc94,2
1fe315e0bfc50862635cf843f9c28cc3,2
920e93454e854269b7e180a682872110,2
fc525ebcfc16244590538d43b127ff99,3
5c08ff3fc7546899accddbe77b0e09f0,1
1f8260b2bb44f5fc4e2f9cbcb62cfbb7,2
eaafaba9546b0c1526215fb4d79d599c,1
b933aba8c95816ecb1d9a08cd74459e5,2
81bf9a03919237124e51fee1c067eb9b,2
64a544ef3d7a1b83e37ee17571373280,1
01ca606c4f119f90e67b363b5e2f67ea,1
248b99f22da383d72633fc0ed8945c30,1
3547de8fc211babb2862610387037cf5,3
88f9c5bdddfc0570e394f3086d4d91eb,2
464351ecf98d424ff0fb89f9b9633b89,1
e2e96e9c29ea6cbb54a77c30ce0876ce,2
fe832b229f6e8616376cb33256ab8c14,1
ef3cc82731c99751f2c331d3fb0ef5a4,2
f9f1efb98606ee5a8c0630e2216e4164,2
a9e5fe03b244e96ae42d3feedc6dc982,2
32c54853ceca53694123b7c8c67f52a6,3
3fe7a5fbb8a9d8f33dcd0fc4751db811,2
fb08d935e82467a6ece51a2b7fc4af9d,2
7e190c87924bedb236953b02a30c9ae2,1
1f920f9b493116bdfe79b35df88b5a5a,1
1c2650069391e23dc5442947a23c7aac,2
c9c6f3c265b862c737716243f43bfda4,2
1a55524ba33359a05d441e43156f5833,1
f867e714b33565681693a1971eabe377,1
89c4c826c21546c25dc89b1901c3e49d,1
a5e9d7e2d02b9876b912071988848d47,1
580ab1e6b3ff0fbad5c17432bce05a40,2
50621dbec30944fdf59620b48eb34dbd,2
6829ae5754e57d0ad13039c3984ab4a1,2
83d032bbd9c9ee10384fd0127835732c,2
889465d346eb3d69f2a50af3c43cbf25,1
908e1570852c4ac6ea3901c296103487,1
cf49dafa82ada030b6e4b153d1132fbe,2
d70a9b4764e093915cc847b573affb1d,2
33b126dc01f551d1e581baad05498dae,2
4aba614208d59fcf5221e05019782d23,1
bf5933955f61b23e8a68493916715139,2
33846fbb738d3a56b4edd445b4d0be70,2
d77830179b04a5fd70974e56560dfb3c,1
039f89c862bb1f64e56887f197d21720,1
01bf23364e541b6e8e55b9a7775a65e8,2
ff9aa822958f2f26a02b441f3967a306,1
2c2f796752ad3b11f3ff4243aac922d3,1
de069527fa84455a2c79c57fb563cc5a,1
4fb4e8c118094282217c5b2cb9fd33bc,1
8d4d577dbeba6fa734943ef66a0d48ff,3
0a7b3f71e18a95c59461713f84b24c34,4
c4972b9174186ab231fa2f85ec48347d,1
3ffa22bc1ed869813bc7851ee7f7b126,2
5ec9452eee936da6b8eb37df0880471f,1
98e0df0cffcb12fedffb90c40440dee3,6
281e4f38d15981deccac68af646b09fc,5
27c3a97970c69b72adaf6155fb0b37ba,4
1378f18c6d03c5a12d182eb94dcfe2f9,2
847f381f849dde3c6507c37cb8bc758c,3
bdb9a955ed3d3eaa4c9fdcf4a4198b45,2
376fd8aa3549b2195e266a9af0d3270c,1
2b7e2d998fcb8048a8b65e6071e25b62,2
74b0c552f20d266d7bbc15e766542aa5,3
b79e23e40fa4dd4143aa072f5c541262,1
b83bfe9eb14f0a08232d0d35c87440b3,5
56d361c56dc7552e744afbf15d84a738,2
ca278ffe43e73abefd826a34e52db605,2
325b54790db31bdd7fee857b197eaa50,3
14fb438f96effb3bd28fef0cdc2cc917,1
e647bcb9a26124860e639be0cdd9ee3f,1
12b17ef9d17abfd35a7c7790b304344e,1
b54828106aa02e0f454fa13fa89fe4ea,3
a9357ea772f3d9e3788abaf800a171e9,1
9f79a338c031b02721ad030e63ac1cff,2
0814ac531b817c8471a46295fe0ee86d,1
9046c8877f71f446ca2c893e7a39771d,2
63751ddb9d8ae6e63baae6d92e45866b,1
7c8b23c6e2b83a7cbe6b8a16e80b9c05,2
751d9c634080cb36fc847c5553975a61,1
c378880f6a424b5886300a080aee9a4d,3
1c7c1ae7cbebd88a23b29993693b637d,2
d29acd4847e7f32f87ad1afb849f4640,1
a7990ec35b65ec334334aa83c1f5a787,1
09b038f91cec34aa99ee5776eae0ac86,2
a00e6fa5583f005d87a37b234bc3d8da,2
ce37258ac0ec633850fc7e4042c92cd8,2
39983003c326a5ffe8e310bf2e75fb18,2
6ed6164e445ebe808fd43c5f1f608a36,1
468995d87ac13f81710b6c58b7e57934,2
17f84b6b9b76a6157b4906059d3c75c3,2
4e9f5bbc92bcec923ec4e2853cf1473e,2
df07da4894884d99ef811584be0ee21d,1
6d12cb3f4064b760cb69a622c906cca5,1
8543345124aa0f77261186ea60a8f0c6,1
6d687548c2a235f6e3610014e8e202b6,1
cacdee51e83e2da3e33ba9249b0099ae,1
8f8192e5dbcf6b31addc8d24ae9934fb,2
2f449cb986ffd240930968b131b94b49,1
5cab84741077318645362ac2d46d26dd,1
70ee50ba3e5b68e9185c2a24376624e0,3
5fcfdd6f0b157ae9bb003520b9b2b4e3,2
5e8cac72ff25f42f9f53f4cb6777fe8f,2
0017204b224ee107b1359d3a671b42d9,2
96695abecb66375236aac7bf487407b4,2
5bf75933ea25b3ab248dd154569bee65,5
4b22d92fe762a6b3ec1632f5bc857997,2
cdb3b2bd6299b5a18bfaf7b52acdd648,2
b00d5f3487726d839188ff21d3e5a0c8,2
5198d10202311689b24be4626587d215,2
4528751b65a3e50a7131bfba6db54f25,3
a52f754520c9ba315bef1a2ee876c446,1
86d526dc1f2ad73efe5db04c3c40e321,2
a507b672b284706315c66e1b7f08cc00,1
86c3e943a40595cd4c84677d7411e771,1
229132cc3b94775e5e20329537687636,2
6b40776f7583b00e19f52e7965203f84,2
97164cb78f32f2cc47ee5227d2979cf6,1
d46e28f30efa6d9252afbc2d38692342,1
fdeb49fdb5c77309594776f4578f96c5,2
f77672251be19cb0b86944433cf28287,1
0e9d201be1524b10969412d22b69d854,1
b1e0b99ede4b079be3b6512751e1265b,2
e5b42a931224663f54ad2bae575b3b2e,1
c3b96ed3bb4cae7e6940498d2fba1384,1
7e8f3c7e734804bc60a787b69f22bb28,3
2b12218bc60d1da24ddcf504350f9e7a,1
abb805b1e9f48ed72737f708897653b1,2
b1d9ccaafdc00125e3b8346cf10c83af,1
6e7b215643a32b59da06835137232cc4,2
1ff6097baa76523506a64b5e8e06344f,2
e5b6b5781a056d5298f33b4601b927e6,1
13e528ea687d88719fd86e0db807b7b1,1
cde7ed554ff8df889363c923eae7beb0,1
fb5699976a388ac55bce8e7a8d6cb995,4
42b8f72a2d2f32cd9925422c9f297fc2,2
39a160ce9d82ed45353c9e69b891c4b3,1
5f1b7a3424cf2bdd9c442bb83984821b,3
b9e4581120a6a80dcd3b518393fbc3c1,2
d5496bae01b33281a6611df9ce3f2456,1
76953b994ffc037199c8d88292791329,4
4ce991f73f76b658f40506ec7832b4f7,3
068b12ae6ff537ad2c3aa3b3e17a6743,3
0eda337c939e4e9ad657a3d83d3efb17,2
c530d470b138fc8313d39b26e28571b7,2
e1115d4fbe31f56c2b0a48ab4f6319db,2
2fcabbb2be5dd5ed4e2b0ae8f670c996,2
082548def6b750361da930ca7209725a,1
bbc8e5d0c9317e7dfa7b73e30326d432,4
93be93cd75cc60abe2588313b5ffe53e,3
eff636076fd95a051f25eaf3ed940c88,1
05e940f0703a9d22029d5c1b95d20200,1
69a622655831bd57b7b59df3f5ed69db,2
1d6213b7ce6155fab42a6c8c0a200201,1
688e309994ec7859249fa4aacf711495,1
b7488d8525ceffea4e79182706aaaac0,1
a2e08a799852dd94f84a9f3ce764203a,5
a4b0466f5b5cf4909670da1b45580fdf,2
511505d22aa5ec7da4f35befab1a7ac0,6
03f82799abe5b9b62d68a3920ec1d733,2
74f514eb168bbcb2f8b6e1d340e2107a,1
d49f44cb9e8a56129faa96b3c87c0c12,2
ed001dabfda7faf92dcd3eb22d71fa62,1
1bc5e69c260cd4dfa437bf6bcda15040,1
58323946a9bc7dda01900f2603c5fd90,2
d7f6580390200b50596d08764de13918,2
a0901212a4f8c4c4a19e3001d8a0e85c,4
303687abb9eb5d09f0bf02af72a82678,3
c11cf9047203caff6d800a7d1c60c309,1
87a787a60c5b94cfebdde37d167f6e03,2
059a2a075f38934580d790d85bbdf53d,2
d7e69d2cdc935a5c73a654dea117f79d,2
b071c5333d080f92466611ff51423dd6,1
1dbc687113d37f29088b40c3c5af74c0,2
572e0b6a16e58149ed86c0fddb6bcc13,1
3c1954b5427136f6a9f8a5d48762b3a4,1
95449136364b6cc44f96f87e18a0e970,2
4f77b17a0881784b6d0423a10366ac8b,1
4376efdcc66c5a9760fd4d65c6febecf,1
cbf54252e323a0a4fee1138210c1b973,1
afb3aa6149a92a0376c9c9da6a7860ea,1
4a3b3b1008b36b230f0deef4b48ab17c,1
a9111a729cd39d5c87926b77f00444d7,1
4a55f7cd97c5141ef63b1349862de0eb,2
6e22dfe3157ff3f35f0411851ea852bb,3
cc8f74e913c2c4ebfe974f8d07dfb0c8,1
4ac33c636026cb90ca309c63d14e61f8,3
2aea6e0cb3139870b27eddf4e80bbe74,3
d2a16742d924ec1203a11782ac2f6ed2,2
f6a6092bbbc4e16713796dc0230508da,2
64ce89805ceae094b742d4ab08cf7a4b,2
6b3dac889b799abb68e7c54814eb19bf,2
9287ea6325e3a95b7d477154c9cb018c,1
d6ebb686f1dee8daf1d815194858fde3,2
5ec0b21de5b70cdb94fb2fedde75cd69,1
d8fc7cdb9a9a172fb010570996373145,2
49ecc91917b388bca5c841d0fe78df38,1
c0a2eaa67fb1e1d78f45ae4d51d20feb,2
1694850e7359644a607f4e78b30c031f,1
ac0f35a6ca36810faf06215ca9a3da6c,1
f5617d7c8c346a3c16b412d8d23e73b7,1
52e5ff93ce3e6d7e99abaaa30c23cbce,1
23cae86e9da5efe580442f1a9c70a35f,1
d748e070732f8bad2a83e42e68d24f45,2
a8ef4e1872b4d473c6f7918c9b7df4e3,1
a029de10434682f036974d71a1605a21,1
838a030bf5cb95ca6f47acecab59040e,2
932e07b1d86bec4436e90cb254f8315f,1
f708ef0295fe0c41205c1fca8c6e8a98,3
665baea3a44476980f2d03c87cfee0dc,1
bd18c7ca1b2b489a521b2d1223dc22bd,2
893cf2d7ada577f468e1cbcc9e3c1ebd,2
811a51a5db8e2e6133747b11a5d748d2,1
0689f76333e5b9f9c0bc250271c0659f,1
ab2534b54004504bcab984840d95f528,2
01b244dcd46c5425d51a679b38e88894,2
723043c7588def6c32c75103e213b992,1
d564ecb6fbb1df9cd324cae0ac909587,1
e651af827798d4c95b93f21f3951c7fc,1
7611370a2ce06af4a1459f30a46e6c42,1
4b78e5334a31c138e60ae27189f89fee,2
b9bf420af8a69a905b8db1033c9fdd32,2
7a799bd4378896c76d3d7199e7880508,2
d064997224053b74183f277885e3ad5b,1
89917fda00480805f257ee32f61cdcff,2
f41f792303bd7185258ff937ca369bd8,3
74b741994cb17e6a775a81fe171e3cce,1
845a160002046a170e1ea03c77be7726,1
1d197ca05ef504efb401123b430afe11,2
dd265d2d5944ea414ddb1d5048bd08db,2
206bbd3c0aac934cbc3882c676be3ddf,1
97bf5da32991d82e375c5b79ff2bb130,3
f75b2acffda05df67cffd616e38222ec,2
9975352e3b2754fd71e9da43ce89b8ab,2
264b7f3dbd61039961f47d1c7837b311,1
2ba44740df4a097c93eab6b2f34ee99f,1
ffed3b70919dcd5276d0c64963010a0d,2
d6d4aa161a7e1b93c9cb1dc3a05b3b96,1
2ba867e5a023ac0e1c226752182a7cd8,1
2b1108bace8c8113a0a8c802fb2fd3c6,4
2813cbb5cf2129e30c494494c3ac77bd,5
d23fc91be6fb59e5a67a4fb76ea5a61a,2
ce7c0cbe96161136df3e6878f726fc9d,5
700ae5139e4f31de27339950e239bed5,2
eb1471197e4a1443cda0a3a66919fa46,2
133a75a49a8142ddc2140dc08227c9f1,1
237df740b3350e33f8d295dde9b13b61,1
a38a437ffec8d2ff56092d498a06c1c6,2
1440b7d54e5bb956749775ed672c88cb,1
4035325e27b19ecd05390c264a538dae,2
3c02f67e848a60ebda4cf9ce8c09d609,3
33bfe10a95e94a6b6db35ad756e47a99,1
568afeb609ab15b5a5538f7efd29f44c,1
4276de03ad335e6e515efba61113ef76,2
f70d41fec05393dc71855fb9734fea22,1
e822d52abfdc86b2be8a30c2a12fc67d,1
284e8f50c2b4376a6fb7a275d134556f,1
94b526ea9a9dbe88e1a36d311b9dcacd,1
d5f9cc30107dd32683e1ca6d4340592a,1
633874554159d452d7cf899317004adc,1
b5ab94440a70947ad509a348d91b8a58,1
604214c917c138ef6d6e5e49d4c88774,1
96e95e52dd0e9ef518a08e2f1e95e674,2
a6a6aac291134106e0ebec68b578e4e4,2
21544e28a1c20dfc73eb5dc303cb385e,1
5530f239ae40fc06475f4e70b51be227,1
3dedcecdc651cbd4766d66c89f86ffd3,1
449446534bf9b77cc3aa0a5725ea9956,2
7050f507f4f9ac18e0b9235dc8844b56,1
5290d4c49a99aa07358352bad67fb7f4,1
c4c67fcc115b9f7148a57c7ef0eb5959,2
012638e0ebe4ce3daa1146d4f62be791,3
84731ccccbc5d45ed61ba48655350849,2
fe3fe59574c9d8e1981bddd6b06f5d9e,1
fee0cd75427a73b95bdc3f84cdec0f83,1
84c4070e3a55f8a3bf18c0cb235bc465,1
7c26a815a4b904e00b95e499fabe2803,1
01fc4ceed0e8e1c55b16d4c82975e469,2
b59faf84451fbfbe24993614d7a714ee,1
9479738a318e99e40231d04c8c74385b,1
9996071cdabd4c2acffdd3942d6aa976,1
998f02699b0892cbccaece98af2befcb,2
2aad5e8f2ec16b717fbb0e29854df5c4,2
0f6676d5e91b4656d318f43496195869,5
fdbccafb7e9053a82f5a53d7ad14c540,2
cee80e260753f3bc4654d5871631045b,3
94b6c6a019784dc89e90b0f64823f12f,1
31792bb4b18505c596a072a8afe09cb1,2
8319cc823f5b12f812ab0d8c23cea5da,3
c63b306f1e906e28b1399cfca5a13dc1,1
b45f0ef06b1e516654456b7f70e848da,1
515e6a9011592784c92f8a946937c24a,1
7584a4cbdc3b3dc773ed0e0641125918,2
17269394ea891bfd04adebebc8fb915f,2
01cd56709df1b52fc59e1ac1c0273c69,1
118c411fadbd149569af2bdc5b4c272b,3
7278b9d11d6640c47075f1d0d71052d6,4
4b492ca6231141fb96cf8f87c7766c20,2
147c52178ce21af628304d69b37e5315,2
5beff898a5db9c72385cbca1f140e007,2
fe6e1083dd30ab46510a2e1a58a92c5a,1
7ab8b4dfef8b6551d565b16d9db81d18,2
bc6d25fda355531f2651bf65e682df13,1
b757002e77a0d6bff1a4f542196c5871,2
fd9e12dc8e99da574fc43b176f4c44d8,2
f217da8cd333f0659b76b1d7cab0b331,1
2f349a6db65bb7868b0cd185fbc4ab5b,2
bd6f9ef042e9e41e8e00ab99210830fb,2
60170d98d0b2fc1ed25f9e97772a45bf,2
eb72e1c0bc9ff1c688e8884c77837542,3
052730579645822ed59f0fb1ae10bc45,2
24b3f9756f30c5e0fc69406eed26d026,1
155ceb144bb8a9cbdfeea17c78ee7d29,2
cfac448bcf9bba7ebb99d57354a3a62f,1
0e116dedecb6374cf19f021c08b03734,1
17a5c6376b48e9111fbce0737b652bda,3
df36c96a36d25ef8677f2f58d646ac46,3
789e2d8506e829b431006e070c2eb838,1
009bea749b4f262a73f9e34818384917,1
058fb0d0466c96639df64fa4e54f62d6,3
214ff76553c7aa8cdee16dbd748c72b5,3
9c25cea2bf632c37a12a29ee0deaf9fc,1
c2f3448f4cad9568f1a2e2df28b49936,2
e73c553bc4220b684f773eed417e26db,2
030d69f841b833797f2eb83b33e10744,2
4d935dc45ef5dc9ab738f4e661824926,1
b8de52751b4570f215494eec669fa9aa,1
3180c500487f0a5f179342894b69029c,2
71b48e0357d2b557b8af1f0201a7d57c,1
0b2bb7796418f16b8f2d9b362f7e83af,2
38f95452ed16b0f74b23a78aeff68a23,2
b6347400309901a821c366508410d9a3,2
e3e38de572f9019c1748cd5f54291ded,1
7400d7fb9ff08cbd5c7cbc4fcdc3021a,2
cd0dd89d28947a536f3dc22182777705,1
0de0e3c05f275994ecea30d6d6834b33,1
0f9b70a360529b2aedfe8f138d81537f,1
2420e549cb267fecb9c8cca9e21def33,3
4261859cc49c89fcbc85703fcdccbb49,1
b820bbff0220228cf46af3ffbd11cacc,2
38dfda6109a48f4c9dd0508750611b4c,2
9ac0bcc568f9ffffd129fba428aff6cb,3
4b2bac55a1cd5b69da91fbdf6dcf7336,1
04bbe6c6193b8ff2251f3a95508b6f59,3
69f4082f4ba6a33a472636e4e9f1588c,2
e5ac7fe419a2f88adbdf888fb8e5eaeb,4
c6fa081a0f8f4e62ce293d526e94ac81,2
fbebde9f0a1de5c5e61bef4ee1d5fb04,2
9a4faac4a15fbafcc0b0ea8a3a944efb,3
a6c16cea33d2b3cf49d6fee0f16daa29,2
ab281b7fc42ccc1b44c3779e4f14f4a7,4
5378f525c99f1386ce9e558a12ee8b4c,2
7ae01d9995c953c5d9b04552a76ba87a,3
b49a038a02b1b3c577323175267052f8,4
3e4ebeb236a0c9442570e77c5e1865dd,1
e3b458e0e703fe90beedf99fe9dee6b8,1
e23c8ee95ef87189f7d7635378bca2ee,2
9e70062d3e57666e5a40e8002a464af9,1
b633db7aacdf3f6277b1007652913449,2
9cfd840d973697b638d24d61d2d838c4,1
be9f936d9ca7370ee41755652d360999,2
a5cd30a6eb03e861ae70f5f1c9e982c2,1
b19bb252e63302862a01b8d88fdfe7a6,2
aa594cf995cc3ab89945828deb5ddb78,2
f040dab6dcfb54d6760f2bcf23f6f814,1
0632e63febc15651d3d84aab3166cd0b,1
f8fc3223e1f4a4bfc12617095d5eed19,2
b9c25057b586e43c9def9887820daa83,1
f37ca07e074324ad19b0ab414fdeb095,3
a8c8700f1725705f6ba343d675098ef8,1
121c2bf96171773bd7745da101c0b4e2,1
8a2eb10f14cb08a7b7d962c381dd7e61,3
8e357b3d2c8a436067c1c84dd0073c68,1
c4ca730ec78332f67d06fef2a025f7e4,2
84444ac6bf3cada7f28a164eaca70a07,1
37fb78dfad9038773f1078af62b14169,2
e4401d333b490e76fae77ecc798391b6,2
094d0eacd6db48e96a0eb8537c8367ce,1
9da84f8fd80faa0450b307fc78accffb,2
48b813b7ed6798e6fa7fb2854b46ad65,1
ceb079a621e4061eaa529e408c6f2c55,2
bde6e4837a2787b2755b22845e43b8b4,1
fb4aa620f44219fe223389b10c707256,1
64c6b330583d072f7a33ad7cb5f50b2c,2
cb3df1446445e67165517f387e5c9946,2
05b23a7cee094c22741c3d2d3593c044,2
73d51f6a24d87c6cf37576cf5baea475,3
dfaa559023e8f08518595bd46483f1d7,2
adc8a3397abf1600e9444861e16a8610,3
42ae7a5e3e5059e83d8b4e02de4f6761,3
112135c47f1e584c3afc1d92c0890581,1
b0650a1b8f3598018e66b0aa2a15b46e,2
7198de86dbaa2922d95310a1464913e3,1
d72b451a60abbe4a62c1dc7e29a35381,1
a813a6c7e050999526d2ccb3f49e03a0,2
5158cae36dd186101164dd0ef1df2e76,2
49ac54f484c6aaa16f5c23b6fb92847a,2
ca7ee86c6c6eb3a7083d6458f0929e66,1
0324092a13e933ec9c13099544f70ea9,1
b368b94b3c9b2043e4f36ee2cef6c10b,4
4bb53b1539c78408bc1612513b74e6a5,2
64d2c49a080c2af5daee6d06a55a27c9,2
f1c4426ce1790fb431edc77554ea375a,1
65669cfd81773baded7f6b4942c6632c,1
3fb7ce5dd01db27473067a4c6a0abcd8,3
3b1a5bff9602f1d17cec0b9e1d5dad13,1
9d9123840b9cefec2978e04d7c132958,4
067acec849ccc69a77dfece302d2b98f,3
548ccddaa86c1af24974b13d225b440d,1
af40b11ea6cd4f7bdf2b46979f335602,1
00a568dce6a54d598c18749ede842200,3
d65e24b529fde20e7048303be8f963c5,1
a54d4f7c2459a11e712de7bc6a6acda8,1
231e87bfcf6a1c21967ac7f8eb7f4cf4,3
84becc016eb48c22f4f165e13f9f1434,4
c48c7e899a0b950e527628881e1ba5a0,1
65534a0f6dc37341ed925a02402e19ed,1
4701a8c64488e12108ee5bffe63ae5ac,1
d463a1313cc8e086539751f17ffceaf5,2
f5debad0b39739991aa5367d0c2d7258,3
acb96a36fb13ae10252d466cda397419,1
a9ac8f2853909b7d4bb39c5809d28485,2
07e7b3cccc250c3a95be6227587d73ac,4
a6d5efa9196e9d3e4b85be4e8fecd278,1
18414f6e55e72fa97ebd78e30a92f231,2
28a0a5bd6cf048a19daeddc8f7ece168,2
411cac270119b34ddaea88f2886131b1,2
fd1d7f9d538e60c84ce47142c3caaf48,2
c5a6b6731b89ba9f839eeb2f318c8dfb,5
419fa1583311cfeaa64aab42f35853da,2
8cffc225674272f0fb94bcb94fd1882c,2
888b53f95e43293b72c922b1137c4df6,1
210004cd32328866c25c590aef3c171e,3
e711a91fe917c3e2f5504d1df94fe17d,1
456a3073871653d7f9ab16d6bd4d1bca,2
b03e4da1dd4773493dcc007210239592,3
0c34c529658a90e32e1bec690fa46958,2
865b47ffee30f0d8459fc992a5a33ce7,2
c7b846e7caebf3fef355fe73803fef04,1
d20adf51cead11694dcfda252bfb39e4,1
ea651903aaa01edb9ec77fc75a57c1be,1
2c59c0055749605e62147be72ce7a4bf,1
bf2d5320c65cabd177f9e3bf8458ab42,1
d78eeca26bc7ac4f53ea3163685ca785,2
c0012c74147b70502f537cb771bdf5cd,3
6c9e5b5c1ab0f192e8a8f7c23ca8cfe7,1
04298973549ecaa72ce35c0ed183fe37,1
4db11f03bbd6b36b01ed12458e9665db,3
51953712b930fdcd5fe0537304472a21,3
5e15d9eda76ef05bdc9d73444420c077,1
342ae2f4d6a9e4d4ef274b0810826089,2
9077b6676a1bc154c2951e6520e8614a,2
856f944952787d762907d17bbf8d4cc0,2
2431069ddb2d9a065aaffec6031237a4,2
ecc7f416133da63f60bcc8c22e57db2f,1
83e605f86a29352d000445807712d09c,5
f91fda4a90da3ada0674e367aef18263,2
14b52a867df3a0630ee1ea80673d8ff4,4
066ef6d62a91a938ab9712944b6348bf,2
195d3af864eeb448b7c9eb8218bf037e,2
90502b5c07c7123f7a80b59e2efe07c7,2
c1fa0665ca5b90d353685d11293d11c8,1
e2a565f88d871467a3e8836663e50f7b,1
e9671d0dece1daea9accdd130f04d98e,3
0ff583eb8f5cce6aa6e7906cdb9db165,2
80950c85463f67b9061f9c4c25c1579b,2
583b1ed4c402ec6e2b932c83dc146de8,2
ab0321524eb3338429f9b0a02ccd6c17,2
76dc4dd6542c749e2602f27015fe4af8,2
ebcb6216e59ccde5a7202bf5ba0a0391,1
fd3df57728e497fa876b4229c0259166,2
81c9eb412662b52e83dc2849fbd31b27,1
bfc835c11c937daeb38173dbe32084c1,2
03deb76f6cd6d800beeb73d0e5c21c69,2
dc94e759308b0763502855e39d4c60ac,2
d0bb477ce00fdd44bde8a84d8d849600,1
3f4385491a68b5423ab1de9e885c9034,5
ccc4094e9110e93b28954d5e035b4f3a,1
19352a26c69d2423e11ff03683d330dd,1
2c7762422192656f3c0e90f593ec342a,4
26a6e66cfac8ebe1546516b5276d030d,1
92aa81f25bdda073a0c575b174036639,1
40c893bd7fbe0b80522bd15eb3b031c6,2
b59030f364191c9f8c62dd19f46b647b,1
9f12c060c461af6a69419634e691ac10,2
40e0f6b2cc5008634d14da8741072c17,1
51d5636cd3cf0bf5e41a9c1cdd1750c2,2
21a3c7363f4c35d5606b3ec5438bf130,1
30fad0882b2db86cd551eb91f63e0d43,1
3c9c8fdc06b2055c92ba80eff5abb02a,1
4c79ce20b7da78ed013060d29164c333,1
77c4d27a15aefc9ad792f02d85fce09e,1
20662be961590a57d4a0e7b06a6c0221,1
553fac5bd08ff292f7e8093bc8f0103a,2
602461ffaa5ebf14666e09a77fe0ccd8,4
9b77861720d2f86b258eac9162fdba4d,2
0e531ee87a41b48077474d1c61422bc8,1
a52ae48c6e126523e4a0377d5c7c1c8b,1
6d74df8129b2e78e9999c74828bbc1a3,1
f1a9fe19c969cdb48311fc600b7956fb,3
7379e02ea843767529fb908690c311ae,2
6b874df7ca4177a641f0527c342f1aaf,3
35f0c2a7cbbe391cafb802e17f4931ce,2
7405ea7c55bc517312fa5d707bc79749,2
04048e84a5b9d27f7ddf8bd181de5ebf,1
8ef4f6435f5e50d0f7c9410ef57e8c25,1
c30bd8a8a75dd3b58cab4dac73ef08de,1
fb7526103bf6bb799335a1579e904f13,1
19d70afc299292e2ea9a040cdd5baa8e,1
74405587ef9a369ebd13572c1b7aa13b,2
2c223b337ad898651e1b0ac7f37530d1,1
a5d3a8a1a328cab7140c87ca086b503d,2
3c222045b89d3c11c0cb33cb349ed310,2
d9a1172028e440487f274bde21a07357,3
1ea3b102fccc9d89dc8b17d2e341eb7e,4
64ac9baf84a02c22ddf60895199b0ca8,2
3c5ad52f183572e66706bd1d354289e2,3
7c1dcc2f8264798f64be9ee100b97420,1
98f8bdff25aaa129d4f3474519b08354,2
a62835a1d2182f6d3b719905c08c91cf,2
47c2e28d71467bd55426dd43410cc79f,3
70cfabc3b4269d2ddad7cfc80133957f,1
e90ee1c63a023da08f744b62b5040982,4
40232142f726f516efcf6f5e7500f680,1
c6523d05672ea2e9ad0b2f2971bf9d25,2
bdb610327c33dfdfd793ef0b0ed2870b,2
