entname,credit_grade
6a4dceb306331a33dca3341da7920eae,N
1b384a6be7c7902c9cc60b8c3425e124,A-
9de1d9c8097866aec0c7d225a7b96d9e,N
e430d30e1e05f9e8ae35e4a56c0ab3bb,N
d114c388e9e306217d9b0480dc8e8e8e,N
095e1b4f4f95591a7246dc1b7789454d,N
abc19e7e71e31e8a0c2cb8c09ff684a9,N
790b108cc9dbebb973ef987c74c0d139,N
6f5986810b753885e0b51a0707ccca5f,N
4a9a1d3fd6b47016d38c3dfd60dfcfca,N
502ddd6396862f5415e83366e1e5f9a6,N
373754df71e4732c1f3db64bf62975cd,N
1a8909d426ceedaf9eadc8c7340fecbb,N
7de5b0073504938802a26d63b1cdf9e0,N
662cef4551a517e5f09f08fbfb9c89cf,N
6d7ae047d8d8a868f6dd402d9366b865,N
fd4504c7252cc6fe3f700d099b00c613,N
c067942829cda0675ea5b4c29910a985,N
02dab75ce06729f45abf950cf6d5e05f,N
fbaa64667e770fd43f4651e9f5f8bed4,N
3664a1b8bc85db1e4a107d89045c1e40,N
9d3d075031f22897d5e897c23735b0cf,N
e5c76359b8d7ee0184c7bc0d61f28ccf,N
da78686021c757312cc8f4741bea2b89,N
decc7bdbd4f1e811669d7a85316566fa,N
0a72b8b7d0688f13c48b5e4d0831f6aa,N
d870fbb498614fc81065d0161554fc25,N
4aac1f086a1e5eeb63c27ebe74168c1f,N
1446a4ea1c62f4fa4d8cfed7695568b6,N
5cf1e0c65770a01dbb481c67a65364c8,N
8446c6b8dfacc46b4c7126da6b07c875,N
83acb5fabcd0be65cde7235939c735cc,N
ddde3ef3c42570d7f3eee5dbf04b714b,N
50f09e520636af29e54d81250e384581,N
c63bebf4ce23b0464c99ea6c0707063e,N
79d443dbae59424bba7f4699c15d3224,N
ff718baa7ad9e757871f3dbcf4b935fc,N
71c31fcd892852e62ffb336bda6fa132,N
176ca42d40d2b42c7fdf4abe68f5a7bb,N
fb2044f8716987711f16281f418bbc7d,N
caf8c7f79137be43f15b6ea1809cbffb,N
887d05d65f4ae1571f1d6a02c4c241cf,N
1ab6eb9b84ce849f952518839ed7acf4,N
8288693ea39f8f6d51764ae65589f766,N
4d85b2c935e849eaa4f3874b33dec93f,N
068c927776a0dfff1edc7dfb384746dd,N
03d3b3ca30512942377a192187aa96df,N
2a8b14444a7d4f5836ab7df86960a9a7,N
ead79a0a31724681c2f0920c8da3b614,N
35635b4a60c3278f8058d41595d38031,N
1f8106b0c129f30f2dc43e2d2b0cf49c,N
04833ef979860edb72ea7ae48c83c080,N
1dc236a3ee66cabf401b219cab1ee4f1,N
561efa97baa258456d9526621f353964,N
79118cb0d5c7daf47beaeba69a83ebd0,N
8e98c3ed40f92366dafcbbde9baa4019,N
2892dd51079d864c1bc0f672aec7a56f,N
e054a46d8e653d2daea4b8ff2f15607d,N
c500be3b9e4009242f1afaa75d0cf1dd,N
32d6e1a2aefed54f6e875abbfc93117a,N
bd51a884efb4a88efdf9e413052d70c0,N
4d24f7eb9d345e2ace7765a152a28a40,N
d49f5cfd98af54c0b916cac953e52b0e,N
e3630bea264a42e91d323e59129e5683,N
1cd8840a4f1abcd4221c94fc888f1748,N
e10d083be65e365e230d88734493f30e,N
f0e3aced0fd2f01b71811bd66a0d54bf,N
5419e380f3d82e09a3b21b70996170b2,N
8ab0dfb334057cde84184fe4e2315bba,N
6a34ba632a19180a1cea36f15211e530,N
3dc12cad53dc903fb681e5a33a4bf478,N
36a7eeea7bb60289789e12457ea3271e,N
84f8a91d1102ae1ce80da48ebe05a74a,N
ade656499236563873d61309a374d9af,N
2da86f2527499b0674f28e6208af80f0,N
9a01c31e1d6678923dacdb1c4435df1c,N
d1b6438516c700832cc0a02dfc0deea2,N
f819b6093a2f9d4e5bf37769002bd951,N
5a2fd8828c99eddeaee59130715992d4,N
61d55c84f33ea5cef8dc69a0b7aa18af,N
0b7b4f7c678de8db8a703bc0a0fa81f8,N
ed274534060304d3807d9394f14e0e3c,N
4e3b6c077f65a0803b66e8164f74801d,N+
5a3772acef102a1174eea9e8984eb9c9,N
0249dc3b8a14999252d4c051114a12fb,N
dd07f081a515c78cd206ffb844e5eb55,N
900c1e44097fd3499f6f7a755a80a8b6,N
88793941bfd73829889ee28e27eac4ce,N
ec757c3133d503b33690301db3093978,N
6d72ee4d2f0b0737eeac274401eceb57,N
000b8b0b57301418b13e784b66f90473,N
05ae603952352b9e1846fb8c9ce77aed,N
6c62065c0842c482ce725340b12a7257,N
f02ec77a9c8ddfe1e0c650074ed5a9fc,N
66d4b224fef51a3d29b0e6b6cf31480c,N
2c419c7f69e4641133c6a13289f50367,N
48636bb8b60e4f32e451e732866534b6,N
186a67d5355101f932bc7afc383dec63,N
e8c4474f22d4ae3e218e720976bac932,N
6c98e77d9a35e9da5f473d0bc37aca77,N
26f69ec94e55448c56cec44b7dd7f200,N
8a6f34fc06e3d1d4bda0b914c69d1e4d,N
8a72d0b56080246ceb2f5c91a178d45e,N
efa279cde23959d4acfdbe83329a3e2f,N
9b7705cca1d953d787a4f66bd87e757c,N
215a1c8effedda52e52275afe1a482c0,N
2523680ecd6f6697c210574295d4c8cf,N
f7ec321056674b8d3b395ce7f182109f,N
ef15e413d3c7c5a5b500b3e8b9e63394,N
25661b77163eeca247d3adc7d047a419,N
c61c6324903fc64b7cbb1788c0a5cd84,N
45c8aab8d715ff80ecefe59c34e2e8af,N
c49c9e24e62c343fd1aaa89463eab1f2,A-
c460ebb60cc33b6a26ec06da08ae92f8,N
c5c4800d0b5889e171e988d0b203fba4,N
a2fb5fcf0091479ad6c1e6885f3fda96,N
b03d876296394ab6bd7929c3a108c211,N
f483b3bb68545c4de81deab3274ea59c,N
5c099983be6585667656d006daba034e,N
158de1e1b7875676e2cfa0df89173c76,N
61bdbedbd15128426e23c90dfd29a2d9,N
3ffe9d14e2dc244b15a168f3b47df9ff,N
0b9da0159e6f280071380e86d17e9578,N
7d26d99c19d9205573801c8ff91b4a9f,N
4fa9b23979b195cd608bc87694ab74b0,N
a131404f8cd2445a2239a86d11876d13,N
b74842398a8c97906af970698b87425a,N
14a1fe7a248210cce89dbb6040c91182,N
5380f4b02b03e0a5db8a02f7cff28780,N
00071696bc4587bddf7824ffcdf86489,N
e2a3ce3793861ee2bbf2a9e3e352a85a,N
12e384f314ee6d28a333ee7400901aeb,N
b7dd1922334af14fdbe0ded2948a211a,N
90ecc0c23cde4fb24e20c155952a1214,N
c1edc66ab052aed92789e9415d63c15a,N
3df5ae4dee25cd3edab7a3726ab4a3ca,N
fc6be361567efdca12ef577f2f262bdc,N
128c0276a72ac83603f3b39cac638e79,N
fd41b3a1ac8cfcdedd70915865a904ff,N
e97ef4be6fff26f72f7653c78b212dc1,N
3660011ebe48cb38afe39a96b3c4e846,N
65c1093403a6dceb1d5efaedef43ef20,N
9bd21c0490f45a66701d454da630ba78,N
bb603f6a12e969eb88682a8918f2150a,N
2e5f4b12913995dab9c49773699ba4fe,N
7a3c53f1812aaccf652a577495d5b13e,N
c7b78442512630f0810fe58938f64a12,N
f37e63193551da82484b40a2d12150f6,N
68be4fdc4e96296beb317d018846a8a2,N
791d70baaeaf8d1d8c51b00433f13bcc,N
e58116126a493ca19c0dda77062308ac,N
a4c2a7eefb6bcb782dc758d8b31067a2,N
9493c057460b3b5f8602a4a9df375d35,N
21f30b1e251c76faa287f09ff6f537e7,N
6d71b0d3ca53e130af185e50cac6e2a4,N
1921fc75644e6c43d1e7115a38593f90,N
d8b395d7f990eb257b5fc5f61766a3e1,N
7e28787f002788af6f3f07cc57c8fb71,N
a48b48afb88e8940802d2edba88ee407,N
f562f1050de8c11924eefd8b193b8a34,N
2213451ca2a101e944d69593e08d46ff,N
fdfd896d3b88f191c21001be46650f52,N
96f50313aca1d5d30319457adb8579a0,N
2330e36bce51d23a9ee9d571d4ce3fc6,N
936cef5b8bc7a5b926411230997e90b6,N
9c99feaa34d950270c733190e46bd6a5,N
12d9721f81e5bf6507f387c98862b990,N
d9eaa24bb80b49e3659b1ac82665a6f7,N
503d2a89b411d172350807eefe89d840,N
7eeeda679a0a522cb31471c35f239b7d,N
2e99f3b0dcf83726627ff4bb6c662119,N
050dac7ed73043f268a641c4f14d86d7,N
8a217f343e9b2c65c4ab3908c44eb919,N
f27331bd2f77c1068c35f8e066599a37,N
bf0e8bb72cfb2d586d50b29c82f2fe45,N
ed2887f23b78dfaab290bd002911bac4,N
60a6b54ce25e30f4b009e78e5714e3e3,N
162ccdd5d02ed0f73093ed486dbb9d7d,N
ecf0e5af3dbdcd049a7a052de5c34a6c,N
f9f96d8cc737f6ce0ead881804286bd1,A-
7151b029b75e57e9fb3582774d39c011,N
45c9b4b525d6197472eb86e623b5c3bb,N
4d9b7613e9891184a21d521cb536d1c9,N
09db7153a218ba069974f32b8cc83b78,N
4769da87994de0078e2a13bf68ba0cc2,N
5cecfb5ee11dd794bf644a5e1aa8f534,N
55d4b840cf162bbb71202090c4e8968c,N
7b21403ffc86cd97bbb553446be0c5f5,N
3f7be4d970c419b4127fd0d0c4e33a1d,N
8286ab7541ffb59a9c1cd045c32890eb,N
7bc09a0c214e81f7960d78d7567999de,N
05b50dd8b9afc8b2d9aacfd31cc3acec,N
4e5b8e43f30d0bdca147825b8bf35e62,N
785f36e42cf4442cd1ac45783865ebcf,N
80b8034b52f6d50932e077c2f185b188,N
2841ab1c83e27a266f358cbff153ea02,N
bc042d5c7a3d0698ee322d504b3899d0,N
71692b6285f65aa592ee8582aae85372,N
ba7f613d38d01403fd0ea03102c2d475,N
d2a73aecba86993e40a6969091415bdc,N
fd976cf5a85ab16448ec4c377864324c,N
c3d0c4567d2c7112810653c510cba43c,N
7724cfb1e7a417766e35dac1e9cc800a,N
418d03751e9d09d7d645c605e7a8e9b2,N
1d56019e4df03bed0fb2ee81df8345a8,N
60557beff0f77c67d45bfd0812f33be4,N
55f933a0ca05d2e3647d3aca2ac3744e,N
d7146c6962207d25d85978fd86b8b1f2,N
fa1de03772d87ea7be22869815bcedea,N
3ec845747646d41c6de188d8ae0d3e9b,N
2c388373c60dd2ed8061f6fa1859a3cd,N
9556930e72da6f8b80adf16e72b5e56a,N
eafe8c49fb845c0fb878d0569291770c,N
b780cfaf75ce3d3dc36fd54e7712e8a2,N
21221958a7278ab978bcf4039f7dc7ef,N
2c9800af2c68d06e5be497a910474497,N
5a104d8a8255aaa313e58bfd28fbd7be,N
85d705fe9918d53fcb49952d29947777,N
40ea0250e19c8c9ddce36424d6e751f4,N
0a5ad7ec92faff02051cebe4be03ecae,N
b96dbcfbfbf00ab2e474c7294c7a9296,N
501b91438a2e5df38904bea75d16c631,N
7e23a6c98cabd926c84d0951e7ec0dad,N
b51f077abc6a4fc1d49f055f5b4640d8,N
7eff759c9d5cabf7b80d08171c3e4f5f,N
ff3b80ca18dc869d63284d647ed31d40,N
9b9567026672db277bceafb991848417,N
1c67164380aaad9badf112749f060d68,N
ce5c70be5268f190792bdd8e784a834f,N
b945f3ae25f2ce8850592f2164f8a151,N
99e44d417eaa854d93201689ba5f3929,N
1d9878e087468859a944e85b29b09507,N
56a8b09a5b99dcec3d80815f1c0d9748,N
6486e9e6153b84865e4d49e8c33f33e0,N
cdc5908be2124210e623aa64d1a6f0cd,N
1ddde8a137a41eb2808dc5bb57f43262,N
d1688c6310ba58fa754d5052b30e2515,N
16a45a4277d1694a0c660d5152d7a5c2,N
87cfb3df9af5e40b81f9ae3e0bd0f0bc,N
6ed55536df182f6237ddaaf21d3f4bdd,N
6488bee283a0d874de85248628ba2230,N
1fc01ad1fbfc99c65a15acd6d7679f5b,N
e56e074a3ca0f88bd29e8ab45ac5a08e,N
f8bb7eb182741ac2800632ad1e3e8b58,N
ca4e6e77a55b722a3f82d17caf4d738c,N
bf8b571f46a43ccec84970ef3cb9a2b2,N
70b9384235d76052e9e76b5790ab5998,N
7537a3a4894bf8574872ba2e8b9402ec,N
6e4daff5ba3cdc6b664eb720a70bdb34,N
a59ce0a752dd48de5107c19f20e8e39e,N
06c79f22d8f1b1dae38bfd91672d0c79,N
9af4c8e80f5f0b926997daaba9125f27,N
27582ca61a9259b9c02720220b3668ef,N
8ab41e73efac3707c09ef46a86d69130,N
4d35f492506369e55ca345f44d3c6da6,N
4e3f0663c82bf7f5a96fbc6c00dec326,N
1686524b6dabd237a0380d89ba7e9160,N
1d026a232850724e1671c98281288b17,N
30fbd5f76efea72c50fb352c4fc646ec,N
5c9bf0f592c2d3bc4c6f3d0702b73695,N
878bb790d12b0f9fdbaaa98c036578d4,N
9a8d22d716d89eb5e57cabff8812a372,N
c6166a3abd4fd5939d4ed04aa3765276,N
99f3f99591c392577ee53a974cdab647,N
18ab8fe6b1117da5b98b0fd7c5ceb0e3,N
42bef6ce7528847a9454bdba1a72b724,N
70ea3030b8b63dde20bb572e85afd9be,N
073e5aa6aa843d1d7946f415b3199223,N
dd05fad78a700fbc888c66d3f56fe5d8,N
c19daf30c518b29bef6e0537777487de,N
75dede0bf04bc3fc1346b2fbb3fde031,A
2b33762eebdd817d35af8e82d25ee4c4,N
e82dc02950a644fb17cc1db1971f9a20,N
1f6247151e84b7945bf0edd584f42ed8,N
3aa3ffd51f80eb8c5ab235b1a9b0e3f5,N
36fcad9d0932582e52750698391fa505,N
bdfc4fef4a117360edcee4a8cc1246f1,N
55e96af63bf87c7addfd8d94aa2075a3,N
ec9cd6682c6dae957e08a34833120eb1,N
f316fe7e079c488f59ad36e5b3cd2b1c,N
6439feea4d78f6d42d4f2c3c39fec513,N
a559c82f3d3f38d80e7f3aff1f91c0fb,N
5cdaa0ff7f5f9feeba615ee8ec8e6379,N
9a2ab24609526eec90a85cab4f4902f5,N
4488fda63111382ba94f555c10bc8ff0,N
4a00d2ab607cfcc22d2261920700c017,N
7b2ae3dceaf26a70fa538de71b29ae69,N
771009473a4aa12d6eb06d76342fdbda,N
92c527731083bf9163a1364c8a20eed6,N
6e9be3496b6d07b0395d6202521205dd,N
1253345c20ccbbae05635b779f96b260,N
3b7f3edc3e3af73d031c6182ccdafae1,N
52445035366ec1dfd6d1c80dc8dc520d,N
94bedb8f0c744d81a28f87ad26a5d49c,N
40d48284799ae0c388330453129e43a0,A-
66771ccc5f58929fac2f1f012f6ee24d,N
f51facfecee654e585f0682a1318acb5,N
0a937a81d1e6df210168763aaa17d00e,N
ed90bb4b5d38f6bfa00f4088df5daedd,N
f70eae978a9f8a8cfe58d14071fe3cc0,N
9f8bc277bcae38e26adb06a456cfb379,N
4ac42247f5452755bfd47cf2fe03c098,N
463c22b2e2e2991da9db21e09433b0ab,N
8641d11a44bcdea421b959b6b4d8f76b,N
06283b171ead226fdeecee9f8a941cfb,N
9c4464c1b74c395e7a87b8f5abb78455,N
89577b325fc9363875f88ba70a595e3e,N
020d647e4c7e8f80c99f5e490dbbc07c,N
2f86f8395c5ef7d3e4a439d296db767d,N
232d676bb897f73a57f6d19ba12a4240,N
79aa0b177a33fea301baee4f219ff485,N
79f05919c9221d6a3b35ff0636d0b325,N
d24091b1a6ff2c6db04d5f31647dd3f4,N
3d6bdf84869333b06dee09c73dc7d392,N
af423496f2f57ac7512f0a0ebc020034,N
ff67217f16dd1ebefddf86396ca03af9,N
7c6f9ecbccc05944b9b378a453754d24,N
0872a5de058c289c416e46d756c477b5,A-
1f6475df086c44e86601dbfcf9d784b4,N
164a0eeb1b4ebad83a7f79ff70a000ac,N
f222288e162e062d26bee81bb5a4f641,N
5f645b9d01ce9fe7d9d58fc4803c696b,N
1b4899c991c9aa019467876f14e30c2a,N
34656f3a41edcba808928cdbae86d346,N
3185e1847d7a0813a90fbdabe54bc3f5,N
d8c3a750066f6dc3421808be39079c72,N
e668dbab77bf83a0e2356cd19d85aece,N
dc6e08f0e583b5a7b515732c6bd76fcf,N
daea9ed135f6b52c125da4ad7e1a7ecf,N
6fdf812f2ab38313f4ab22dab719330e,N
fe093c91752fedc9008c43d1796d47f3,N
febb2037d57c194ae13805e93de7af09,N
03ce774e735cc682a5931a852c567e36,N
284cbb6e791ec614252e469281338312,N
487d66ae160a7cdfc9daead99c8ea34e,N
f904ef49d05e6c3722096dde8794e879,N
bd8a6fcf73a39260cbbf0683ac387201,N
b3d5b52188899e86bbd0db91ad82c627,N
fd31962482f8cc85096455cdccb4e9d0,N
99dce9c1693c5ce7f24953d417da32eb,N
95c8c0d712a45a5788a7b7fa9c733e4b,N
a2a5cfd72f27e8abff32424609c058c7,N
256b0eec4e06318ab33a9821fed9c803,N
c5a2d3838339bc0da38f5ccc8d4e124b,N
25eeea9c9be9b31ff9e20f96ee6e51a8,N
50ada53847a7e15a2fb735b3b0c97505,N
7b2c0ad23e8c05bd6a490342190ea816,N
6f40784b9da890b4d668bfbb4a0730dc,N
9f71421c71a2ec6cfca6b647c800b81f,N
a180cd01bee16a0e28f8e68590f1864d,N
62afd24e5fc6dcef3083bb06c7a67266,N
44951f60c6a892c0776c0b9299bd072b,N
cf4247d2eb469061f761bca091ad53a3,N
e58ad159ef950d4c7304457365f3526a,N
1cdbaf36a52d8b8770aba936da54eddc,N
a509207e3de136646daad0e6dfee60f3,N
19a88952f1b0e4d5048172c3e4c9eb23,N
b2177cb50302d77c0b4d9e498e98381b,N
897f3b471b90da74c768e8edfbc8c4f6,N
26494cf0b3dfe908253bd228f83a05d1,N
d37a1f631c4423f7e3fad001bae37c7a,N
ccf771ae9b0e4b636384be3f16688c9e,N
1deeab518e206a387027ef1ed70a134b,N
05d956f27cda5f891e210fb7795a85d4,N
978a51ac7147b5c807e0711b02ccb3a7,N
59452ceb8085f8d6390db54f728bbc64,N
f2ad88b49f587a82641b5a997f2bb279,N
7159d4f1c922eb3a6fa5ec61a760be6c,N
34be1a2be6ede768ae671139394e07f9,N
9364df4eb1360dace99746a46f214a4c,N
4fdc838ca0a95f0ed38149e79fd06e09,N
61e718f5bd6eae7ad7578b6d882f600d,N
95401dfe6523432f158b1fa118762568,N
850697efd2f8b7463cadc55f7ba51a53,N
9aeb540b8447996fba8ff7a65abba7ce,A-
f610435d5f52465c74f5e66df6083267,N
6069d2a3900964636cc6efe76cd47c78,N
6cf7cc44d5f22fe64891becbf630e8f6,N
e02b433f428b7aaf90027c1d8f8045ed,N
faa0282ad46857da60f9e1d65c558423,N
51716c075c09014624b40c209f17374f,N
83aed33f85a4a439f58f146a3e064361,N
c3876b417916ae1187d4c0c0a656b100,N
25e38f15a536e6cd7e969820983f777c,N
690f56b4b505c6660dd926592221baf1,N
f1a650777578dae401e0f70d77e8974c,N
2d24e83bf621750973c1a267e4b3d4df,N
4194028768a2f58eab111edfb0fdd912,N
22a73d84ca5197af3fa7d4f64a0e4f24,N
ae4b7031588ef2bf030637a3dd2131ff,N
c994b5a38c5c4e82a9466cffce6ec470,N
9589de39b5866ef19a30bfad6c492a79,A-
03478c917fd1c9609475953680205704,N
4a88d21d2a9a9d74e010b09774f079eb,N
680b35fcd5d49966ae8bfc4f6e9e8f1d,N
960ceb9ee276fb6c77a283e4766f72b9,N
7df9d37068a136dfd3f2d3bc81eae1dd,N
7ef8d3d6e9f5bc6f2e233bc2ce23992f,N
a8d26da549451cd8c2be0675f828d610,N
35d14024f640c0ccab0a220b4aabcf06,N
3bc46499b23e8777cd10904b6d846aac,N
ddb1e34a573e4dc4d312d2e314f5486f,N
156196b0f20b31edc1c8750a7f2a48c7,N
fadf039f09212072666cea5f919a219f,N
15e47de99a11b5954f9b0bcb3ddccfeb,N
18afb6a696981c1bc5bc418476bc7bab,N
17ebbc38edd5b1d347991ebf19f51fa9,N
11d1fe3899451c882535bda1aa75cb8a,N
227abc1a6819ba1249af1bf7177d95d1,N
d74581c2a5545c52df8b2497b7517c51,N
761dc2a2e2f4f76fe930a9c7b3a9f212,N
0c95a71cad737e5c7f3039a91bdf96c0,N
9b1c259055f08ad4c008e2611a7c4f37,N
120c7cfe091c3620b34dfb13d620cbd4,N
fac002cf8c27482a39dd71fba35a90ad,N
85c7ff19e2dc5993eaabc2151ca94af8,N
71dc3ec3c5659afc043ad5a1e48adfb0,N
647f6d9517bc27223a50a7f503d185e5,N
60f6c4270d407be42e81f50254cceebd,N
8436e7ef56aca7a4b67b74cd03d2c44d,N
f02ca7acf8fc8968616f99d8ade5a773,N
a56715695365f82bf5fe2b81d2825c78,N
761c166480da9132b2720465453ba971,N
bd3c1acce93dbbeb38866e86e68a8c7d,N
61351335349e543e9c7c34286ce682df,N
54896b2c24e9b97a24748d999b7776ee,N
3e14b45f5eb3ac2e28960bd6ecb54d99,N
40330e2222fb69748691f2b92835a36d,N
105c66075602eeaf87d61ad3f6135613,N
a7bd62ef77480401ea81612a66b4bbe7,N
d978933414a053f2262f3fdc4ab9732a,N
1813bb63dcfea8489ec28c1117e5740d,N
93065799a9c2299a6f43d520e57742d9,N
80412ebcaca6c46583074047e45c621f,N
660a2d0a0b6580989c6322a71e2e580f,N
046ec22d51c343e310ba89791c655f3b,N
adcde1b58e2e3e28fa7bdddc0806966a,N
7fc4b2e566cd3b61e0b8e3da266bb433,N
673a66fd8ac6830fbc278547923b9142,N
a1c0898a9299102866ec8b54e4af7df2,N
8dbeea891d67a705b47b90e8f1bf1f5c,N
5c9014bb19dfe5bf61e8d05953ce9383,N
7283efcdb16da08012d46b8c0fa8c50e,N
787bc89da3a729ceb02369f9c7141b2f,N
1677cc13e5e34c567f3fff04ca32c1e6,N
09c2ab756784b53d3f5528be00dc6794,N
977ba857271c0dea6975117886f0559d,N
52f6059c42bcf7bf4bf36b844d3efc3e,N
aa0009974c81ef499b72e72175fedcec,N
1db3b138b92fa1765f7abd8215a831c1,N
5d71cce6b854d2e8b9bf0cb525bed1ab,N
84cd8234e335587049a1ae25b0eaf029,N
0bbb6a762804bf7b034ac0411ac71805,N
0839bf6932b2bea2cfa945ce9c8e4a65,N
899ce63e61870a9e0a42abf388c7cacf,N
4dbff467df471b00d3f8f3e2f9240a40,N
97afff0f3ddb1cc62f54db6dbaaef22a,N
fd60016250def2e0508e2ee6a5a003d6,N
2bca1d5e8fa7e9a7b206f46a99607a21,N
f0159a9eae2e75269e5dd29e854b594e,N
151d31a3409f05c3e27bd1d2257f3ee0,N
9cf459a017a1546fd01e7fa7901ea419,N
d1054e76d1cba1579abaceed45823495,N
e173cd11e485e23c740acd7c0f22c3af,N
69f7be856229aafb42a169e247230376,N
1e86e3f3095e5e90abb973ca22763627,N
b71f9a4f71b7e4c4c263b23078f12869,N
cd8f164165172da8b773e27f45e1660b,N
7abf93189a2bf08a9cb1798016195a15,N
a8df0f38da5d3d471730e72efddda0b6,N
2cc02ec3362d61742fb243f9b4303135,N
6c7745c88fdc4d2b068137aaf1594d73,N
f4e6d3a750e6f94d7d12f97ca31e1bf7,N
7bb0a0c34d70e898d9fdfa5eba9e1ac7,N
a83b01ce5c0347a725c868fa8e64fd1b,N
5cb6c6c5c1b4cefe4e18c001da8f7390,N
61c3d0c619f2c164911ab101dd7e71a6,N
c9dae2fea39105e265f696cbd5f0a68b,N
c7df43f98eaad9ce52f86ebfecc28dca,N
91ebc98959c9207cbbaa938ae9bf2265,N
f225013d77aac7ec76e0f0836934659a,N
b980f900bbef5947f8e05b0526abc47e,N
076f90959082491b550b7fadd13180eb,N
6af0b3845964c225a319927b0d6167f0,N
34ffbfb8cbeb69edcf2f11de7fc93a20,N
91e28b3747acecd280269431d55fc7b3,N
8c559df49d906cbb9b3e13e22e3a0e59,N
a3d3f2e1bf030fe3eaff2667c3dfa163,N
89cc43ba2cf024cd5427426dcea57dc4,N
c55f5096282dde9fb7e0115993ec0c28,N
ce478f46ad2e8b254fe558e0d875a7ec,N
ac369866e93f628d11f74a6c097c98f1,N
fc603e2289c879dee323762dc6d9f3d2,N
6f15d8d6a4a19a7a75233d9abfeffb2c,N
69cc86da47b491555bbb1fb21f1bf1d6,N
4a10e22351dab07e51de7ee1fb35f3a8,N
2d23bb1bc7e34c1d4bd244517cfbdb06,N
1dcaef31d4a17d40d1b698c2e61f0ed8,N
5804664ea6ce135cab347b1f29ea8e11,N
ce6a86e1a70162d30515257befd30cec,N
0ba30be5e9de05b58e70a616f3249475,N
7b3c0778caf4ce82e15c930a964a0ddf,N
a9e9511ac24c588d642dfe204d85f65f,N
290d931a7e3df24beeb76a93f5d6cdcb,N
d4ee5059e4c3154922a6864a28b47543,N
7213fa0f906e73198463d8ae28cbf9f8,N
6d8bc8dc264272cd979c62bac49c7c70,N
e6aade3d4c646f42575d61c5c8e69772,N
9e13ffb7c2d6f9a9caf7c085254b1812,N
4439279f9c4a5c498765b4da9958df88,N
0220efb868d6468bda87d37258f3304e,N
e77afdc5087b496290a392f15cb7f976,N
070bf3945ae96799ffc50f4af1489d2b,N
f12452cf89e53048032483b4d594ad93,N
0ab579102e5e5e4f07371759a108a64a,N
5298cd98a21297d4b1062d99df7753d0,N
8947f3c0a49440198a47f9c66cfc96d2,N
53fd020e1a00b58bd4e8be920715caa5,N
dff5f12a56787dbeceded1940eacda8d,N
294886c8b06cb96e51418810c448cb21,N
623f7ecce8ad3f7786e5da5d463cef92,N
895edb56ea8a96cb4f39d54cf654dc15,N
26222c4b0b00d31cdf2a42f92388b0ef,N
b82f884a3a4401b8d62d09d1f426cf71,N
4cf5e4715f5d951b40f35acb65c98c78,N
bb676e53955cfd7df33364795110cc49,N
c9eccfdbe6bef50b52cbadb31a2e32ca,N
93f0f6e4ae65ccc17759ce2101239a76,N
ed897fd1a7e3032ced514737a561defa,N
fa10230c844f3cf868e06f4db4d0a8ab,N
7459fbeb103aecc989a0f643b6582c82,N
09862f346a7eaada9a45e1dfa61074e4,N
2d65bffe6f400525882bf3ed4c10b9aa,N
cb99e6c6411eb06ba2c7ed1fb9600e38,N
bd32ae22c8ced030f8f59a65c94a33ea,N
5784a3879157d13a63fc328ab3f2ff6c,N
193ff5c1a0999c924bee538f97e6d53b,N
a7ac57cba24048fbe9cb2b3d841415eb,N
c12cd15f145bc432ac751d514927209f,N
410850e14828bdeb980d257adcd2d9ca,N
8e470c1021fc17f19b642816d32c4aaf,N
9bee708cfabfa30c5479dce0ef59dc07,N
30244d12b27f5c8b8ec6c672d65a3a89,N
72eb1c210028caf54da0580cbf6f7aeb,N
f59cd2668afdc4837d4fb1363985b757,N
eba123c9d3889eb52e68985c917a3d2f,A-
e223c408776f670a1cae31b8af6144c1,A-
5ce26026ee0a4672d46252cc1e34d7a6,N
353e3c1cd026b1d088aab5290cace2ba,N
f779a6fcf52271f725ffcc33a03b31c1,N
5b558fd5ea5de1f68e62773b151e3a45,N
3e84b173cc98a512c1dfb6fbd80358b5,N
0784c0d9c86ef02db5bb79daf5bec388,N
43f55bdc65ca6241cb704750d968b9c3,N
ec355a2702e148ba9b80ef536ea768e2,N
aa889dafb14c2588ce1e8f163e1a9769,N
f21116a7d7d64ef7b2a02c43419e4e1f,N
67c3fa9b53cb48d1d92f6ad2d4ee24fe,N
8374079b84cf212f643db3d16b72de43,N
e163a75ce4c66fa1a8e979d338fc1c08,N+
0abdcdb65c2e964004b24ac9ef231f89,N
051a728cc2c11627edfd63698c745a9b,N
ea829f8585034f814891c9e2fc447bcf,N
422b3e3e3ccd5652cc3766760fdaf809,N
465fc1369315fc75049832e6ce2b2e62,N
06c125384b1f71448527a06c7fec9f41,N
29fc4d80a24cdfcf3509bbbe3ecd389e,N
3a077840ca8a761a3d1b8246fefd0c8d,N
c950814f9024cdb3b6683643ccac812d,N
d5a7d8915a14f72feab1b983be75a6ac,N
fab47c12bf460e8d1109f6547ebd5cab,N
cea51f1760245fc97683baffde7b497a,N
481f43e1750af3cd8aed7bbce57ca39c,N
3d3499ce99be65d02f33bfdbe2b74b86,N
1d0031a02dd7d311b7e97e9b192bd708,N
7948f59ec75a56b24d96704af504bc4b,N
54011a3fff78a8fe66cfc79d5c687e39,N
6f7d32f3e736c54d54be8e5d6dd1d669,N
a32c83080012f0aea8fb595e35b78906,N
572d8029083664ea6034214f99d8f95b,N
0c1e1010cc810fe92e92e5db62c428af,N
ac20b35878a417b38a9240447992de98,N
61b4cb617c855c1be7658647d232e1bb,N
c5406f466d3df4f0eda7b3eddbfe6de4,N
aa7c9c4ffa27f3574feaddfcc02aab86,N
a29e141c3721276f653cdbe5dd37c9b0,N
e19313c0b1f920cf84d177cb5c31db44,N
d0795347855fed3820fb98d120bbd6e2,N
7f8ab89446cf24b8809835eed9fdc807,N
1d8941705c091f7697859636ffa9e724,N
72cd109af8a12a562da3e20f5d6c157d,N
f18c7ac1a85a1dc4ca75d85bd4269da0,N
0562ab66c4aac3da6ee48e581bca7624,N
2ec143e4480d994bc3221c6dc101cd9c,N
b4d974108a73c98e059dfd752fc86483,A-
8d3e4533b34edb01f9204620b72b9c7c,N
74cb07e74523ed25e136867bd55762b2,N
f5f4bf57f3c6ef2a350a35ee47c5ee7a,N
8c31a342571be71d5b5b3c9ca6f8fe04,N
6ca3bef21ff5aef8448bba32cd03126c,N
abd87ffd7fd2919fc77b3bb18c107213,N
f18b1753f51189a973ad3f7b19c31899,N
a00468808790d539758d5a9f35e7b51f,N
ad950b6a8ca6a3b1f41fbd6782c36f88,N
94ce11f7bf8c9583d15f0d0ae613f466,N
40e37ce8a9c76b7a876a6aa5e9a5f159,N
e72f4e0774790d740bc79bf346e6485d,N
c99e533cf9028dcb5418bc9876bf2879,N
bda97585f7b5f1851fc7363e2b1bf296,N
2a76d5a5327700bd4544f2efd093f9fa,N
23214393edfafb0dd8bc481b46dc0357,N
7d1ca4a87d728f813a7a141552aee7dc,N
43bfdeab4d4e62860c51940e9bf86426,N
4a0bfd492ee2d0da0e63b5b399c49ce6,N
365a3a093d833256d17e04621c92beeb,N
96192fdd3dabdc03968cef42dab79b6e,N
5abc2f601d9fadf568098f280c602604,N
78cd194cb9c760698170d2d87f9cc405,N
41b4f03b34f81eb849fe9f8f7508001a,N
3de296e5458ee9f6ed23e4a4e6c4c307,N
16be15a521031609479eb459d1932835,N
8ccf1f6686b7bc828d1d4cc514c09121,N
c1794adca9ae76c9a0fa41781bed7815,N
595bf2f56ad5b224fab3e788b48f906c,N
24aaef06182ffa051960d632537344fe,N+
8dd37076ebdde5cd87552b4b4ba7368f,N
d6fa400b07c71b735abd287b27b1ca28,A-
cea3f97494df7e9530a38a3a6ad2e17f,N
1ccc48e0697a597d3b0a2d0425314e51,N
4dba61edffb63c6409e85815f8544b3f,N
0a44cddf08dcf08a7566eb899dc6bc3e,N
1075bcf9a121793c7cbe9cfa39a333c3,N
f904f4ff6298917076f069a3ba586a6b,N
549c0efb862260b5b0454f906c605dbe,N
3a360db4bd3dbbe6affca24b82feabac,N
0dce0f6319097f2469160f623e3776d7,N
96e14fee9a703b70ceb9d6d2a08e6a5c,N
2c21f0d7b8a47916be135aaf1f317762,N
e2b83d1a22ac6cc0df4aaee19c41cb97,N
e8a9db25697b6bf610b61681206aa16b,N
285caf41a4bf843ced7aeeb316daad7b,N
45f8cb3e403f61fac76b9b49c337bd25,N
ddc4fa4f508895c8fc8072e9c101cf4c,N
bb29d2bbeaa80ebba3b4f4591c24e29e,N
6419ad138492813db6e9cf00668d7fb7,N
c7c14c8ae1d6a9265c3ee0cb1df13325,N
6ef3d274e9476ba71d2ea1bc17fa1e74,N
50dde871cc02446b11483ad116014b15,N
c9a66681564090c4ecb22e8a21967247,N
4eb2eda95cbad8198136deb6d2926b2e,N
3ebc5c1b07c589ccb36d706489ad3daa,N
3eda85ac6e385e73e0d4c3a1af7ff4fd,N
3a8a6f737d93ad9252ea244c76ea21d7,N
69fc7a596ae93b1935c31bd31c3fcf6b,N
145b4df565ae432ec4e21f106860dd65,N
0a7f45808463a56ad073ecc719fda26f,N
c40f77d8fb61b31298a4ad6bc8cb9484,N
f5462eac4e70f436506c9a98447fe746,N
3d21951817c0c0e0cedd838c82093ded,N
a3277e6f7c419f21b8cbc7a8f9f2312f,N
ee6f49f6c26a7660fc911017c186975e,N
d0d6c9a681d8bb834ef03628d660cf3b,N
4c20e9b138367dfb80a3d9142b8d058c,N
89a625c0b9e399a551fabd822fc1c1b4,N
99aa90c5af001d70866b4545d2358cc7,N
3ded173409dac00ded22c4e7f3a462b2,N
a0077ae7df584b11542ab198fad1564b,N
ef988fd4faa46b0abbf6e98e575ebdf5,N
6476c3590255173db0d9ec3fdd7db1aa,N
094aab01301c22335f006e304a7a7eea,N
ca8e76da7a6cd0b72d72d5d9c069afce,N
d156917d2ae625e599c2db84c1d83ef9,N
92c2c2f7a36e5609bbfc276737ab99a3,N
58658460cca21b836bd914801cd63994,N
79f5fcbcac43ea37b81fc34c3f74aa9a,N
fe3910a1540f62528c0fa9a992110311,N
98e227a3bc8dedb060b97c2ae3df45c5,N
f82d3a3afae3753b10443dbbd5aa9169,N
4fa67768aa75815837b2d006d1ae54b8,N
aa844eb2e53bdbf4bd4654cea8753822,N
050d9e4c3dc97cf3138f20c276d66eb3,N
4440fe7ff0ac94cdfd19cc51ffea7731,N
78c96d8dba035d2e4c1f6ab90cbe4bb0,N
cb7d4fe2c8a9f0c8d2f29a25d2a23094,N
9aa8df95b7a64db61f37e732e8cdb981,N
acb969f197bd18457d63b2ca71f93d00,N
375a9237a152cea58f4352eed6aecefa,N
53f9f246adb21cc7351ec9801d62e14b,N
928ebd81f128810c97092abdbe0a7492,N
584672a1f17a4735a5372c9fc2c1051a,N
aeee2c45042dcee354eb487bea034a23,N
00b1b3fcb710d75cb3fa8f3f32c71b36,N
3d7ec2d943ed222dee7c748f7d876d5a,N
4920292ef488dcb7bef4f6bb66a56e2e,N
6629da8c819e2e309197582524b9262c,N
49a6b32dfb41ec700f9910d6ce153501,N
158bf9ea1e3153cdf1d8d6c5122ac836,N
f028d3076d3006a9848717fb439c5258,N
b729ac55b53ee1ae5056c9c4ee2b074f,N
efff0362ce9282c4746b906803dd3af9,N
a0e85f22a2f8da9b56a524306e6b0d44,N
0281b1b52cd5ec87a6d869a84176c932,N
2cc9e544b30a35c0138c413f56d8c36f,N
4822e0aeaa83b72c0ab5bd99838dda18,N
2266b0cff998cde84a60c9316b438e98,N
b084f2b0d2b02fbc8459ad3c67086855,N
567653d8d1e3c9c8baf4010d68044b46,N
bc7e13ff90f037a0b7253a2bec04bc2f,N
67bb0fefdf97c9a2a7a2810d76fad6c4,N
514cc3b8a9fa42c4bea244a8e40658fc,N
487e7c6973fd06f52a19a1b6bea00bcc,N
1b0b7b9ae3b4a96364e05c255f2b47c7,N
70b851d63834be0bc0fd745d42bf92ca,N
882fd17946fd7c9afe0172ef4226b2ce,N
c29761e8d43d0cc5c1f01c9c55199a95,N
ec9ce82a0be0916c3d5a79314ffa367a,N
bd768b33fab3eec4636cb1d81ffafda7,N
7540c8653a65d99fb2b52ee08d895854,N
832e276893ea4c7eed8d3cf7f30442bd,N
4608201fcd06f365d30456d60c744696,N
08c4e557a69349c98c7a8c49b107b4d1,N
0d6edfc994765dec8ae8ff7a5f463d3c,N
734f77036f93fc03e15732780b3b8220,N
2f5ca2f84009342f07cd9ff2fe1a9938,A-
547b1eb33330ab98f7cb2d28419e4adc,N
2351421977b6918ba54b90b012e6bf00,N
b57202590013968740680ed0d0022559,N
b932402c7acb81e679660724a3278e9b,N
17a60c7e7d7957ba63d22b805334cf37,N
cf3593ced81728cb15d4509599d317f3,N
8b7f826a87b2fe9e6627a2bb6f3c1ce3,N
92895aa5c88841ecf78b8052ace9ba99,N
09124bf21ed9c44c4cafde7a1c655a4c,N
cc3d0305b7d19be8d99f24becb3364ca,N
1538e008a9675d30b47ae897f07f940c,N
e5d2023dc77321a53b4ef06c7ad1b674,N
f6a1d8d37ee8c6a9c29e768b65129e9f,N
f5313d0ceb1aab3cb77dad6df9162060,N
0e45f5247573e62b9e7408dd5ed83023,N
ff4dfef2fc3c0fad16893f99ff523872,N
170c4cfb1fc3f1c226ce0f19e5675bb1,N
1e116acc0885f5d9e8f7da784ff6bb61,N
188d572893267599194365c1881010a0,N
8e66fff75e39bf626f56aa3fa27ad47d,N
76b45dad5c6049234fa75b963062d8d5,N
2492a89c353258eb60d2f0d3e9377c7a,N
433603b1a661b3952172cb55f4810074,N
edca2dbd3db9f1d79f1207ca4568a989,N
24c86073a0299c4c6976d778e831ba20,N
18f3c36dae0424727b49030bed129155,N
b0481d9f92ff7b90499d3f0a8a9819bf,N
0c1b6e0bc29553e2f2e988df20895b78,N
3d8afe749ec9ceeba45c5bd6a3118002,N
058e7f264a1a5aae3793290948a09d6f,N
c7796b02f1e7afcfb33f873896313b24,N
11273c9af6b34d93fe5059b3f6d0eb29,N
3f41b579c5923949c224cd14ff21a4a7,N
3b7f11f11b0b88eafcc3a9c730608661,N
a6c9f43bdb81184755e66549bf174e2f,N
5038f3c145a436365925f92573a30e89,N
cbffa6f49e1dc4d7d192b73e24772a1e,N
8d8701f1230555f17c3b16f0fd9cec4f,N
d79f6cb78a18a4a43772e456caeb9842,N
2a5713e3d12ed363fe20ec614950d49d,N
6ecd31716f06c09fecc78cd15cb71fa1,N
c95f62fbcb780f8c866704b0d09c7462,N
7d82325c8e2def5014f24c74d2b3e527,N
46062be268dc27bcb0f584b6d4a82c54,N
e60dba20a8c154057b7505c6a71e0069,N
f9ffcc227e2f9aa5da17b478ed0897ac,N
b5ce9a8af02293f2c08e9e3311ce7878,N
fdc9992780a0de7f222cc13049abd853,N
0d01291d3144d7b1831ef0cc60df8e60,N
052c4df31dee3d586c9b71f7641c0671,N
afcd5f1d34a4058118523231037efe91,N
ebcd0894a94dd756586166603cd22cd2,N
8967bbbb3b41a034b2680e030889d63e,N
8f1063b44537aa0f3b7eeefeb49b4edf,N
f6c6494f75221f183d674d17554cd924,N
cfea51ca1333e4557ffb840b818823ca,N
28258a556e3a7699507e79b917654f9e,N
8c49ae734a431bf223839840d23cecc2,N
f09a987cc06d73b30075e091e9447e17,N
c14fe79a6d5d1e2c05ab14cc65553b03,N
78673d2e77f10f6d50da9c1363ae731c,N
e7d5b200e34b76c8026ae2752ba3e616,N
25fd3ebf09e26b2fb18db31b32365599,N
205a606824b2f613df2b24cf52b92cfa,N
7d49d661e18eb5ff94494eb7795cad58,N
af3df4224691e091b7541f6201565603,N
9632f1d47749739fbf3fd911d9add7c6,N
75a212b48645f5e14d6e0d682cc00ec1,N
81173a8d54b6fcacd17bf8b1a3fc951d,N
593f73f2e43c1bb1873452a75fccfa64,N
9f66a3fcedda93de273df19608dd2b6d,N
6ad77086ae9974f234a27e2769e8950a,N
51229d1bd7c76f4b6e37047cec4e4a02,N
10d33fd379e8ec29bf6257dd462d95c3,N
2aa6977c541f99f7b82d0cc597626080,N
dd85f7de719711db4031aa0e2cbef118,N
3dfcfbcf3b5f07fcde33fac77f8c9fda,N
889ddb2e7837048a63f9f2cb7692375f,N
0a83dfb741d55baa50e91e3e5f6104dd,N
41cdde242dda05600bcd972e7a3b8904,N
ddae35c19f483a023ace14cc1f3bb6d4,N
24726b20ce828ce0288cd0f73533a847,N
f466aa14e84d21fc1c9b6a2339447dca,N
2bd7de4efb14ec853b8674eec4cd9ee9,N
658d2657e26ffa2eb58d5233d282df35,N
0310398f72ee827d1995cbb03047b815,N
4ae72c10c4923f680742ba1b7ffb4c16,N
c04303fdb3fb6cc86805ab0c00d71ce1,N
f2b41ab22ef5a854c21476c27e142e78,N
b6cdc899d66cdbc803c95afd043100bd,N
f5a31af32cd25ff652728c05aff8e214,N
eab9b191c36f8aa4528f4003d7fdfd43,N
87dd3da8780aae4112f77a4b22860153,N
a32d0cf6fb09e963ace43ecd6faaecc0,N
45b1aad3a2b9e46f07e35b19a2ecd3eb,N
1003ccbc2b352bdf6b5a4c9f45d7caf9,N
74d468c6ef1084241f7560d7cd8de87f,N
5718206280e55f47ad57cb3d85b57769,N
2d8b4ebeeddfe16d94c46b7ad4cfe2c5,N
91404eda2409b6108e0a07b0466cc348,N
b3128a3ebcedb9e44ccc064b5bef67e1,N
db9d5d29bcaf42d0b3e394f51fadb749,N
8ff8a984c62c875e5c88ed8034e79fc4,N
c062008d44e34ec6e6e494972c853234,N
11a175e1b926015a8a725e57c91de756,N
f800fce5cfaad14678118fe1881e2c60,N
3edb203104630a0ad3c63289427751bb,N
a6de3b931399c4db4cb4eb8e06ea286c,N
471d34d55aa8ba5f3842a3da121d2063,N
8831c5ff16b04ec5b606b16b59655e98,N
42d2a274c6b39038fb905cae1769aae2,N
1d7d05905e35b5fae6d5189ecc8e36f2,N
d8757814f6a2eadb7e9b27b275b28429,N
05c8e8146432eca7ab304e1545f0ebfb,N
db1edea2907646f8af5d02a47d2d102b,N
ed480835450917fe48599635c120380f,N
4e220fd71677a831d9a3711647d0193e,N
0802fcce0b952c2877dedd744df9e467,N
3e91cdb4dd036334b51e25d706fdf59f,N
1ab49efd92c589a16f8505ed1bb5ff27,N
e544b77fd497aee988a7fc0f0bbfc25a,N
19a893977eee27e31c871443e93e15e6,N
9d07a9222cdfcd90c97a7bc14f83c907,N
9141644e639c8dd514d53d6f68cd0f07,N
d98e166b30ba546eadf12eec7332e405,N
7fba195fdcab7d680228ac51dd9455c9,N
b40a6a45f5f66c5dbd34efbd3144a034,N
7a40312650954345960297930586274d,A-
7d356123ae543d61fb863061e397d452,A-
85762ef08634c5c9ec772b3020d6e417,N
d0390d3ece9c77845197f5246745b795,N
da99383cd7087e8b0fbce68989f6f4de,N
a273d13572a6368aabd4adf889f835ea,N
1b3dc315e5bef8de070e8afa051986c4,N
1f676d2914e2322587f76e28fa590ecf,N
3a9d350933dc6d79d6164ff0428c3723,N
17dc85ce9bf26456713dfabdd9f1bf73,N
f55f21afd51bbb91a40b7d8964ad0b38,N
bfc796f0bbe8f1aefb19fd095a6154e4,N
b506b49e9d06432f3acc27a419922d70,N
b4edd5afd903f31275f1cfe89283d3f9,N
6b0d9208bf2d5acab085532f78727808,N
beaff2ec26f27a95aea2221f469f113f,N
eb79800345893d3678d2defd0e0e862c,N
2edaad50b037afc04428667d3c67b2fc,N
de8a3cabc6f317fab64c800355deff5c,N
38aabf8b6814b1026d9cda76da5fedb2,N
9bdfc0c23b903638d39a7e8b444be0fc,N
c7c726004917d32b045bbc2393f6ee4b,N
00e80a17688617fdf54cbb3fbd5dd319,N
702d2e0a33b3ed841f12ad5a085ad258,N
afb75c70b1f515413063f4eabfa7eeb9,N
eac7461ce9b9b8519dda05f4063755cf,N
be1404ae161058bf2a2a0d87a85ba4bd,N
8439b4871bb33c7ff653fe79ee6e9273,N
d6fe0526687d7ba049383c671d27f6db,N
d722b237e02da26b89eadcd90a078b98,N
d8f9df06b398c3e9fa5bf33ec7c4a949,N
411d5ccd69e94cba729f661e9975e0ec,N
06e34a48a3b711eece38fc90970795ab,N
c37cf18a7a3f13bbdd1dc6a32526311b,N
3d23f2546d82f16d22d2aa2f6faaf656,N
6c59813e5136e3d1a10f12d10c41dc62,N
c2dee744ba55f1369e2758032bdd7d25,A-
244e3518f883e1b31a277ad8a9ef9d70,N
979d3d4746dc6f2812ddadd865ea9ede,N
2fed55bcfd6d0f6eefc25a53872c96a2,N
b39e8dd697b04063a4fa13edbb3882ed,N
84f02c24f0e55b32dd3450cd679fbdec,N
0885b11754ee1c8c0cd21576b9f81e97,N
387ac1f427f50af5c173f9d1dd1fc144,N
c288383d77a94ce49199dd072556a1cf,N
76d909b45c64484d609cdfaff642b449,N
5848c5f2b7c8d8ba18df1e6f4e83a9e9,N
3e8333b94e7700a26651e963ba985440,N
0ced506f38a9ad9804443aab8db0d1b6,N
8869bb520e2259233da9ed1d0bec18b0,N
afa16a137ff55589d14e50534a7bb5fc,N
c909475d15efaf694e2a43f1547d869a,N
a4a90d1bd76c2fc25ae009ccf13bd7ab,N
f8d8c595901ecb8fb33b545c3f9883f4,N
9e6e658e152166635bc9f490fd102dee,N
49f75fe9faf62851eaae13696f68bf34,N
0edf2c4c20f0aa2ce016c54ed549b4a4,N
73b68ed1be193d6c3e49c5f07de11646,N
356ba266b4071a22f19fb806e54d5ed0,N
abdc4b9c2b8de0b89066d190cdb6a96b,N
81b11f0f2ca45e48a9e10508c71a9c07,N
09e5517cee32176ab0755cba12b267ec,N
7290a15de2168d109c104297391e4ec7,N
120dbd7eb2055f6cd167cbfd26091572,N
62f01ce6cf11e5609d97a8802215b346,N
f944f702a4e956cf58c01cdc7826f751,N
035dde070e221b77f21d34d6b84538a9,N
27a19ba9abfedd38325ac14982eb5b93,N
0be6ffe2de9ea07503736335640f5200,N
8d72653e5bcaf7d352084a27876b7ed9,N
d3a32f81c66deab598cdfb8a002575a6,N
051a8995896104ed5d41482539829605,N
07806f0756d0ecdf1c86d3b66d991760,N
f2f9d14dc224b2d8bac7808a4eaf78cc,N
939de6f72e12164a046ca4f58cc995cd,N
93173d7fa1d90717c4e1d07ddd9bf782,N
6281234ba30c3193f5823c86d2f8eae9,N
d0ae0377d9d453cfec5f9fc6eac4b00a,N
d20de05b4922a76dbfa76c7db86db2c9,N
14d0e700f5367be1cbc325d8cd69f66e,N
a1f2d14cf4a8dfcce95a690e301b7053,N
88a38058ca195c4a2fdbef73cd53e352,N
9fbf03e5185ab7b1e5c05c0ba32fb6ec,N
92d40cf7e30ac88255e1893cbf96626b,N
88391d03af41c8f662318e3b002fe9d2,N
d9dfe9f770f7c9c96f4c5789d8b27ecb,N
5cb516c5fabf2da85fe6c47b12d11e9d,N
a56855096f2c59974d5deea0c79b0c4d,N
39a4b634fad144f8a0238cbe5d08f989,N
b1dd2e5c96227b0310b66604d8939339,N
a378b389c3d5be742edccaac580fbcfc,N
be7f1a1cdcc894bccb0b0e8c16995859,N
c7244e212006f8e451375ec7fe36576f,N
37b71a7d35ff82850c61df04c934c5d4,N
4993d3280e5197c7d3946a2e76014873,N
99bc0a52fc76b32509c88449614303c7,N
a3f40e614ac85d524fd15da5be0a2e1a,N
9e915b573340e15f0a1e0a56f36a8149,N
253f3d68779113941ec5d9fca233661d,N
2f17bb492c975bd564c041681d5f38fb,N
41dca8cfe13f081cc3a6e57b61956971,N
40e57695b9f63968ef9757133a9662ba,N
a2e08a799852dd94f84a9f3ce764203a,N
1ab45023de0b99ee1481acda8797dbb6,N
e00210c2afde77e1010848bda87f2fd8,N
8075e48e2aa16a9f4a28fe32cc542d0a,N
db5de71fb544ad109137add497567dc3,N
185743537a626a01ed03f2fab502f291,N
9cd45a7296a6e68b4a2f158d83ab0d6e,N
af47ce22d04f3945560957601747940a,A-
34405bb6807033929bc8245380ff03b5,N
ca93d78d8ccb1add006a51340fba0d1d,N
67010f75cb81c667d1a90b49587876c7,N
fd35632623e07a933346f6aa93ea83c0,N
2e44736cd3ab36474ccff310c26d5bb3,N
33ec25b42ca6aea5187c5ac8b105c808,N
1ad193074ad67512fdec7129b8016c25,N
9d9dcaa4522d8f18258e0bdb3c65056a,N
0d0686f5bb1ba77ccd69e058a734119f,N
6486cf1e7622dc617f691b11e7670758,N
f5f1eeb2528d712356bf493a71f8a399,N
c206d8385e0bdca10a62e5ff4782de53,N
a8ca90be1833068adee9b94b40d4f1bf,N
ea70336a08851d524f70ba1a144a181b,A-
98dbe06dfc1e580fdc9b5063968f9c49,N
819059a578f4544de2529dbfbb715fc2,N
1e168a323764c282a6f6ed332a328877,N
d1858bbe7772bec300f4b28c7cde5a27,N
e34ae134b4e68311397c0692bf8cd2d5,N
71fa69b3c814599d312bd37119ae6831,N
0535b560ffad0e3ca64753cdc551d40a,N
5d4fce45c44cb10bb1d8f047e602e0c8,N
bd7cdcae12806048eaabc6018c6bdbe2,N
f6cb0b220a765c79b98ef40409104e23,N
9715166fcd12e7c6c6ee0dff652b045d,N
ed45a3b989a7e478cc4e3e50940fe5c2,N
88786cc6e39834e2c73293fc759f7a72,N
822389a209d92211923931dbe2a115e9,N
8809226622c9db04417c8028685af093,N
1a13be9201f987605acd861e1caa18e1,N
0857a9738c2482d5dfbcc89b9366630e,N
15826bd6b879e3d4cf6e146e7147a9b7,N
dbbf997bfbda9407c530cba116a14e4c,A-
7d59c9750a630563e8a7e1514b575149,N
01d5271865187e02553d5dc525367110,N
5bb6193930fea25a4343b3826fb90451,N
cfaaf461cdc11cc2fc23ff9239edbf66,N
ecc7f416133da63f60bcc8c22e57db2f,N
c3b09979fa0951df95075105e832936b,N
1b77e7e7601e88354a06bb42c3d42680,N
94edd79ac3d0da7806aec4b53f72f16c,N
78dd5c6285d7665bd77cef422e7e47e1,N
db76097374155bb566a95bb7440afb6d,N
5048a1a6f688f1969a922d75a1154bff,N
d144b1c4b368ff7e80524bdd961f2f07,N
149c12753b0a9b1e1ef7cee142b909b4,N
317265b491f8554d98fb5c6005a1ab15,N
b1ef98b47e2ae321666fb3b825f00222,N
9c9a781676d70a2a7d813ae1f7debd2b,N
46621b84f56c1296e04333fd40bfb8f1,N
a152494ad781160a5b08dfcd72d54119,N
cda299e07411c869e4d68f58901ad5ea,N
aea3b1b9303e5779188cf1d103aadd55,N
ef3bf00a68378caea7675ab89808a13f,N
812b9a5cf56cb9e651905f8d5fdde12c,N
87394901eb32d0e6764dbd97dea6d4fd,N
b8e99b2d3fc660b3e25f95df15d8742a,N
e428ef84060f7eb4976a9822ecb8252c,N
68415c7c2b5a8747399ccdbf85ccf05f,N
d0b34ffbe2d614f189ad34dd3388d1cb,N
ae8f0e9c40e446490316f0ee9f1f6f9e,N
581e95f0dc582b2ec7f0fd64edbd1cc2,N
7dd1e72ca2dc809b65567c970187ede5,N
71d9069ef422699f809a13680b16c2e8,N
f2ee6b4c409deb769122bdebd0553a5b,N
22420bb873518dbd1b00f6e7116fc023,N
68ed3e2aa9b11fd939ba038310107085,N
55f23c0c8e90431ddcd4c00972d1ef86,N
9572274fab9e805b7149142cd74b89af,N
046fc86b1ebba3fe0aaccaae80d3c602,N
1f4ae5b42e23091c967f9ce6b09cbea9,N
88e282c1685cdec15fabaa8664179453,N
8e6afe1ebff147dfffb11b1656c10c9e,N
c13a42114dd6fedba385f53561df9aff,N
ed6ad33795e6252ccb0231d363c93ce5,N
87672e26b07b3618d6f49614def9a403,N
156038906c403c1c6ea2de57381507a7,N
680bfa5dff9307a3a3463512eee3740b,N
c3f1d314e53261f97f691eac965f61ee,N
182c6181cbda0fab79fcdf47dd821184,N
10cd59954fc0cc533479ec6ce57ad5fc,N
7bd453df1f23cdaff7173e8e24626820,N
7ab1fd0b11d1edac13d76cea07a7f776,N
308b27b416edb1773053a6017d724973,N
51510cc1f6b708862ad96f9dd39d361a,N
51d89acfc09c506cb708d22f3cfe3bdc,N
21b30f0e64dbe22004e273e3495ff5b6,N
371956228104c65e5eeaee29d5333e21,N
bb8c1da94c2d6d8c9d4d2c5dd23887e6,N
2c21920a4213a40d3e3c00cd87e40a36,N
1fb969125c23a714ef08ed70d54f79a3,N
da7a90497bc10b57f16bfc48db972f58,N+
5a0451a890890a3a910c2917c4f53741,N
088427951465da148278e6c07ee3e428,N
7b1a72c3473439152aface83392fa370,N
049d271de376518f6046afaf2f777545,N
6bc406190866a135ba0b5fa0d4904177,N
fb3b784deea4506587bbc04abfebee4c,N
1c8caafb416400d1e1f9946839a7e726,N
db1d2cbf07ae5f8fecdf535b9255ea68,N
04a8e075e407f931404ab42ed9321cb3,N
018151b5d47f30c00c315cc616433018,N
403b7ad45f15a6bf782ebab757559141,N
89cc22d4d99dc44653c40ba7901433ed,N
43231d16e6dee40e18ecaeeb9f481c78,N
d567d9ed20955fec5038d07f711dc7f9,N
ebfd267d16f5d264eacf3f6c37e20515,N
e827e906d7faa0f5d820f744993ab7d9,N
6457bc59af8f7964ad561d6ca0b884ed,N
5fadf7483002a6ccbb5ba8302c577a53,N
a11beb1d6ea22618ad982079c7875a49,N
0cd5faee80ab40941e7b03abc1dcdae3,N
f1e594d6de769203afbb50a57ba0b302,N
3d5e8e6d2e74d8d28d31169d3da17b21,N
aedd78e72a763f9c71722a3de7c38d22,N
70e102b2b5dca5d4b564969065661fc0,N
115047b6a7412c5ba47a417726cf712b,N
375cffaa63aa8d849f8b00b23f935757,N
7677028671a6d9307b3b58a5644fd267,N
a56dfa151a2fd056680966a326e16076,N
bca6fa3b2337fa3794393a96c7bc73dd,N
92b54366a219f033425ff7edeaa2f0e6,N
38a3836376597acdef4eac370a6a8e13,N
418ba31a5166231fa474f97963f6820f,N
1d87c9494d8d906e44de972235e0e077,N
69772537b2bd674bfbea82372f8eaa26,N
3c04fc3c783e1fd902d9dd2f86b60836,N
af5150a278684553db745e86ec16cca0,N
03bf4c5373aedab017ad4b78e37978b5,N
0aa469688f346c7e7588389661d1f06b,N
d9a99b5361635c248d03a09d2ec403fc,A-
e4808b126c37ebceec7d251bd03e9ec9,N
fa6f0dd7371a334070d6250a399d6044,N
caf05f1c87562d1dce23254142eb0045,N
133b354339b63f7e72f3f4abda0ec227,N
08f6a30143c6e239b8422cf4cd78f038,N
97be49fe6036fd4638895e5bc6deaef3,N
804cd6403a203f80899d762ee5d6600b,N
34eb3beaaaf8bf576beda962593ed945,N
801aef6d9e5daa14058cdeca9b7ad8f8,A-
2abee780de5b2cf101174ab1790dc06b,N
b1bc52538aac41616070ba0e635caf52,A-
4685e2d75d8d18d50c00771ae8fc2278,N
2fdf9cff0d5c4592ab128661df1ca8f7,N
b28995aa05b41a32467480df65d18fe9,N
546ffb0b54dbf09a75369885207645c5,N
283f66ec37d986f59e3818b8623c9cd5,N
ce7e9c4103c5e46ac12f8239a151c785,N
1a19c95a1663abaa277c8155df38052c,N
083acc96a47104c3cdaaa77864b7b295,N
dacbed1f4f46a43d67e015747eb6eb21,N
bbdd57156df5f5ca129e08a52c1f8812,N
9e90c975ad2cbb51430e555ced0eb822,N
00830595c3cc2ea5118429214162a737,N
eb243f397b1d1919d61364b72218915e,A-
f3154e71cd9b3abcb71887046dd7fef3,N
999bb44d5d55a822aa30fce7eb97a76f,N
08c8aeae8296325b53323c8f6243beee,N
9cfd21bbf8aa28c218cd969e6316eb66,N
8c37510f7fdcbc831c7213309514ba14,N
18659903cac572df509ba35cc702a1ec,N
3c2276e5adb8db4650bd7e9bdc610338,N
2e8e334da87c1d840f2b951acf7d7bb4,N
8dcdc9ebc9bb7219f0b5c389156c8625,N
86c7547d5ba3501e5ab8fb91c025a9e1,N
b029ff3b60bfe50c9e26164ddc930467,N
39528ee1d4f55d706e897f01e2dcf931,N
7265358cb217908a9bdebddc69939fff,N
33331453767441c85d5e9b3efe41feb1,N
67bd08af397c1f8403792bde50586ce3,A-
bbf9aee7f509b70a2db7b6218df383e5,N
3b2d88ecdbffaf47c87e83f3f8155a97,N
eff261a6e9d091cb3b4dee3cfdd6329f,N
011b27f35d62aa8d775dab5defb17984,N
56462d6d169851ebd2a48b781bfcba7f,N
21b06a3fcd011e3cdff64e3171fd236f,N
401cad964ba56fb48f775948a583aa4b,N
596d434cafabf00b781474f3fb9f618e,N
c705dce07b220471de825bf545660912,N
132f018d16579355d85db278e7b87c60,N
b8229a1ffb20cb62915f4224fb2a3d64,N
c3a53dc6d6dbe76680895e570b6b734d,N
0fbe15a4a6d484f0b4a9d2ddae9cd1d5,N
42d8fa88662e8ed1a452650c4d3d3b79,N
85b22317a2381b5f12afb64fd8dfbc7c,N
db86f2da25f8b6eb105d45c2450f29d2,N
122078b1de2760c05661015c1ca18bf0,N
8168aadf531750c8f18e1256830effe2,N
e66b883543bae8a25c1513dcd86e2c0f,N
7339d3e1cc68a9047cd05fdec5d1cc0f,N
0a13ccb5a2b0b70ddd1e4e778641de2b,N
16b9d49db5b95e8322d402c1279665b0,N
a0fe4c1e3057c0c3e45f91522d7b0a58,N
9bf42bd608b9f906084df5408d3d04e5,N
257978c3b18b06bf9db4d768cf1456f1,A-
37848218362a21e1c9e599fe54d58793,N
7967277e8d5bc8eee7fba9b69d83072e,N
dc21e124d9e53af8cc729de3eb59e021,N
dabdbb1bc33144cb422e144c5361f2b6,N
1fd9baf50bbe4c84b041a7d138cea5d6,N
7cd5da4c1fd618c2b3442f0446c783ea,N
613b78d3817e25c20ffbc8864a34fdb5,N
1ce4b41632c85c1306b7472410827614,N
1a3aa93f498cc8587ba9637267819bcb,N
4408afe5c8ad709904c15814e7ed4145,N
19659c9564c1c1c811a48e71e6b548c2,N
d3bb6dc8a8d0208a9704322249f77f2a,N
5c596c2d1b9f627a190cf6cedb446481,N
64bbb9f96abf028f2bfee481cc95c070,N
7f9b3fa8bb8bbddc5819117bd226bab1,N
59ac968e472c074a1a568a2eec37133c,N
b88a9cd80af48e682b8b63c97abd701d,N
ef243526f6cb57e71e65a4178b63c158,N
f4975384527ce28cc590610814ec8afa,N
46231d43c4f36f365067dfcebabd39d1,N
6988718146a13bcfd943936fd375a438,N
0de3e8fa8135d85f866305bf5ddc7a5f,N
00082446099bea211b95c002855bba40,N
b1d0d734d45ec0ecf9e337c2b6053174,N
f43c4ce3eeb116f002a21b6877db5619,N
5d39551e6aeaed554cd2a8d91832a7b2,N
7e5b5922c02eeb1f72a06c193b735095,N
f209af46f920d94f99b82e071d8c19a5,N
67403a9e790089b1757baa7b090fd8e0,N
d71a2309b1524189537b0060ae2b8e83,N
bec0b812563066bcd1dba4b193fbbb9f,N
26a05809f7ac80c44fedf3320a7bd7ff,N
5c5f524012f9fbd164efc0359d9080a9,N
400ad3a8696dc401e76f4e3f948cacc2,N
5d8bbfca3e362b68f953a382c94108ae,N
96c11ad4cca54242962492e6d4a76b87,A-
6440fa52adeff9e429e6f95f13baec89,N
0af0cc8b1a054672cb8b973c4cf95fa5,N
9dba45266703efd514f3ad40fb91e71b,N
7cc7de43a184708b156712ae8d83b088,N
0cda7064ac9d701a479ddbdb1d1ece05,N
d3b897dac7b118a2e8a2c754c84feb0b,N
db79ca87900a247fb91b6c62ad7e4072,N
7ed4f918faa704c2eb417340318f92e3,N
f6bcdaf9259d6c8d9d5663e3faa1b451,N
2bdaca820e06e15575f45c4c61f3e6d1,N
0d1b925cdc1cbe771ebd8f0e2ceae7bb,N
d8f0e93bde11399e839bdb917915b411,N
fd702499a89a6f1039f80ae7f19d8520,N
96573603060b2925a615cd0319176b17,N
d88de25cc2fc82db4a5e9f40fd07f090,N
401b3c9e05f21f02770e7f1a894b1580,N
c200b4d2a861a1ee96191fc06ebb978c,N
c5653f5bd7e97e766322db72bf22a152,N
e55891b09d591d81d2ec1b89dd59107f,N
742b1576360f9d1e13272493eb47b55f,N
c2b6c42cde33dd2d520651d418aba6c9,N
9014806c1d3aa4237d4c8280303c58a5,N
fd65d16d3bd15131a2ad2c39e608631f,N
27c081c19c5c0a0dd127bace4a51ba2e,N
fec5fbfb383e58db5663b61d608e0fd1,N
73588b6c27fadbf23f918fc6d80df5d4,N
cee296b717adee37f59a0cbbab914348,N
c06e2c6ea93c975afd8bca0d56e55f66,N
0ca9298c65b2ab49cae9a04a47f2e919,N
971cf5cbada53e78c6ec035a26d5d216,N
9440dca88d05724920c907f47b8ed4a3,N
56f669a71c86f44e254f82f61a1cfc1e,N
d286fd940e468263cb634f3502d2aecd,N
40c8d9bebe77815b5ba75ce6a5f5705d,N
19b66f6e31ff947af1f3c8b31c0e5c34,N
68ec7a61c2917105d9f22793aeb8c341,N
9d70fcb80a1095fcce125cc9671b4ae0,N
8ad8458f3df534b4c43bf0f88b74f98c,N
5c139ae4fa81c8ce2fc6689c44841e24,N
a2db2d109c669f7adeb4be98c08cff74,N
f880cf739631335c8a0ed53675362c0f,N
1b4d6818c2565bbf8cf1cf936bf1748f,N
1a20ed9bae51fd989314f6c770dcd7aa,N
50deb1c11edce1b627c663df5fe2b942,N
298cd9f4d244ace7151524819d98313b,N
c1f9b71db058ce622a2f142ea1c49d3a,N
d483912e5f9ef088709bb62cafcd4fb2,N
86457d7bf5201d37d1bbaa56df227382,N
c4249376d96bc6b383ed9bc9e8e05072,N
fcd86fc9500642f0e43d5e926e27e55d,N
c5eb1261487c020e3b9a3cbb4afdfffa,N
2aba5ed6d9ba450d7eeaba2d7fb6418a,N
1a7530260cc5c151ead8e854f71b9e3a,N
91d664dc673de903806ea6356fdd2401,N
e238e8ed26de75fc20b91d64bf631e19,N
8137d64a845a775d705fe9f7454df37e,N
a77ce2846949d765b4ee7c48cf8c6c62,N
21557bb1083af7f1443daa02e401ef46,N
011c9b2b20225e165d89b24799e45452,N
8ae10e1b22e6db7b4115f3045566170b,N
3fb533efe39da85b8528a32d5dbc5670,N
8797c5d8da32cceeee83d6421d73c7ce,N
3ec10dbfebdd757a11fca487b3eef937,N
562464a1e9f4d9fe4d2b572b57babd3c,N
f51023ed45cf0182addf9216324f2c44,N
7b9cb38ae8dbb81690a48b40d05693e6,N
baaff92109c38d4cbba074abd87e1607,N
6e097fb425433d2c944c0ff46ff1a586,N
bab976e6a8b4648bcac48e9ad3b39fa2,N
e2dc9c4cefd122f8b3eb6f5e9f90f8ca,N
b2baba1e97438e77ab995d8fe6562abe,N
fc4770aeb2fbabdfafde42727abf17ec,N
c47ff312d57244c9a9ce4de4d106b321,N
49ed59b0720efb1139773f3ac0ad29f8,N
329b6466538bfb1750d5dcc81cd2a992,N
43ce6ad65080589099ea050627610220,N
90f4c3fed2a149d1817e94f9b9436aaa,N
dcabf1ee063c0a2647f3b7c805b377f3,N
de9fa013eb2669a60d40567ad5fc6c5d,N
9eeb6677aeb8429c01533655fa35a68f,N
9bc8e299bd48431a0001643bc1cff8df,N
23fbd51391d3f6b70e2afb19b74cd3e8,N
cc394faed7f72c881547fe6eced97fda,N
686eb8d513261d2285ce1cd33f21f6ab,N
5c534fb8be226933a7d38ac2ccd16869,N
ede2aa18e34c7cff0b1b44543865cc2e,N
9ab641a8464c72133d75095d4c4a6983,N
8966930655f8c73076c51846736ddf97,N
bfe75ce3bb1099dd118902bc8e108650,N
54227645dfaa8aec5bccb4060918dc8f,N
3021f915f9eabd6f383da81037e15056,N
99db5b3c3815e77ca748bbe87823141a,N
8aa9b10da704c0f0935a60cb40db6425,N
356ff7a2c36e761712f70053a1e6a4bd,N
29d0a149fe01abec0adefec73850cfd7,N
6a2846674d75c21290240202a0f8d3a0,N
2f91d44bfd14e07a64febc96d849589f,A-
4306a5b243d931f750e89a923ab720ea,N
7bb70a1e428619346c8969a83f828abe,N
729a5f1f64a2156e89836e2040a26d38,N
cc0ff1994ec23bff8ecec03af9fc8145,N
55e5f1ede296646a006cce745501c914,N
24cd336865ab2d5ac46a6b3903680996,N
c819ec83cdd177290f8c012c391b5d66,N
afe1f91a7ba19c54791166694eae46ac,N
c3d43c5906e2890a5a1e11188e446710,N
73dce7113c3f4988d2101a3793fddefd,N
5f5122b94561281350ac5cd1131a5bb4,N
6aaa63aa3753a3ea3b1449b928b5e97c,N
13749a3338e18b60727b020f8f1feb7f,N
0d158a6cffce20da65933e2b78d3b412,N
130976b6bbf514aa59ced1b422c6c46b,N
0cc5ef95c94303f410fc6842533e60ca,N
708c32179df898968fbb23d96d6bd300,N
e9ac2ee9bc5db7247438a3d48749d35d,N
79e0c01873999fb6f0a913c9c4e551a3,N
9fe1e612174c08c56e48fcffe4553678,N
96303788adef573413d7961fc87dba99,N
8fb6a21b71bda1e70d0cb1757d947ad0,N
e89a3985a8ee27e9c243f5f882fa95de,N
a9d960f6caebd94e84a033bf0da88454,N
893de16459c2f330c2ecf13ff7828e36,N
1d06861968b3a448f5f9ec612c11c6b4,N
56dc5c66e3985442a12367b61123aac9,N
891c109914325c960ea58523e5a30c77,N
d31131fc36a6170d67068a8033f0ca69,N
d82335d2bb3980df30d0425008b421d3,N
690f10314d24bfcca4acaff87ccaf1d7,N
f64ac22ff64c3da7150f7c0ecc26031d,N
79515dd0b730b59223b600a902e37388,N
d9c35e42d828f70795cec265e83f3cf1,N
95247d0a0586c8422e2821c18d6d00da,N
01b0801d4e407e66bbba7c229b24f262,N
9ad7ae94fc2ff0e6f98fc6345de95c69,N
4d36b23342903ff158258cb80929934a,N
ffd60b3760ad57407c18f6f5ba02b59f,N
5418f46c14192d9ba6b21d356457dc1c,N
e4bc30b6fa884740e05cd32fe9cc324d,N
b71cd11271051bc3f6ee401e4575860d,N
9d8202c483ba602fc36ba191b9454a6f,N
f13d2dc281892828f548b1247c8bd0e4,N
ebadb667c09fa6590307191ef9a33a7e,N
990aa4a47d20423c5ba5873482475e2d,N
5629c32597e69f340fe0fc69c497e6bb,N
49a69b7b52068bebb7bef6afdffde71a,N
1c8940c1c1a228a0a335bb037870c2ce,N
a27a90eb51f1eff3c2b4d1530d0d3622,N
2dbe637d40f2450965a8d9619356b249,N
98a9656d91453f05bdb7e1150509ea5f,N
2d03d367667e793d6803cfcf7a0677a3,N
4ea3cb1be87712a3115a451e4251e7b7,N
bade0cabccf060e97b07e400cc68d625,N
c51334015bb55e224a19e74bc09e4f79,N
4d09962d1efb4148dae4ec0e33096fa1,N
fc27ae9899216c8cda6031fd64135eb2,N
c9beb63d44063d49feb77e63dc8b5638,N
66cd8f3be4fb675d1887598b8a67bfd1,N
b5eae84b91770ef1cb910e30245e8ef6,N
1dbdd56396b041b41b323623fa734ef5,N
71a8609e8a8e32a9e56fe16e57779eaa,N
b1095de2099abf5f407a2383f37a40b3,N
bdd470468bf0b7526b0a9e835f498e6d,N
8564d2ec7b2f1f97134b343a37d2db44,N
027aae3e7f23c434acc5ce4ecd92dd9a,N
dec1ad207d59e98b3b92e618be555db7,A-
f5054381e56d9e14a50ff89d29d699c6,N
c48ad131ca4b386d418e26ae29a69f51,N
e641727112e0c84e2dd54fffa6dd27c6,N
202c9b008aa22301565302694fb83816,N
02fb23b626d8edb9a8e6168f7010983d,N
8ba5525161961322233e9b5e28ef9cdd,N
6a759c67d4df11c8e6573a495b0e8fa1,N
a50d99f3f43c6d36799c3b3adaa907ae,N
7d773bdd5df8885b2ccb482fb444919a,N
146e4fdd55687e80575b2249d3339661,N
39ede71b16e0866d69f9f9d6b921c39d,N
013496a56e39fe1e813f66a39738bd7f,N
704ddf9c25c9377bb5c4e043d538b588,N
db4c0a2a3af614dd9a641b0dd0d846e3,N
28ddb434baeba2a6e6c0713c03885148,N
0466773a034db9bbb215d7e8c123c275,N
34443424c2b111a267a40b641082e950,N
3e27fb8a101403ea56f2d72379f8730b,N
1cdbeaaba3dd430f938bec9a248be53e,N
8278edf6b14bf8a02c02ef1660ace456,N
754e9fcf8a73f41bf924c2885e82fc7f,N
4533bdebb616c14b4ba9f916a680a250,N
5756fb5bb5f9db9603dfbbe8b3ab70f4,N
a588b3757fbc2c65abca6615b5cecc30,N
860770195e7a39cfd45b4570b39b49cf,N
edd8c07e5a85cd1021be3b9ca4c56f7d,N
0123a1f34ba636f42f735ff16021dce6,N
0aff2144815cdd7140f33db4cb690dc7,N
a2c6cc6339cd087d5bbb212c296cdb5c,N
ca3f0e54bd881d87e710b9c7a4535fb0,N
023c841894bc2bc66a386b9ec634dff3,N
d8e7336a5b5289e5beeb6bace0604a62,N
968e8f7d117dea08a386fd2f2c696f0c,N
c367931042be2629e4da4de447a79af3,N
d663ec7914ce4efcbad2beb69658d911,N
f73de24a7aaa7da3ac8a93e196b2b92d,N
65c921b531e701d4288b98fa6f2969ba,N
0ca6272d2e585bce30c27652b55a300a,N
f3d9a2a14a3d16c602cdd5be3d71d7e8,N
eb96a078de7c65ee97efb2f8bc21a9d2,N
bff313a3ee1fff8420376cd51e274117,N
ef642f91066144896be45bdd16611379,N
9ea2b86894dc3ba21292f96965abeb83,N
67682aaea34fbbd44f15ed00564d0e50,N+
c706eec16627e4efe8a6661603b20a06,N
bb17cf23ef7ed4d3615bd8b6c3af7168,N
575c185db20a3c3edc804864bc226300,N
9ce948a9e581ba2a2c0f3e86863f716d,N
58063141c029b156a42d77d2f2579958,N
fbceb746fa8ba93aeec3a70ce4fb86b3,N
dc91ee170f643d1cb04440d6718ae798,N
c20f81c88fb900fe53ee463ab428081d,N
76d73872992afa5dc6647d427e5d8d3b,N
c03f0846c6a8842808c70b2fd191192d,N
f9560ba2693bfbdb3170471afd5aa155,N
f826d60e42da66ec9eac5a1910c76a7c,N
f73a8ec4fc8170950258dc6ab98aad76,N
069488d365c06ced226fe4aaf5a2ce04,N
598bce9b9ccac443d2179e146eab8f11,N
91a62806c055cc92cd8c5b7f2bc4c0d6,N
be1240b2485fc05d62b2a89a90396d75,N
90cb0391b7c6de232e5748815fb7e657,N
416f82867910ad5b7424620d7a9ef778,N
4fa09045351d104838468e5d302218d5,N
1d640febd049c4fb41f5146b6b6f732e,N
ba35fce8cf69534e5835a29eeb144ab4,N
a33515c56bb3614b3f4925d8d2c5e287,N
587df22d8629610c8a2555d1a1438db7,N
0e4d44f2174e0887be980e72eb768998,N
6ebe83ef4705684d8d38d9dba1d76761,N
ca1d9d2583fa87bf0d1dbccc87e51801,N
be236351b613ab7206162701d946130d,N
ca5dda62548888ec923ec4c34315c5c8,N
757215cdbaa5da4eaad1fdb557928bfe,N
273f4b008a4d9f7d732f2a342a98d4f5,N
3a660f65f829647e553c0a6facffa1bc,N
a1b6c69ba7fdfe2f143bf7a15a4ef9e6,N
8c2b1282b0ca262f3cf613a9f0b7e777,N
e98bd49daf3a81c0a8057ea0d234692c,N
7c31b0bdafb560b9544d16219e0bda5e,N
242c45afa7aa5053f814078824478355,N
44233e8b7eb8c1bb1bba1edce1d0bc67,N
0435a8ff48f78b790705421a58e4d579,N
d89ad65fd6f7fd25529b19a87a561b8a,N
d044b5285d38d3fc7141aeb158f562f9,N
56d119a47da4f49635d33c4c033d0f7a,N
da97f5fd9388f14f0110d0eeb69bb751,N
78310f4150b7503b47260c4135c44468,N
3797a78a359358f55d03243ee848a481,N
cd0226d795e140559df3e2b4e975ff44,N
fb48d3b043bc28b8af507dc6998984d7,N+
b45bba6cea5fed50349cdf93489c1add,N
663722cee3fc6f9a53c6d0dd25a3378f,N
aac425340d3556eb5ecafee4d18bab14,N
734bfadbe5e58b1a727493162d75b012,N
3687073c91ccde3b1aac3f7b11dd684f,N
a479496ff0887041ff9a6e1c2179bf6f,N
827b4663c8ae0f62cd2c2ac5b40eea20,N
9d42510f096d96348a60e88be887f4ba,N
02ee5d9b2f1b50448cd250edce5ed7a2,N
a49880d346db4438249c54a78baf6a85,N
80ad58941bbba3dc38dc2b9459983e2c,N
7d4cea76f294f562bc50307bcda1c36d,N
4a77d3b50dfb486841d76b9af354009f,N
7a324fe016b307a1566697fdb531deee,N
1282827f3ae67c412aa25b3ee88c570a,N
71b97d42639269558e7518ca15802615,N
446d1c46a94c85fc0f4c3b500dd6c596,N
00c86bd0d375fc82e191c1d887c28bbf,N
19a06c3b242f22d48edabf27586b641b,N
d9b85e22775103f016472634e111452b,N
5c7926aab46164c46f1d89751e1a9e63,N
0301b6d6eb6e5b55593114b1b561af49,N
445636c3eb348e9fb7a4eba99b05c0fd,N
12ba835bc641ca64d25acea757c62451,N
1a4265e687951a722ef5fe46763821d0,N
caebe72b75b7a7cbb1154ea57be907cb,N
6464872be13e7748773ca80f2f531de7,N
78d3488a94219b3731b2152a1fff18dd,N
5284e800bc51f51ded2de243b80a85cf,N
a6595591fdfae2d38a53a3d90246660c,N
6815b4460bf7db75df4d0205c731bd42,N
3ca495ebba5425a6dd56c03a6593d1b8,N
59d6721dfb4d3ced978f258754f0c917,N
1181bc0544c329f6a8a4d6db0b24e4d2,N
7731c06ad27d9e3d12443c4838191732,N
8872fbff5a5941e21d22504cfeef40b5,N
84132a2304005ccf0239066ffd6ad3ab,N
1636194d0b4c613d2b2fd57e9f7b9d43,N
b7648c28d7bd890597d63ec45ee1efb1,N
a1765b7a08e3843bb3cc69defc893fad,N
f8f45b8752f7b4d9b47a6086db319b24,N
c9254ec8f3aae1a6d2f3d1b189cc7baf,N
200eb2a2f0cec7b3a0c25f583a9d54cb,N
6559204cb73052b36b73008c2d189d92,N
567e50680e54b478881f7694205d8df3,N
ceb3efee822b40a26d99e5240c999eec,N
dc943c3222de7005076e279349b11cf8,N
c9614585021cb57553ff4684577bedaa,N
61ab65786a1b90d5226f4a76188eae3e,N
07da69e532d9bf8b03bc10698ed94b47,N
0a35a048411a1ba079f6ad92c656902d,N
06c427c498780b6d4a43168494b4583b,N
3d07ad2aefe26ad850a4230b653558df,N
813acead09d0b206c6b6d7b4dd402a4f,N
8aef4a5a04c385e1570e562850569d2f,N
d6eddc889b026fb408d84c7625c8a9f2,N
57cec8f290e2d52d5fbd9e5b705cb8d0,N
940b70db69b880d929438ec4c8a9ff1d,N
ffae38d3c1780ce59e360532305e4c8a,N
98c9f5a82a3b19f3739615970a9a8650,N
14441ed7c50a712b3d545602979fb608,N
14c8404c03a39c6a5a0d1e9dcbb3394d,N
40bc5b007abfe757916d64cd62524af4,N
b5124a9419ee65622b08a41acc003d76,N
7457987e935bcd48e84184d38a7e841e,N
bb4fbf7d33e5a00f057d3a7b2a66f4c4,N
ba5806c041d48997b48351ede619ecc2,N
409d21d39a4a5e1bd15c9d7593b9a3ef,N
dc0ff9bed22099bf02b3d6fa6f8edceb,N
0910fc860bb1d1e17159c693df5a0e4d,N
cf1dda54e05847f0ac715c2d8ddeede7,N
16f6bc2e0a010546f021fa43bb2ce348,N
17833c1f680a78c26b36260a6a1d1d82,N
6139ef932cc94a3325d7bc9530e81570,N
f9595851afb9588f9a65c6b5bd61eb2c,N
adcaeeace3100cb64582ca2263e06fc1,N
49c1bfc4eb122ae3be11040e3dc266b1,N
060f8827928a045eff6cf3f660d7b81e,N
79e733834ed2f8142763be06d7026c80,N
359fb5f21ac50b9e978f2178bf005605,N
768ec26e3e0cc0aeb7caaf33479273dc,N
48ec159500f863edb255ad6bcbf3337c,N
0ca17ee510a792b33d941ac60f784211,N
d6d6925aa57c0d24bdbd9ac466223332,N
cbda23e41f9351633b0851274beaf8ed,N
1cd50f36ddd8b2bb7d98edc81ccbae7e,N
9bb609f4d5bac91eda6d3ca0b1fc620a,N
0568fc424176078e4c97cb79c3788537,N
4634a36ed16771604a0594ee650a5d3c,N
97f5a86223bacce715ac1b90ed0212c5,N
bcad092ecfefe901140cf61b8369e012,N
b69f5e2573a4dd1eec2fedc061092f2e,N
a0bbdd443efd7b50a6712cdaf80b8ae9,N
db7f8a2565baf290112ae58265b90e30,N
e715b1b3250f89fc6b48223d163faf55,N
fcb473b2d4f4166ae02a5b5e01a8167a,N
bb3e6b8f007c9bc7a5c6f6a74ebd90a6,N
ae780d9ea1bd2673bbb0c6be21eea249,N
536bde6fde8a60d62548bdf23c6c3f18,N
88e1ce943b477ef62e35a5ca9dc351bd,N
b0c50eac590a4fd73bc2821714f8b3db,N
2b02fa21e022ed70ff7d486e25ac1c84,N
742e1dd8f439ada570cc16bb3c58fe93,N
d706dd7c3671509060f59f54d8168041,N
09411e99136cfe0340d330c9bb0ec0a4,N
e45414386ed2fecaec7b126b048f853d,N
eccc70a660dd1c7e12153b3234dac856,N
ccae35e37f9456f8797a45367af17961,A-
e8a398b8d504951688c92c5179f5301f,N
22f9b4508cfac90f8bda24101de6755a,N
bc17556d39cf5ca64177e0fd1276b2fa,N
d8334a552e54e51af3218dd0ba7f0e4c,N
b1f11ac085fd0e1af23e992a5f67c2f5,N
3fef286becb54d3958a61d5c9b68432c,N
750a58c15fb3ec39934790962b15ad2e,N
8913a8020ecdccff3810a22a814ebfc1,N
f0f0bb9a3806a5f79b6627dd86b53621,N
65c78d09ecee60581fee8cc04b30c66f,N
22be5d852f2f3d69ab8bcfe5cd699391,N
6ba3fa2b3e19697bc22408fd3d91dfb7,N
696619e0d21e484d6bb646b255b4fa06,N
9dee5ba194cbbc04a9b83d3eae570086,N
70da0ea054b8d76c1bfb8be21dd9d84c,N
d867897540e2a8732a854430a26562b8,N
9bdbae33a1875a981f8786ece0f071bb,N
9805b569e4fec192cbff7857dde31b62,N
b1bf0727c6a85d9c0247e350e3a4a180,N
b76e043a7be81e08998b9b545c6ca9ec,N
3dab066f27af13e2c6adc502fa449c05,N
066d276749213155ebfc0d6f9dcdde82,N
74e45e23f9c64d7103b5b2f7c5e86f74,N
8bd2e875c4230e0f9d721398c7ebffe9,N
7d3f422cef42f5dc034b37ecef53bf5d,N
ae763aec2c08350d8e3ca7b707a19bb9,N
2234dcd5cf8d6b4ca0e6715cfeb93de0,N
77a8a3a11a1ff416f766cda328ad0063,N
16bc2b1dc7d45ea8d953fce4b2a5dce2,N
7e3ffca681d5c5b654dfd2d464fd465d,N
c1a908c84b0b25189d5981c5f111ca3a,N
9e17eb2a251afa5fb277c7d6e68ef2f0,N
5180420f02af2454106806a37df9d63a,N
a25aad3f1f3e8dbad3188f096c8ddac5,N
c633bfac5b6e4f2b1ad8c6ec32c78ee8,N
14b97b3182f1ba236ed535aa2c5a4870,N
4ed6c4fc3be3c36a91f6db7fd77ceab8,N
a45715a1b2a0fa93cc0b1a24b1d5fd5b,N
d5b68d35641e890ba6b9dddadffb3093,N
3c95527280b88e10a5cdc329e3418197,N
3084d24f90065bd34a2de0e891cf2a8f,N
202650234b0aa0f30448a7c2b487b927,N
e751c2362a3526c5818ac1d79e92eed3,N
16ff091a930997d06414e6a41e76b711,N
b16286f1391d6f189d751f973fd6bb4b,N
838a030bf5cb95ca6f47acecab59040e,N
1d2f469732722698560ae8776a550531,N
43ebdee47f8ad9a06f6901997f157f1d,N
5aa7e5ea229b3163bd332748cbf4f047,N
841eb28f11393c0fa24d350702c13557,N
8512553ccb17ca8bb7c04a0079899344,N
c4cc5855a84da2e2fb9257815f4b4553,N
b32eab9e9c7038c537e846521f290f78,N
34423505d4c36ff04ac430d80eb90546,N
1222c9a8ae364b0c02dc14b93a0693f4,N
3c64340f31139e661660abee65fa2dac,N
e85ef346c2ae89e1a9c8e71d69c462f3,N
aaea9891adabf4193a90b0c75d5aa982,N
79669aac31b77f4617333bd43fb911b9,N
493a5ac866bbf97d97aee9f6591f762c,N
f9fd6a46bf7d4242610e1cc5cf4bf10f,N
fe890868b0d37fa24d4fd956eefa9dd2,N
5d6666e823a129a87cf5202ea868d0fb,N
a5317fbeb59be0ab4cab032acef4d43c,A-
f338622424a4793232432c690543f1f3,N
a76b1315e8a589ae06fdbe0f2cf952c7,N
9ba2d68310447fa4473ac09a5da15208,N
607f9cdc1633db89f6a1ed0bd53757a8,N
39e8010e4f5ec1ea7e191f2dbfd6d6fd,N
46daccb5df7d347f65e8626ca3b230e0,N
1a0f79b3da593b0c1031fb98deee0764,N
19026923b0c0e25f828138712ea9909d,N
12f255fff32897135c9d80070b9e2772,N
549aea8740553723dc9ce93b1e20eab5,N
7918eaafff0a62fd7baefbec1d4bcd16,N
9b29ff543c0b61a530d775c4fb4caa2e,N
6f4d8da1f80d9d533ddaa2574e50535f,N
0c6f2771a22c11c84521830902248a20,N
aafc435300639bfc5d9d706064f70ef9,N
1d7647dd6bee3b7b5e573670cfa73766,N
40e595632867101766336db4f0a8d439,N
5c375b9f1330fd05b17c303767349069,N
e4352ab597d87cf5fa4abfd7033d56a2,N
869378babec8da63d016599240b8ba88,N
43e64fc893b55b068f62bcc01ec420b4,N
0a7d56fdd90dd81edd710902bfc7516a,N
1035cc9fde5fd131344375259aec930a,N
ce5fb962cc0ee577bbeee8b3496ccf27,N
0b3d83c6c8675bcc50e9e7de6380d1dd,N
b40a8889891f2832ff21a8bf3c06c66f,N
d5e55233ead481d3f55a710a645c5da8,N
fee6c9303941214e0f895d969ebcc642,N
bc1df266d10d12577f44199a45ee1167,N
84256ebaac37263a92d858215b04d5d2,N
ffa0f7ccfebb0aef1cdc9f245e8ba941,N
29ce164fefe5ab7a2411b76c988fc069,N
80e091c46046e3567d8573baa93a4fc4,N
c55db52b6865ae942e24790a687521e9,N
b8db7cb617e4186cdc104308dcc43bac,N
dfd9aec090614f3fcb43d06e7b255e72,N
2a94503bd95bf3511233c0998b6e9df0,N
f9cbc9a7df71cb9524706a4279b2993e,N
c528e54e1b373112912b590cd32cfbd1,N
d4a913335a8ed9b71a98015788145dd7,A-
537ca343d2db1606d3059099a6c2acc1,N
d6321adf247750949a6ed3c93a7a4df6,N
65ea650f76cf1b109e00298ca85b952e,N
126650728d0e93aa4e4b1ad70ac971c6,N
6646db83c584c7c417d474d2a9b2a585,A-
5e0f9865bc457e0abbca553c9ca9897d,N
fac5332affb4f33552f83c8ca99d9b96,N
13ebb614696c24a9a4a9640f12ac21d6,N
339729e4b23c37e46dce61c830f1e96c,N
1b3c4c17bfcf596e7a1bc9f696fe0fa6,N
675459e70ae5f26a2436bfc2aa1a31b8,N
50f99dde81b344192c03ba2c3e84c952,N
a147a127fa5ba25f9fb4fdfe68326bbc,N
b6ffb165f1ff1dc9ccb766720448e746,N
0220bb76f6c8ee8ba7013a67a5262e4d,N
10e37ab8aa8ce3b2e8b072b65740c3a0,N
bc2c6f6876d0ebc33a041b06b62d4831,N
5d293e701be171f733c534e97bd91e92,N
1ce725ccaf3d1c63ec581331648d0fc4,N
b3324c7e905cfed406000cb1edd55ce7,N
317c7fce07287384427f2a6f7944eb9a,N
99b4283af3a1793aa334bd67a2ce6505,N
df579bde9999f2f720ae649b27479628,N
f4473a7f44798a7617164433b567e42e,N
76e370cc9de5c7be053518b2be9de46e,N
80c858f994201e408e84cc088cc608fd,N+
eb18a34d97dd18bb67cd2cf3c25f63d4,N
f5f134e195dc42397e1944bc17e310a2,N
60b2f046a50f8970ccf44454dfb838ee,N
3514bcc45a80439be7662f7763b9141e,N
6626c2f98b14166fac06bcdf5542e627,N
f48cd833692fa4d35a54e5f36dec7d56,N
dc4dbf6571237176a5a6b626ad8161d5,N
200b4b91d9750648c7505ff7008c9458,N
1148a3287691fd1f5c3e6b253bc98fd6,N
e35a4263b71d621a8e1bae28eaf046a1,N
b47079efcf4417f8cce7757b8aff508c,N
d84727fb197f980d3ea3b0cd68762fc8,N
c21b9e0c7b99fca3ad3feda132e68bd6,N
b96b3efebe1f715c1c542fe486fe69d8,N
5f6b0607d9638f6dd29ddcd4f5d71ba0,N
2e70777f108b29cd582ef0a161baf8dd,N
21290b6784bd90a7fb5126e5ad0b60a7,N
14a1909d9ace12ee623c4b4710301669,N
24fcc57b5be8167eca738edc3fbc564c,N
07cc7c5f0337c560be6e205496e95a50,N
fa6d0ee852ed616af093127959ee2a17,N
4f770055888269710c0ac6b739a4b8d9,N
f79c3f8fc616ec1c05376221d25e6325,N
267b2b2a24a5158a4d0cc271713fd9cb,N
f9ffa1558c6d1a90cb2d55d4720f5df5,N
6f234cdbdf2c2ac931763df49e3759ce,N
ebde29eb6b2310bae0a8193369d486a0,N
39b9bad56897892846f8466b5dfc115d,N
0d7c6514738d9c63a7a5de7328a45b70,N
b65c10a5df27676d4f7437ea4fbf49bf,N
f9c6b9135c6aa8c415a5cdf9073fa62e,N
4c3266f2459e6d7916a0e3d80d5a6ca4,N
a410242cd114868aca92ea5db3f8667a,N
f80a4fbba956b20a213531300d600900,N
9a6940cfcf083e7216718ebd9021b861,N
ec2ed48d29cce0623b6ce2e3b4ff9716,N
ee6fda5c95379f677fc57176b9414a78,N
1821919c50d69fd417baea3d0b69c517,N
6db682917da13ae851f04028638bc85b,N
1fa6a01ba28ef3be7b670dff32fc6c4a,N
311265fa6010a20593b4328608824474,N
2cb16c68144f472b34d169f967f4606d,N
1a3e296a27ae2dd1ffd2acdb48b89600,N
b61ccfb65c53232fd935ba28c9518007,N
5e478b0e519d15f42940abf049dfd7fe,N
3f366345fb7a284f8baafe85653a2bad,N
ff6a406c9dcc7b09d5d0b0467e6051c1,N
f80aa0669b98180d86c5ccd76d9e06f3,N
3eea146256726a2f5def2b417121e14c,N
9cc93f74d9ea31f1819bce4093ce8c10,N
e91edf54e2e59d802abf98822387f8d0,N
05eb6af420c6e5816247b790dde58bef,N
0567110d43f71bcc41877721f93c3f83,N
727c5d1f3e69ec3c697329b7ba5775f0,N
2f06318b69c979a07dd80a2f1ee8ff82,N
c91c136660e0e2b4d7d745a8f6871c08,N
4182c01ccadc420c7905bc9bb1a7d42a,N
e7e9ea646e128577b8aaf17f45189a74,N
e48bcd41fd90a567deb2842d94134178,N
c63a8fc3fda5015cb0609b8d7fd2522a,N
4f49a35a68591253f48c39f9ba8597dc,N
701213a0e64d7108a1671e18d49b3642,N
07da403315981b64e7da60908b0bc060,N
9726316607e9b5e53f9012deebe99d68,N
f338be70c208a36df754c2b05d2bb7fc,N
61b558a8e5a96a14131434dd987147c6,N+
6b61838ca389248a3e19e271bd18c68a,N
67c8448e8232e686e8f49cd3e5a4f8d5,N
3ec500c1207594d0ae63344f838addcc,N
67ad518a933f080d3f07ce857a1a6644,N
a5c3dbfe2b81ef8431c5a4ce9fc33ce4,N
00c3d0068bf15d2d2f593bcecb751de7,N
97f1faae073f7fefdad5b4015bf8d0d6,N
1a203b31a68670697f364175d9ba1ad3,N
e43221cdbb3e2d13c1e23d4af0fb1b04,N
f7482ac84b823023e78c0f168e203922,N
9f82e5af90c42319a2d3d246998d084e,N
45ee11de7c79ad214d6edf8a19bbd66d,N
0df88a8747eb8c0dd28d1b29c1c7dd71,A-
098e4d1c4005e1cd222f247c8073fb58,N
4ef260d21e9d34c38503a52aac5afd41,N
36da3107d3b50a305fecdf356e60ddad,N
8886b7dc90972aaf08c4258c9603663a,N
40761710f9467cf1aaca33e2ba649b73,N
2471db639cfff52103aadece64536ba3,N
ffc1b51ce568507dc90b122c12f5b8a4,N
41d863f3791ca701cfefe6be128ab7ef,A-
4236b3c3c9e3ab99a4d46e6091ab92d2,N
0c9703499112c2d9c5c90f893d65b8bc,N
4c54f0927f02b2a3c84488ecf9eec70f,N
4d3431045620a36ead3c84cd90746360,N
0a69da916b43809ddc701d9c14ded73c,N
ed02c665fcce270aac1f9b7c829ae226,N
89ef36e541c53e986e532ed40471d06e,N
fd73351a8ba7c7312a6cf49b11c3a991,A-
adb35c9a6a865be96858bb2e39f3d817,N
48935ddc85ce808a0262065b08f56541,N
d07e62cce7fbcf5e446fc152c9834a6b,N
c52b999c4f3609053c0dc05e53ca6e84,N
4a0c96dd1b5a450ef2cd45357b00371a,N
d01f70192888d08a6a582a2d9917e3aa,N
c4edd4dca4e74421251717ae9d87f1bc,N
b6d9bc46efc98a8e66520404693037a3,N
3eff04962b9e2b4bc2ecfcda83a6057f,N
1972a559f4eb467bc7d71c374d26fb77,N
5290f2c45f8f99765d19a1c1fe0d260d,N
13d22e83dbea50ce6f899d1205c778cf,N
50767ea79250da19c34cd668ba117bba,N
98c3c0765a40af68df41949bba7bcc94,N
9e627359ebaf2dbf3d117c687ba2ba38,N
1c99a8285be3717877ac42ddc3ce8664,N
e740ae0eaad1319f207fcff9fc84a9c9,N
e55c4343d697a818751e17ad0d08fb69,N
5e8a83956cdc2cfdb9ea702dd1563c6f,N
578c19cfa88d91acf3284f4fd44e5b11,A-
837910e807b92b7fc02bca72cb182000,N
311e824d33dbad71e31da17816fc16e2,N
c4f72a250fb86f025fd5ec680f9829ab,N
f927b4858d4a535832642cd8016635fd,N
03fe77f8b72f79b45b18a0fa5369e7b9,N
4c861e6a417b2fa269802fc7dcf5d583,N
65bf174cd6d5aa517d58f0113d91b86e,N
a7e3bfcdcd5b88c257dde60dcad608c1,N
a2502419e6db1c50f040bec90debd600,N
95deebdf70df7533abf0a2f0ed3f582c,N
d9d96c60d964a54a98cfe9035eff85c7,N
511990b3a934f6daa88f123e8449a623,N
782be417cef47f7d1f06cf8df1cc60a0,N
f134b4228c9a0cff7598f21a99f7e6f5,N
750dc8450ed1c764840ec92a1a32517c,N
1b3d027d0c24a938340d84a4a4612b3f,N
986cd231e1bf84940e75b5fb3ce417c3,N
48bd6f5b5eee775431c5106535e08956,N
d964bdeb918c7b7a8c211cde605305ac,N
4473d013aaaf45fcb36e9c217cf326fb,N
a997df49a8a4d44915175293863868af,N
1553c3a83d3b25a4dd751b1ef6534460,N
4c928088900a9049d9d1d6060b109946,N
6867220ee59ef3972b3631cc5cf16b5a,N
9d7d99f6baac03a230c4e72283a9cf6b,N
a277b79fd9c1b32ba4966ca20857a2a9,N
6999bebe3d70ae10b51d4ad684664f2b,N
7bc6bc28575916e66d9fd4dd066ec031,N
1cc209c75a87e4ab8c8dd0a559ff8ec1,N
5beb2562d7a1d160b7419372ac2321c0,N
a67e6d5423f6f1ffe6c44c8aea187310,N
665dce7f5ed77a3a1416370c7290e56d,N
f2e79e5174dc566e90d8c0911b668d70,N
79a0e310a8e1e29bc892d9a299692cb6,N
aabc5d64d83fd54690d82cfeba9e97be,N
f4fc9f8f7a03752229b86b90e4d7fe1e,N
e205f3275ab248e80c146bc28d63869d,N
5cf08ab2bad4d32842920eaccf69ec30,N
0197b86a41574eaba254addbcbd5730c,N
8f24e286cc1c9a32a137bcd5436d5072,N
ee3e3be47d7fe6de2ac5ba7c43fc6047,N
74d576788c3edd4b9e552b04a9577204,N
4a609bd2f89eb409d079e2cf33e7a72b,N
b821fc885d5733bb54d7eeb36b4c8dbb,N
5fa833e0370dc0afbe2f8b2fc20a0e7c,N
56e080eba7fa0939a5b62be17372310b,N
c980ce15a7efae22f04cb231eff3f0f2,N
34b402860a92dfc8193ccbe335c12e87,N
2c599c36f9e39da2264587bdfaede6a4,N
668d6f6be015d1d2cc81336845134261,N
a923000e0fa0c243365669a595b24dc4,N
2396005b58131c7fddb084c47e53eba7,N
80d797d769987ee7e3b5ae1b1e88d4ac,N
b744d4609446c5ea9d12923de9cbf7cf,N
e1f04613aff9d09036ac20948c775b10,N
d0dfb0ad6abe7a7e51b28327003f6c43,N
124e434b1de25f7b27baa160a69072b0,N
ea97a572dd4c9c95c574560b1c303d24,N
d8b13098c3f3e2d023024e2173b466f8,N
29b74997657fd0cacc41360bf9f0c62e,N
4da43c3af578e0fee38f42567487b05e,N
abe4f76019b3e5d56ae3026235cfc910,N
e5888166dd8bb5d03b164450a7f26614,N
9bcad4fc3765c3d4d5e289842d53e7a4,N
030589354e8ff152bb3e8128efc2a406,N
051bbf873ee621f5ee1ced18cbb5d047,N
25c216c5decf24a8c8f8d1255decf590,N
a39c3bb6f41a4e838170c4846c96ade1,N
47ebfb8760ab7da918d9c1ed61ba1692,N
db9761fa34a3bc5e1fbc65f791e14a22,N
55e1a58a927aa4176cb36e0c6231b9e4,N
c35011c2b208116b070d6aba71db6aaa,N
bb96fb89e9ea7a316f96ad7953785db7,N
6f30570d3a21f2ea56bd7aebc4d0614d,N
9920cb1534b7e302e6c7872b3ea814ba,N
cfb2969c965cd3acc8a57de4db14192d,N
04900dfa00cef919ff7385302c77b5c4,N
1e87656dc8a484fbecc62a13e7fc2f36,N
09906ad9c3fd8444bc2588f07834bbbd,N
98087ee32797fb0dcddf8740f6f9c4ab,N
0123b18df58486ae31e416ecbb24e434,N
b4da288eb756d5f67816aaa11718a720,N
07638efb4b55a39a15029acd577121dd,N
ebd2cc93ff29c14469af6b1904b76e78,N
b17c5f6181b60b5e22ad1dd6c34bb7c5,N
16bb172b970c462734f7ab4c81602ee7,N
ce542b1073f946d96a275adcbda965af,N
1e57c015a91d688bbf922009fab62e61,N
005733a113a30fdc91890998718f9e13,N
09959545cad788a33e564613bad5e789,N
3449a53ab8d4371ef46cc679213e75f6,N
54553b36ba013a23713d2d15a11b551f,A
ed52a353d007af706f19bd93efd9619a,N
1655aa33ceaa6a6e0ee417f4abeb0d48,N
d0dff239feb90c6b7d88edf436731938,N
1c15ea07ee66be9b79609e88c35b9c22,N
2b16ca183c17011091445222c02d7639,N
c511c78f886b1442fc099a0345206741,N
e5bbae35332cbf91713c61f811dc6123,N
18a4070f476bf5b538332040faa8b09a,N
e586ea9daaeba424ab1029bec3abd7e6,N
7b0a319c35e407b4303ed11ce5d234bc,N
6cf2adf6f3174c53d2a93a102f4a9685,N
84bdfe9165706acf8af9123c40c8749e,N
16e2afe026f84819d7583e14eb98b5b4,N
acdf2d8bd52bb915e7fcfe4047573fc3,N
c09f899fdee9e63cc73c8ae99588c74c,N
d57616e94d1b38896c2f3e333415771e,N
2245915076a106c4b795205194eb4f79,N
1508c0cc67bcba925aa89cf2d36ce9ca,N
c464d375ed76ffee169546d9e6695fe6,N
171960dd9c7e7dafb27e796121cb71df,N
b1d2301ba729627afdb9a198121dbae7,N
760949c6acc1737c8b24665662c7553b,N
bb283057d434e50f352d41de9a8bb2fd,N
f9a6dab81bb15b398801e7487269fe4d,N
3c5ee81b24494f6f9a050ccc26ccb8f0,N
06b4f5aa273ed922ee0c7ce0191e6e76,N
4f5ad2ffd57a700f0f18d4d569ae073d,N
93cc3ac0dcdf4af4f1affd1a43d6dbe8,N
75dc0cb82e1e2f85977735d2c401a1bf,N
fb36a8007e92701f81bd600e58e954b6,N
e237c77ac54fac147c45ed8e73051abc,N
0cc4ee644dd1264abfd9c92f2e11a4a2,N
02b166a1e0272b408cc47c02497101db,N
f7f24cb2b2bf4d540b82818c63482804,N
e73ad3081d447f82b3664e258a2cb9f6,N
849ffa2a28a30da430661b749a19c63c,N
9550d55ef655e3096bea50555817346a,N
88716c322c0e53e0fd20470e2193d898,N
3a2b01229b68ebae4f02c7b8060e47df,N
856c6616242598368fe5e74402422273,N
e43cc259ee9bdde4303c260892ce6cb6,N
bee708bbc64de3938ea96f7af906ab38,A-
67010191f6c3d7e37c12b62ca9011756,N
4f00868329edccc3c2cc12d0d66a0647,N
8ce66b9accd14a5fa5eb648117a22930,A
5f7c328627414ebdc6d7b98442359c42,N
916a817cb9d054777fc2a449ac73ac74,N
2e2954db236d9c7f13cf98132fa37b21,N
8f2ebc7d7b24e8f854e46303cb8fcbde,N
eaabfc3383af0b9c9a435ff389a3ce1a,N
1fa438f87661de10e5ddc213fcf36873,N
027fca75c12fac9e35050bcf74178752,N
b1e9b673a4e172b7a6dc162f3b86127a,N
f728a3dbaba44a1ca37b46bb1d9b67d8,A-
3abb2248399a87adff791c80a966a9ca,N
ed74dd79dd3979ed3caafb9a888f92cc,N
4fb42811de8ecfbdf532d144020e8607,N
2cb84ca94508bc6bc73f4df91b827b7b,N
09f370a556bcfd6f32370b53b048b855,N
48a89c4d47570fc9e35854fd14bddd01,N
25f76f608662f06c6eda676fa143255f,N
26957cd83bf922ecf1dc11ea793b5621,N+
1d8191b952c90872046f7545db42e22a,N
202a79056c9175d01a6b795112a4e008,N
d7b611f0a037a95ddf2a65023da599d8,N
ebb36aceccaa6938b8104af98e372432,N
50caa7222f047bbc52a0dd518d9c4de9,N
39745329a1f8f2f311a0cff2186390d5,N
ca38af5b30225823299495c55c147d5f,N
6b7650d1e4242c674e7d5ea1f549c9f6,N
b0dc108f148bac46183a6c0c652e4b03,N
a0223f33ff58b4ebf6a621f637e2c4de,N
4ddbe2a2682527f2987ea6f64abf5f1e,A-
cbad0badf20e188d896ea52a68ed4d65,N
9ef85051979a7f2766f899cadc01a214,N
33b2bad30340e665e2db66183a3cb3f1,N
1065f521f7373aa10d4342bf3c2c3a72,N
e70cc851e8c18d05bee589a41c0625a2,N
b099eddca4763ce7ba8048ac5f030ae0,N
2b6a9a0329585941adce775afd2bdf00,N
29594a15f5bef6d1984023e9d6069a8a,N
d55c60af7affcf7d2e3006f362487ada,N
e5a378926452988be28e4130c8851e88,N
6f96693eaed92c33120bc5dcfb0b4252,N
720148e7ccf0c6d1827331aa6e95bf81,N
ebe3e2228769997b1853901b6e217c65,N
057a9af687b57ffee6a0263fd4dd55bd,N
65d8be329d03f918594dca36b294c2aa,N
5f332d9320c5db64479005a7967e7920,N
a6e1fb52f0b53e8d3354d853430ecbf7,N
b416a27897939b69e69af330f87551d8,N
744b7ef46d9fc58ed2628c733d5702b3,N
5cfcbc821cefe9a0b107561238d452c0,N
2b8319bd5c47bb7bf36e72df019047a3,N
a3b959acdb13b8dd87ae29581188b870,N
350080c2f4b9b9f737b1848701967c87,N
0304e41bbc9a8e1c0d118ca531ae934f,N
452cba9f73643f402796850097a031c4,N
cc7ba987f5acef2f84b0bb96144b12e1,N
1ccc0748e14f6f8d48028fc39c78fe22,N
5ea5bf765462c20c181e82763ca21118,N
1fa1ce6b57768a270045e6d49e09bcf2,N
6e50a516f42335004c166f4c3305452b,N
b0e64805de568281ff12552f4429f14d,N
dda99c2816f12582c59bb735bf9d7ff8,N
62df091cc8d2c8d4fd1dce90a4a66eb7,N
0e527fcd28e85eacd1922f34dd36569c,N
