entname,zlzpnum
cc3195969f003a1b10dd656d4c7abc2d,6
b36a184e22e6bfee9c43f945a14f30b0,74
09c9f36aeda698627a531e408ec0f593,4
c05e97c9ec9a9f5510b1ba2df2d6ab74,19
7248348a3615cfb6175386ae900ba251,7
0a1f7140f53caaeb6d8a15a738892885,6
e8e95517a7aa3c371cc946162c8ffe2c,11
4867651fbe659333c3523db42b2a06ba,3
f3940daa3c6b1283d63b1b5e7a303282,5
22197a64cce60f562db55860bb01c69b,13
e16f34708ada39b0447f8416ef1bbc74,17
f12d2d6c5bb6a74983dfa8027fe02e51,21
9b787bbfe650f3182433f0f66b6730f6,10
843ee1bdd99c450079bfeb889b1f95ae,1
bcdfc0cf1eda6a465679e49a01ad9ff9,1
ca3194279d269209bd2d8d01a016e92f,4
e90289aa778bad717c395a3d2550bb98,17
615c09c8467a778050209cb5a6f0ff9a,3
d5188d31b5ee252833b19c09915a0461,5
10f656248da14bf59cbda9afc36578b7,9
7b5ee478567d9dee621fcecd98e8a72d,45
553ede5ff2b59623a30255b5f14a9913,6
2483c62214b532a3e56c69b658417719,20
d19fb0a847445431c9b2d318cf081ddc,6
36ecbb8ad1ad825821676958cac0bf46,8
cb1056feff555b3196ba4e70a21a9d1b,4
a9278907b68f2769bb6f3468b4f6a176,2
982db301a4fc32255750a85edb7c9cb3,11
b0a9f8258cdf7e71c36c677767456830,7
5a2bf81eef7d7b75f2e93570a10a8e66,7
8d7a0cb343e886e3f25214ea6ba85051,7
533c8c8607ede550a3cfb767efd87271,66
ea6d68750795de4c96251363eeedb833,4
68078a9559e47cfaed9b2f7fa8f5ca13,8
fb181f044b2733092a5ba3a21b5a9e71,1
18c5fa7fab62d57a6f6d672e9d1a37d8,28
f19478e1bdbb9292b39878f0251dae38,1
d4a68f310915be61e2b6fa064571f60f,1
4eba09c094a057acb162a8a4ce7ec009,8
3a20c0d6a4d2c41d39b969388db7d714,5
b07d9cc9e4335a522ec2143a562fc2ee,42
7b1fd31848f9647d0ffab479506d97fa,3
e8ddf843734119a81f47d45d3fc6e430,2
0e902606d05c70bb02a3b28ff9c41113,7
67ce086b47e873923a635fad4a6a0854,14
3f0c404db4cd0e384fe99b7807bc0bc4,1
de20ac4b297e9397ccfac7aac7fefc48,10
b3d94ca88d3ac7ad54b370df8378907a,4
fbf5c067f9ac1a09c4d05e631f35d001,3
928b87218c23c4d7177da8f46be79784,17
71672657456156c26f2bf98be0208c8c,8
144294526d30bf66cb0fbe1650bec119,28
fa8857ba0b5249c6c7cf945d4655f9e7,3
8234851df56a13037c52b4fb65d53702,2
18290aa8b128208f731beaabbcb46b9d,25
5bbbdd04de6d3d9749adf776769779d8,22
541e45b32526050992578b944e6e3d16,9
cea96ae699460d0523dee8f9ae9643a8,6
815514d9bb7c9232f01d995b7ed46d7c,36
9a71f3cf1c81430d5e0ae44c3315996c,4
f91a3fb2954a4f2315a6a3695e87a6fb,5
b2edef432aa5136f0c0726dcbc4e7c33,2
b8ded29038869c3eae7f8fd561855d61,3
c804a44ee1f5f33d06c0dccd83cb1a2a,3
9e736d0a6c4a6277f233cb8235c0580d,15
35a4056dfa56b03301598bb9a2557fa5,18
bfb91417f3e119424f62a2ba9879ae27,13
4b94a6a1269d5d78fdfacc328a20a67d,10
28b88b5475df460820bf97feb3872766,15
f370b661e3dc56a98abccbd3b5724e47,4
f0660bbec0fd03edee7a5aecb3e5e6c6,39
bdb1466a8e15b56880e1564cde1137a8,174
07d26dd486066c23332bf72cebfc3569,2
bfb4dd51e35bc85fac625edecc58673c,6
e0e56a45c1c6a3f3bc514fe8c8b95a3e,3
f09358d87c61eefc4c808e2dff26b8da,23
010043e5e6dc7f5d1119e368bb668f9d,1
467619b526c1bae39ed6de6b13ed8584,18
5c37e3b5d43545c27e0ee2c99a4301af,3
46ae8b2dbed70c2c3176975c1dcc771d,7
bbbe53432409aef5ec79d6751a8b9e45,1
dbec62830eda3471c6474ebc69801fc4,5
365aeeb282c36070e17da505bc54d137,6
f33a258912c04d0ab0ffa2fd4985bb7c,15
bb22e09a3b1f2a9347e2f83f9e65a107,4
3b6672ef3190ac306b2156f8e5274bc0,1
06be0da394bbaf3e97d565c3ad635877,15
2f670961668ac5199b0f53682a1a889f,27
0e605fe27093bce3b88b0fb6babfc988,94
9142bf26acae79e6e4b27ee339bdf743,8
d2e429551642549646e5161d45c643d0,4
94b83b6afe683d96bbfa0f5e7806d666,9
7158052379646649d8c895d7808b61ed,3
3d231bf9805cd4eac3f6ead4777eced7,2
adc5b3ce28f4abcffdcc0a3c2050cec4,18
27b4e81635a185c0a293355f923e1fd4,6
cc63b142a8383b1b55f6695200094c30,2
16c347b8b0b4e6c6e37f083f82d549ff,32
bac581d50327646a4f4d33ef9b79adc4,23
cb6843661eb413aef0c8058b1fe36cfe,8
d5897b2eedd4ece23e860f42c8c144a1,18
5fe69f86a26a9bee599738633a87765c,3
9270e1036d22e17c4b93347df612f654,6
1e6c4e8134b88698047fd50623c9f7b0,4
c66c9c50e7d92e7bd52f84374a3ebf38,23
59af695b3d2a124dfde2bc859136a23a,2
d30a22d05c219429e76a2c0b23c416c5,6
a0e719493b8f7c283b86db9789540086,12
39437aabc2ce4b5b00eab55fe9a94062,27
65c65d07768a6042418018c1f5e3c159,24
9cc2e49de661bfc1c986d8da9021658d,2
6c2baae333fe87bccdd0c2567f3f286c,8
84250410fc1c185a173f774e723e9229,2
921a8cd9a5154c8bf64df10260da498b,16
c5c4308e0f67583e49dd820332a2d8b6,33
5cda796e9d487a6c2f85c395a1e47718,103
a8aaae2c96923debc9453ab0b046035e,16
a9c5a2317f41135d4d11efb4f1dd79be,2
adf42490681dd9eab017c3cc8c639f97,1
0786b7e7ff77317e007d16f49d4c06e6,21
fe86b74f6644e071e418ca366be22d02,8
e0af42a7b5ac1f1c7463d2f4700dede6,2
fb02dd84febcb8ad17bbadd20e9bb373,17
197064f5da318daa737a265c597bf0fc,3
87751867b4a418a9385693aa167cf2f7,12
46c1bf6c3c3bd98d59b9659b008ad204,9
5b0c1208b6ce869739496afff6ce2fb6,2
79abb70f1eef6f707a407175c2e2f759,2
29594a15f5bef6d1984023e9d6069a8a,27
62a55308e3560e1fc9b8f575582208db,8
ed75b9d925dda1c271dbaedc4ce7debd,10
14350072e3982330a88529710aa520d1,18
0fe99f95f32aa7579d28b53494500e05,1
4b160b546a9a92edf4a96abcc7f4273e,16
334a9a82884812910d80dae7dd92b713,26
b3d5ef5cde2f18e7b8904562ca9a92d3,5
32750a2ac7f882ab1c06621473a1b835,12
9e2074b3df2f8f927caa3d75591a2772,7
f91460a95e7cdba1bef355809d366a29,33
b8ce393c88b2bf079d8e4a82925b84e5,5
8486730910cf790c66f769fe509e915c,6
e58d4a8a9f10b74c9c1ae78d6f0a0e94,78
694ca596c681975a07e510ee27d452e5,1
02b9a9d6441c943688a51f84b0d5c87f,23
c0fe5faba157393d8893a0d9c3bacc22,4
6628cfca87ea5afc84b36f59d55c3513,44
e7de16ca890465541ff007ba484d29a0,1
a00759bf3325fff2db84c425aa031cc1,46
2a3bdda13fc0a850978e1fe7962d17f9,5
6af6453683cc90a2514a48661ec9030d,11
6121321f267af91115dd91cea792fc60,28
33c035029665045dd9a7a1e845451558,8
e4098cd44f3cedf83e58812784371132,7
1a7e5cb155cfddb16aa14cf1e95907d4,9
de44c74c1bab4ab65a68ede37bf8de2f,28
f67b2d9157e02a14c9efc620cbda5eeb,10
0212906f4a386d7ea8ea4e17e89b76f8,11
2aada31cfac4a3ad34ab5e824a7dc35a,7
d0f09edc740db2536f2751dc3710cab2,6
0fe3ff647d178152b022203f5433b793,17
c840f37e0d1a166a5c31b26f3f77d960,21
43997c6eaab91f604581607172bb83db,33
a77ce898cdf93ec7bb3c8d223374b009,5
9dd900ceff72eda2c64249b72c1a2cf7,6
8f515880a117e5117d1ef9afbf7efbf3,2
cbd9025525841501e1b6859963dc3e39,19
f004816aa8410c0a52809edb0dd80c8b,1
ecce4459f7e49dc1da2d9a61e2e257c5,6
fe8788ee484fb5dfb9b87c0b80969191,25
9ea6fe5b9e978203d2eecb7500bddae5,2
b25f8b0e0befdfda6df6c873b3325b40,5
8741a3e3ec4e9f183472ac0210cf3a0a,24
8c7fffd93a29b95fc905c7b802191a2a,13
9b237c8f43883851664c2c7191f25b61,10
df0eb1e5ee9a6087d480fda6c4933e86,9
736b0254dc3f0653de0b3b17b1f54bcf,24
646170e7e5beb44131e6a6408e8403f7,2
5351902be44ebf9f3187feb4ddefd672,2
379d95b1feb563ebdb3b660f269cc2bf,5
9520c1e24671df50648af02f8500b695,10
1f518b29ed06a87121690e4d007a4daf,1
2b3474675b2ffef478f20fee531db893,6
80699ce1987dfa18c8d53e606bce6457,3
1e8aa851f7289614ae28b35cc763ef0c,6
8dca23b668be0b462abee90704d7878f,11
859d1e3fc73c8c67721cc96bd61ae260,5
e1b495bacfb6842e7512154f77eae573,130
7f3e55ba463bfecb6c2ad1e884430066,9
286982285f6b0f33967f6537b81b1041,67
905f3164f7f0fbaa5dcf96ed41303902,3
88a9e02fb4c60ad548fb420c81174995,2
bf1b6e91057221a547694df71fad313d,4
688fd02a96b646a28d76743805318d0b,53
7105169d12c2511420e2cc76864ec67e,21
97aa54c7504c6478d644e1c092f12152,2
89d09f80cb041f9dec6aa86ad6c4d54b,9
439ef77e4fc48ee4c10dbed5d1ba66f5,1
8d6c9455ad20a2daad2436fb31582bc0,1
89a5a598fea94cbdf4cf41f36666e785,2
571386a04fdf9eafdd765836cfceb892,8
a5bd70024a7af26b96480bd56b124ecd,6
ccd35e9d9d5e62e2360abcec5a051a1e,3
c706c0d25bb6826f3090c7d6b33df5d9,8
394e3151bb9ae1aa878fdb1b8d005c3d,1
c670bf99def34e6a10b877d5a3491ef1,5
ae607c0cb0b2f511bf14cc0cd2483442,14
f6aa1484ec29fa19b6cd21a5f2b7d883,10
1b958320e3a1a73789f85577b0139569,6
54499d36a1684ee8e7684ec717b3f6e9,8
bfe18b5ec8ce05fe3928562db45c6d4a,8
0f3e4af4c90e61acaf7dea22b2cc0d2c,4
8f57923d433584a7b6c2cca74e213dde,14
d046c9566923d2b996e4f358a5834072,3
d42358c1a74bf19191c50eb8e8ff4ac0,19
41e3d623d648abd9ae9d9c091b158330,69
fd6ab7e32e5d2a9057ac38a189bb1725,9
d5866053dd27d5e7a5049c1680b0cf95,24
83d69d55747cba128a168c94d020559e,9
f46d2890177ef77c3eee565a1b42d997,3
63da6f6c9dadce507069620a5e1a2b0f,311
c79199475588981ec86ec30dc1e8d53b,11
0529d03d8bb2a2cf1f90119ab530780f,2
55a052bd89c92840f434c777110eeae9,11
c42f415b42ec8fd4a501c645044ee5a7,26
c4921c0aadfbbd22308f0a3911939cef,135
09b23d2d0aa332d29b17a62e60be0371,50
48cae120ce79301c9e5ce0552668f2ca,61
0a52be25a8500ab7a2e530c9af26413a,98
67ede7615424b60c4b41f540d4b71fa1,3
f3638d41bc704b97a19fb747f9d10895,21
9221fbc42f29bba4b5a608572542f080,18
e70a226f6d2a964a5dff75ec704d896d,14
28aa3b805b7558e7cf5fedc043551ed2,10
6fead57ff29d16ae3c3fe1bd9025736d,13
3918611b90f76bcc2c158ff76339920f,3
c434812eb049f4c7f599884fc897f497,20
8c3de1c113cd802cea7953a277333f98,21
bcd9ab754a54ffcdbd328638f672a8d1,21
463d5796c8f9f7e567c6b1e0739bcad0,11
1d5d39dceb3db85d6ea9574b623ceded,8
22b83b41dc8949b1b388168a19668cdf,3
33d5e7a5963c31c87748f9088c8e1066,18
bc9a734248678bde7ff4cd81e0fbf2f6,44
288493a3560d90596bb99d8d4fe4e3be,6
55438783dccb12e36cec32c44e7e50dd,10
eb5cdf7d30c69ebebed32fb71df3e350,92
8c4c4223b1514d3788c5cbfd206cc6d1,4
036764cd2d8c4be9881b2bf07c1bffca,2
6b39a431ab987b16e24922146829e154,20
89c7743b8ef6056cd5426a6ffd80ae72,6
38bf4d8c32473d6bc25a42e14cf82256,37
19cddf4717130b053561509f99652b2f,32
669a7f402fe63c5ac0617283cf129abd,13
855e2ac394f444b568cfd0918f5cd882,23
0a9549cc957df1f3a8e2cf8bf5ec959c,11
c006c0a00b764c81f55e92f4402a0f11,3
336b1db10acb59522827d141fc4ce750,18
d966ef67ef43f052824a6221d6e8c173,1
f4eb88830149d6afb9dfe3e07c5586a1,26
3abad4f2626ce1599b7d118d5df7cbff,11
6a748e439a7526c6397c0545fb288392,1
371c33f762d8c23cbf120d26cdd6a4dd,23
5a96cecad3b0071c9360f970da942d42,7
b326c926943132aedc0210b63fcdc00c,7
b347da9d9dacebe51d88c76625b7780a,7
95f4bf79215fe1c77d077d855ee5afb5,4
a3b32005580e82369e26667d6671b5c1,21
d2c3b01fef091ec899942885c8465ee3,2
8f44ec048af0b44b45e9ee24a24e5507,11
21375dcac4ee5901abd5560337705c72,5
d92a7460348c915126a3ea81f3a3a414,8
85ea4bdd474ad3ea8afbdae24a6ea840,29
978cfb194d2833ac3831c5d865078662,5
6c969003ceea51bed16e78221f733dc8,8
6cc83aa822e973a7258fd39cdea294ad,5
c17a25c0f3ac60b4234035e808cbc90c,20
7d20d4343a80ff4b7eca2b79c8884340,24
7f2c4cda4a2c13995a806f6561332a47,4
80eda45b96ec05feaa802f61f3a9c445,23
2a1706cdd0d4cab54617b69e3f587b23,8
d657fe1f68dfb7938947e5863b87e244,8
dbc1c662c7d0db54c743a97546fef615,19
331de458a3048b7ea0d468ccee5040f7,13
097e16367beac4594719e25c2005e576,4
b317bb5f7811164d89daa3e5246ef43a,6
f9a2d4567f2aaa2ca05839ff3002bc34,1
6a02d9f95502c874fc4a1cb9346cddf3,6
b3f4e6624b52d19464b4c2a4c1dbecc9,13
c89be43cba38d34fa136bf6457a5f6aa,26
e4f94e8c2de4a7c721537dcc2fe8b332,7
0bf17e389527b04a27d3fcabe8eff53c,15
e662c5de0bd66c4948c67c76c5dc7e10,11
c1736fb63088db08e394417dcb036e15,11
5d5c65215c0b643f0ea9eaac5ba7cea2,10
8e1ded604822d225ef601f9ebc911de4,1
3492676df1973f88f2d8bc5d9779e238,4
6742001c3b9674877e3266b63db76c73,2
a7afbd6e0e4aaf840b412add3075c71a,9
1056dba41934b37e887b25f68665a1c1,21
d73d869e73d766bd07ce144632303a3c,5
eeed07a7593782094f46101ae1280743,12
3c538b73280987ac8845c4e626490149,51
8653844bddbd92e8e53315a783870338,2
7674c00a779d4cd7ad0c0a9d0d7e533a,8
d42b64ed3848257846f01599f155b082,1
5e8ff15705df86d477321f8e68f7bf81,40
afba0de7d2334007f0cb6fd34ccba78f,561
ed7f9fcada0bd0adc9c8c062c0dfe751,5
5fc99395b20a1613624c80f50c6cebd7,1
32eab80476a0df2f0cdeb4cd4090d959,7
c6480be9997317b53dc9beb0e4ba97b6,3
dc92be1345ff9e9e4e6d352b06330e76,1
d0c5ec1df9733ad28e5112b6019a581c,85
13588a93f4169e2654521140db648e91,43
34330e52838edfae2f9c47aeb3f6a6d3,1
14423af8389bdc111a1ed1126b095642,13
7a87d403702fab525f20c7cc0d1edc27,25
bb2a99eb06294aa17cb7c25ae543238d,411
c6575ea3272c90eda7c17b706ebc221c,24
78094c97c18b14fb3450f51d87c0de3a,5
ca43510565e270e23b07d6a587a4e797,11
73daf9dd988fc12fa8be4e2c1c2eea9a,42
73c68a8bb6a28924ae74461afe5b392a,3
0d0cb18d07912475ea82368038aee2f1,6
0d35a89ac073615595ce12ae6ad093eb,46
2645562d3e3f79beac9ca68cfe8a26d7,50
a62dbe3d4cd2ad80e2b602d528bca594,11
42bfa81529e442b096c50475ed56f0e4,3
db13e751b4504f1e8381573391d92158,6
ce74b581f3b6fbc2dd90a972ad74ec57,3
9f2a0428441d549e8dd17ecc19b52303,144
c5ed2b076f4458cc28517871f5c30981,4
5c2fbadf37425983250091ac536a81e1,49
97d8cbf0eeec05cbe4e22035ab6a8925,5
f8904fcf55f5ca14cc3e446f7502bb97,6
e021f643bbc4fb776270faf9a548901e,4
673cb67d16f708cdfa2e37b4b6f41a6a,37
d5cf62d1bdb6fde828648f9436474664,3
840cec80528c15c9e9e3a81f58de20ab,26
d485ce7e2f5e10cda7b194e9cee81d4a,7
af151f9c78a60a22c909b2383f32289e,33
09aa21d492875b7d77aac375f855de89,4
3200e7a5e19597ead571f37fa17e5d6a,7
235679cace15b71eb132fa272fd78e6b,3
7d711d12f2dfde7c0c7109cd85c125c6,1
b53ba591850f5fc498e332ddbfe8995d,1
c94d6b878d7c39c1ced5307b3f644214,11
ce67230813205c3653597251649e672a,7
f2ce9c4261899d201161c8d7790d35c9,1
c5faaa772b55b96e72a2f31c2e26ac06,5
ac9605cb06d795bcea8ef2204cbaed25,10
dc79e136338487f98fa9b19af2cb353f,49
e34bd05efa617a493e006d15fa6cddc4,12
4314c8d0244cefc1b3d4b9fb4be9a2ee,54
edd61c1eee9d827cf1fe0b60f46767f9,29
6a1c4649ddad47fd9a407b523fe27cb7,22
8410afeb134782d5667640ca7c48a618,12
d78b2b6af1b21b837479fb553bff008d,15
23f9a54090390138b97b942b5fcfc9c7,11
8a72dcf68c5e3762a65a4137788534bb,2
693c0f16d7048229a864dcb293d935f8,12
d5d8bca736657eb666598b3832af810b,28
055f4b499f32c21a4a54d895ce24fe5e,10
c858265304ba5acdbc37e0be5af34a9f,9
d41c8200562d6c7a5bcb37de50b282e7,11
ef8496bf146a7db7397ca4f04ec10b6e,33
6d14051c91659dcf955600435501d0d2,44
54e6bef048c74b1a60c51c7399e9bd2d,5
d84132edaaa94f4ef3b72388317c920b,13
cbf5141f8202b372b8c27b2081282482,1
167b70290e4816fb5f0cc4b4fcf3492c,13
059f65bab94ffbb2512c6bb5a9dcc929,5
cf951e948ac12bb0bf88b34362816ecb,24
24f9d6dd8864c67f0a430e1b4a636b59,3
bd38fa5387231255fa8b302e17aef60b,23
28e4781d60a08b60ed9c876c7edf2494,918
9d87fe188833181953b1e2f8c7ef211a,7
21d80d3a66a7ab9e00c254b1fbd29fbb,9
3da71ba3806489790ea02a21e8d585b3,2
ce8db776f706fe677c5b39d6adb7d701,5
d0f9717e578c37437bda3c4c06136edd,7
61bdb7e52bec9fd704c32616247fe127,191
dcadf1b71b9d5b543b6d499730a8df5b,11
ac800599e1c1dc78ecdb5aa55846952b,16
7e61004aa97f0de85dedd39bbb0d2adc,4
56840561bf2305b71b895c8cab9533e8,9
9f36d203164faff7bf64ba01782ff4cd,27
381b438dd5a424b68bdcd201fb9a6285,5
85b37618bf59099b56d37a6bc6b7d14c,14
3c1a7a85bd1f0e7f8cc5ae0b1952b2ce,85
1403c0bfb5e3f826f707370fc939de07,12
14ad550bedc0e1fa2c355eaab5fd2948,4
eb14194bf78af350675749154c114ad7,16
a02142620103f6318452940e94ece44e,1
e5f089cfd525be5f1be636ca02cd2946,6
e83f22c600ef3cb51554c4edf9b38bae,3
ce5f94583e8f510b5115783cb8eb6168,2
6882960f3898ecfe551877593e4c6d53,1
0c07b88571236df495498b4a164c01a4,104
ae028cccc9d69783c38fa9944cd46473,8
41078f5ff8940370a824ca2701eb7cda,14
27d90ff5225b40e0533a714fd1fa3eec,86
11a8ef3b48e82875507dc54cb14aaf36,19
096c61f69aba9c3d5ecdf48f876139ad,1
b7b2439b6bc39a7aad4518f2c985d254,10
3b7a37f5c48e456f968a3ec11bc3786d,2
de94d1d1953463d84fc00b2039a4ed4d,14
73ae33a1fae60f98f3597417f29cedbe,9
f2ab0b3c83f5cb35cfd7ebe7ac758445,1
418aead60b204edef84c7ebd442bba94,7
9cc7b7be8f19a4e47ae1366918bf971a,2
cd99e4accedc7cc333e1f8f085013c9a,2
0232fe4194def25f724c4539d090804f,3
39b6b7e57833f200f051ba1960caa2fb,14
e72a427cda280c88b9e5a6f263bf0b85,9
c17086341c10855ebd3bf73a338f1150,6
fe52389a73f2422e9b4d92224ce38b12,6
d7574965742529b087c2a02b55c0984f,1
d91ac3b461bdd21d76e98c993b228c50,8
d7901b56d2051d08d7d67c6096bc5388,3
178ebfb52c6e97b2105f71e7f61ff7cb,8
58c10948aa12e83857cb8d9395404313,8
1c444c8d45dc6075a6a7edf2a2234e41,20
c12d8b04cb84d26208894dddd0fea595,10
6376a18c30ba65a934853ad265a06a92,10
be2a997c4e17aaf718662a9d6bcfffbb,10
725b34af4e8070c94039f858fb35b633,1
4f98076b30b9cee5ddf5a4ba6ac8b9a2,47
99e0bf0983d047dac476aea83144b7db,6
1cc09af2cbeb8907e192af96b307152a,5
e8de235c1fec506719e77e1047ba4fb5,8
bdf48ab5c13164bf45d128dbf241f641,27
2833704ce98ae14a6e131912f54f7f93,10
21d1fd06ac65ecb6e679b38cb1540bb0,35
e1e59fe2aa05c6df558c131f03d1a728,12
b4a5ec2a1e7f2bb02eb4d5755f55c1da,22
33ea34530412a87a83ef1db1872c4baa,19
9e89f78539f00534dbb4e9868d461391,18
8fce11f978f55b1f3e2d1157b4db846b,9
9595b99a03450a1a2566a0d40a6d1a4d,2
fc01b3ce337e77bf34e12eb4a980a55f,8
9efd43a431329f0f04c64f7aa3f7ed6b,15
d0555fea5b10f954eb87e5e2e4ea2bb9,1
78d895e4e3d1d5b594801e8fbac745e1,31
d98f4cfa0ab22c469f374dd9fccee310,13
1318221e421768993555b4802622ac15,5
dfffa814f1e7f01997f6396528bde9ed,10
55ed9092d89ba14f282a956c50a5553d,4
0bb2ee1a007d1d973259d5695596497c,7
d3506115154a286b304d4bb1ab1476a1,235
e6c2acfd84054e12ac3fccdf80fee435,16
b54b3ab7669bf1acf430bf5d6f1297f2,8
ca20c2c0027d4825a4668cd01550f0fd,8
ad3253386b43c892aadae5b574602a81,4
1fa1599f02fbef4516270c9e8328178c,9
d3990fd7ff3feb48a5eb05acd5135aa2,5
ef7a71caace758a54c44dc36b632f2a3,1
86577e10b7e1d00e87b03a3994e2b1fb,45
453ba48cded499ebf13a06fc5345e614,6
f41d83a6108994b79ff591e5cd6dea39,7
451399e9d90486c54235bd6d256b0adc,19
7396de2ef0860621106f156da871a9a4,1
2292b587a56a8bac49e90c16b90e62ff,4
a27c95fe0320341acb56a447430bac1c,26
c13222d7b78edf0cb8bdd635f7c3c68b,32
8ea040d5fd3d26c7c415b44f0647de0c,1
ebb2b60c7743301b2422fee88e6791a5,63
b15d0e10817d46b8981f1434cdbba17f,20
5a6b08a3a7480b4147b88f9a98c64e92,10
56342358088274aef20fc7355c9fcd7d,59
15a00163cd9583a0613329d22b2184c7,98
c6bbbe80f357755c71ac04322d4075d4,9
a62cf7c51114ede293d7082bf99d0325,10
436664802276910555e6bf8343f2899a,27
1e1b32a7cf85b169ae3196fbcfa5cb76,2
9ff445e7b67b9dca7e0751695d58d3e0,1
bffb7a08fe7765c8b1fd4d6eaa712a57,7
997d0ef5dbf2e5a256fc3d64aeeb18d6,15
a0664459d50421d328ebd6a3d2054da7,5
da66717c11b1c25eed963dc5d13145b6,13
ddf25d82f7fd39777f9d6aa7b81042ee,118
6ce7f4148272c1e4ae4d053005ef59fe,15
190eb526b9c566151aba83ca402caa28,2
1eb7f9222b9a4d15318852defebe804b,24
1dccd1932ad4b9c134317c4cebb83684,1
3c9984f8e810c3d9cb21de710278ce1b,1
808ddd49b684028036b822bd2cda9b93,12
2f5b329527ca35075c9541589639f9ed,6
2f595903dc891a24fe57b01c2cbf0985,15
2c5d7dbcf584a385313b88eb6c17e36b,2
1ee7c15dc36313346c0a3e5e704465a6,2
4d513cee1a4bc3dd7273e2f88320612a,6
4740f1cbce68544e12f5e5f67fb78f2e,4
082b378bc54114b7440994d8b202e6a4,49
2af8ca9aa2d070e623b4bdf4524f1035,19
0363941f691b0ada9075010069acd489,2
24782c8a742d0473a13875667c393ff8,3
49c7e69b4cbab6b6f78828bc1890a2dd,14
118dfcacdee80ad16ff8d347eed96fd3,47
0833cc70f3c289cb2abc635cf130e2ad,13
50d4d1ffaa8312ec116d6804f98bcfcf,4
185c22d4e8a187a9f2552b85b56a6c2a,4
0c50a0f2280c614f86b8c294ae13220c,8
514a85bff502f630e5070f1a93fc0171,2
b1fae4749483b8fcce0f2a165cb7ee05,16
15c8b8648badde5483b97023d9560fec,2
86450577a2ac14c2ecfd64c21eb1ac34,9
10df4cc83ecb57dd8e611d088b34857d,2
d2b21a150395ae2b4db8e3a42774fca1,47
6d286c36c8d73addff3ad1b2d4d817f2,5
60dad7028c76c33d87b069f795a51f4d,5
020d446b44de6765e771ce7d9ecf561c,37
86f0aaaaeb12da4005613cc7eb5284ed,2
c71ac5818f168bcb35d553632a89da28,29
b60c6a0026de128ebc2b8d166e0c5246,134
04d707589c23d023953599843ffad912,47
26b619162f21f3094d49e31729fa9d9a,4
f5673ac27c0a4a2003d4062f707b2135,8
53db617e9d79e56c1432b63dfc578333,5
f5256bc1b91ddf14bd2065f0806dad71,5
0c947531c4d45184afbac3c279ac67cb,9
5bbdedd5f6d3e59f05fb6f5439cc3ca5,9
2fa0ccc54d9345601adc42ee960c071b,40
0b7fe5386a5cb78b82473dd9a9713197,11
114dd1cd5f15bbb9f7f49380fb05d490,9
bcfb20e61c29f442b2c3a8b5f566a27a,34
2cf4986c67cd755e5bd01499de063323,5
1369851ca21ca7eee4ad3db4874e317b,19
3d525f4e9e64230053e3fbccaf39a8e2,19
3c4e939ceb1b29f6c2204001259d9209,9
6138b7174a47a2fa483fdd2b9d63c7f1,2
f72e93affeee028e48ca09718658e548,3
e74c6b65c80576a2944d723e05b8f3c2,84
54476556830b5b76b61199b9e727bec9,19
7acd6efb77718f4396c19000e2d7579a,5
54392c498ec3e83ed844f8bf5b1ae538,7
0025ebdb5ff890a369bf3b3e3db7815f,6
893e9d79cf97328a2cd2b4aec7d921b4,17
46ddc518ee39add78e0f10dc83560d72,7
461605fb3b821df6c474193132d3a048,9
908cea89eccdb360e13c91dfbd9eed9f,10
52fdc3169e2e9b6a91cca7893bed3922,6
6d04cd2635e175f31c27f9482f312b24,5
f08d9d4e110808c5ad7190c5668049b5,1
12f9b186a5fe2724062083b7afdb961a,11
a9ac7fb1c5b14e70c9270d4727c8ab27,24
d019400d5d3ccba02971d40f9267e569,13
778d10d8feaecfd789753258b72fbb1c,3
ab71a065db002d833ecf4f06af77fa54,2
1ce14ebacd321dc89776a0985df72352,11
7a6644746f25b43b59b298ee499cc956,14
894196ec41d5cbac76cdabfebba87d5f,35
53b46c5abadd60ff6fe06132e0733ca1,41
0201131ac892f6be605bd289abc65eea,4
2e2627de6f0509cdc53e30383f49b3b1,16
45d9ee8374412be7c590e56d445d5c00,6
2f0ea299d8d2b01e33f179ba97fdef59,6
6515efc2fb337f0701125c0f4f9d45d9,8
38d32f8ac5e7216b497a22151301b8db,7
a611db2036873a959547a08079dbffc3,10
c9ff3a5f74fa222833b173c195e5b516,2
346a8acf3f0d8c5283311f69e350c890,6
dc08bc2bce21e1698e1fb897690cd446,23
9a8d38a3100c830edcae6193f5671845,4
89e6726a22051dadfffd98b25a66c55f,2
d8f92ddf72ce7582d1d65860fa052aaa,4
5c8d46f7ca28daae45ef9ef4f7fafff3,40
b49c7971244339e805c2d5e824f089ab,5
360cc742a2facf70f9c435fcce3ccd64,37
a84ec28c734d3aa406d341a949f7a4a5,1
68aa2d337aa840e7f0fcb739db39d073,3
8bc6f063cd7fe68c22461bf4b5852d81,13
fac93ae583237c34dce9dc6c1d9182cc,26
9d8caa13d98b0018998b454f051cb95d,21
b8d487b7355014bd811ccb13d6c2b91c,5
f7691af663406bc4c848069c99ff1549,2
47aa75ddb4548de167eb6f05be1cbb26,3
eff6ee2eb6f78683540c06df5740e2ca,12
5cebd16dc4cfb7f0f1d092df217c6243,27
94648f230dbf7a8c5c9c3d3f6392c283,2
1e35275235f724499cadb1f2cf38541a,232
e447cee0cee166af0b45f77a047bd750,5
68aaab87bea520aaaad3dcdaab89b6cd,7
5c05d187eb12ed590eec903e377da179,4
97ecf84d2832cf83e05aed41e18e3f60,9
33039c02b7c3591d2585755c96d2e056,10
4de28e3773eaffc0670c0c73757e6091,3
e2c0568eee5a8404b7206e6908a4bbc4,31
5fd9059cc10cea68f207ebcbc06662cb,400
3a1ca9206024b33b6a6607e5ee13af29,10
22f94a4e00f51cd5be39bbac8c831f8f,4
89915482b847b14b40f0e895b20296ef,9
bed62ae62d2587c54d96ce5e1748eaa4,53
c669509ba5eb04413113a0179f276704,12
4a20c266f2aa6bdeb5a12e1f808d1f2d,13
1f05ea8428b71f449746e7962ca644a6,35
b1bbbee1cc48966cb87f806ec20db793,79
84e622fb1c5d01960560d95adb3f9a33,2
351020e297a8ba5a1e71467ab97639b7,8
2fea631550b428883d58f1496a0b0bc9,2
0820651b8f7fb44163008eb5a2a00449,8
a28f0f586e21fd722834a5df2094cb68,7
f04a3ca5eda83e00236acb0c1c13ed84,5
be5de1cbedd1f2a645e257de24839e0d,2
d8c87216ffc13153481f21674f91c9dc,18
ac13159f5786046d02869d5ab095590b,20
6337caa9bd7876ead23d031f88c2e27d,31
1ecaab3333ee6ec13cdf34f199a0fe2e,47
dca7ccc73fc2abe8bd3660612b447ce5,1
66aaf87fc251481e16802de34a64a91e,8
c82dcdbab90da673712453ef1316b7a3,3
aa49155bf21bdf2d437bdc2a3ee11e63,11
afcae9739d6adc187acb6bd9a55bdeea,29
fb9fefac597df1cef1379adb4f6d2678,15
02f869f6518a03b1147aa13c232a38c0,1
d79e4d52a1ef2145e4461b5286921acf,5
755b5550cef9b3dd62dc173eddd3bc9e,188
9658e287384deb2ce58df20d5da6033f,9
4bcef5301e75af3bf0a3095ca9b81850,29
a64959ebd5fd94cb95a346c5363aaa42,5
39542854142d2a70169827520d2bd900,17
605cbaca9f193d36448b71d5369417a5,14
675a8bd9b82dc7e8765130bf3ca84a90,9
92448e173155cd3419977f8c0f3f9194,8
501ef1d70379ec95734cede029eca353,20
654262ccabd566742a627686ac55d27a,7
0684c64f168d0226d3ec6d8bb3359eec,71
b6a722cb7cb6c63e42cef511b4bc54db,81
5d953aaa40761211ba1912bbd9ff7f04,13
eb3d828145d2c944af933c9cada61a57,5
a684dfb2aed5080304fcd2e6c94dcd21,13
b52fd2cd01aac6bebe8306177a4fcabc,21
17dc9a6bc87540d150230d19412d7ebb,2
32a9a956e913b6d2ca5e2ac3ddccc149,10
9f37409f6714bdb243445f444a99e2a0,11
6e84fdd32a70c1d31ef4fa2dd80c7e2a,7
42875a2436f849c779360af8c333d05d,3
c678832e81fd97a16249c521f8ba06f2,14
3ebf7ef0f878b1581f12ab25b8f048df,66
4454fe3ad792841fb871b56db1850ab1,33
0a76d142d2bc6e13357a0466ca342399,13
2e7dde2ef8c9dce72a8a42b41c23071f,15
381e12876e17d762309149584f19af68,8
dbc4c7c7aa7b89997a9c1312df45aef1,59
ec8d63e29229103b06902ee5b558fcb6,9
012f5b550af8fbfed36da2e0bae61a04,2
e69e82a0859ffe5731c049ee51278750,8
1549d5f044e20c5c4d4f9f4fa13dba3d,7
4aed5232f37ca5100f9fa6f6e7bd9f7a,8
d3bb41acd388d7f353962c3577fec781,2
427d84fe5522a014b20b268410e6b324,25
78a78aa36d1210d9d9cf49e0d4007d9b,30
3b9aba41a1d374b0a7731e8f78e11388,16
86a8e54301b09121691ca2800d29b7d7,11
51488be35f01331bcad90d22ca22ae7a,7
8830b3dbf516f88d6964b041a3f33452,8
65a2fb0e4b855722b0336fc9e1bec536,9
f3e3af8651c95e95497f0aed52b565f8,4
404dcb4cc7b92b6b49edf6d2ec4d884a,3
7f7d86213afa570cdd005eb379f03829,4
db51e96e888206fc65d25bc6e692181c,7
adf03539603bf57ea62b73f84e076e2a,18
f75a92ef88495b30fc3495db6229ef09,2
e216b8d2967c8777a153ad7ab28c305e,10
cfe6202f0f2f673f2f315d2825a1629a,26
874d3060a3cc89aec70b797cdee8acec,1
4e0498b53a2778c90f6269b78a410e51,54
0ff4f0d07e0e1989b5a35c27602bcd6c,10
1232ec0104ff2622af2d5d3cae81bfe1,2
3406a97218c38ebe0f9bc6bb53ba3779,3
29634be4670ec17bcab2761a396f96e3,23
b3fda916c448d2cff3b4e21b1b84d015,6
764eb87c05a3d3089fcd51fbbc4d2798,4
dfe4d3c35174cce3a7a0698173e54183,2
9c6db893967c8de60561b4fd8885f56b,6
0ae8f683248b6ff91ff4d3bb39ad088f,48
2d80207fd144e873ecaa942c6a692c28,10
330b4cf9072a95dc17997ecbb0603185,18
dee114b6d5c4d96951d19d896634c362,6
9fbf93bf176eba26d52a2b83378fd17f,10
95c3a07a59e237380e54aa167bf90ac1,9
cffa9091330cd0ee70d9936c99ee8359,16
4e186d74a1398edf1851fd7e3ce6b80c,23
468928cfc80b18daca844bd4df9a9ad2,6
1df477c4ab3450803d63a061108f5080,11
73bd8498c73aa488ecbd2cbfac7db1c4,3
0b11ec8e22f8d299c22fd1ac489ec93b,25
bcad66463257f8d1245fbf6be4b6902d,10
c6006baff74787d782c07ee3890219a1,2
1ad4a9e98708cb87f432e7547db37f42,8
3a5bfff94c053476e76c5a59118e5f8d,7
7a0e0dc9060a72c7188e05737c10f62f,8
8a82a01cdeadab006face2965d2cdea4,1
1290864aa096a2f162972d72dea57e6b,12
8968308aacae84a64dc8ca5d83a8cc8b,7
ab4d9bef98d4f17181fdc0059fab8356,14
bd93662d68215a18ffed51fb764f2ebc,4
abdd7d27a738ebdf9ef13b147730b91a,54
3588a66c3f56e354b3f0ede754dad4c1,1
272a6129a23274a0aa0939390128970a,1
9ec1fe710dc3da0c222b2e4a3e72d0d6,2
fd112b6ce181d7c40b1df6873f42d339,28
502b726bba9e098b54802469bab80f68,2
ba61c08fbd0ee38706cacc97bbfa054c,32
6dcfd6ac3478beb3f9e506efe893f1b7,4
8f6fac0221cc413d0b957cd330e0dbf7,1
8e90d542838fe186bedd98889be01798,5
78b04dea58551bce7744526d3ec42c9c,6
f53e7f38656541b4e1f7c3097d37d10b,10
0f0fc02e8840531949a60e62597ffe3f,1
abcc80c4fdaaa4cd4211fe4c394e1e14,5
8c814258201b055963ac3c5423dbe3e2,2
e1bd3687d5e0124a15e236a6db869148,55
ada7a3ac3dd58e4631df3e9febf60bd0,5
c963d87704625b37c61c5557ea753fd9,3
197255c4d18d16b612dc851e445bd430,56
5967902c3e4fe2cf921c9750beb777da,3
feda48d02d5a203118768c09fa8b454d,12
c67a9a066bf3168f750b820fb0afb4a5,8
d16624039ef4b8a102c7f139ee8f4794,38
c58f4b33911c725a3a01c15e0880dbef,7
262ee75a818a09f794c525310d35d29c,21
945e54350d1bf6c0b500f771f4a38dbd,12
3cab7840f387d91858c60255158dbb4e,17
0cfb2edb9a45ece09f183e1210cf2c34,23
20e76772355571e6c6377f4386bee568,10
ca3ef09d154b96950517aa98e576d514,17
7ccb1e13cc61b991098f463b8aeceeab,10
94510952240adf83cf4f45c7e374b24d,5
0ac9f411fa3955393b87349bb3f252b3,15
aff0f719a8c753b2cee755d61b0a7116,10
70a42e615f295035190355737af86751,11
b5b23280994a529dd6f8fc371187ceb8,4
4a98ec5e958512319beb7abfdac2ec01,14
50f079909ad27a6f5304d738c7ae08f8,11
d1460ccdfd6bc04165f7c8c78936a4df,63
ccd4a3e1f2a118166d5ed8d9d515fa8e,44
5249855a5175b36c29051fe993099863,15
d6e9d4a916de46a7fa386de8ed438d12,5
744d5c0accbb97f40cd723ace0d4145f,11
1258ab4156f5f2a6380cb4bc75810dfd,28
7fd39653a83783d02cd92f8fbc5022af,18
2a3c931b49693503ec4b2d2f290cad59,14
ddfd023fc0928557a9b4749208ccef4a,19
86c57c88bf2d28fc438f18872062b9e0,65
276d45c7434af2e47743b5a07c599983,25
0e35a7a86d801d7701d368d6c060fb04,4
7464064122e54be2aa8447239cbd52cd,6
6c877ccf48dccefdb385fdee85491029,22
ba8967fa24dbf89567e92357f8b1e602,14
95550e468c919f7e8630d858217b1466,19
1cfbd50df93eb0113b95da28ddd3a346,21
fe31b8c36da9482ffc9deb28cdb7b91d,2
2c530dccbe3bac47ea0d4b5ff97fde94,13
3a1464eb06b2cbce0c69657b9be67815,8
7b99b71cce973b5aaf7fcaef4f205fe2,10
2802d0750a59a35f3525081a38461134,38
45ce02c2c2050d27a70bb86a0f229659,7
c87834295ba74bcf97a631c7a782c1f2,4
f09429aeb951213e31c348c83500915a,8
6ef95c121dfbcd4a74a09359d825560e,9
4045db9650fbeda6f05f8509fe65e54f,3
41d43ca09e7f47b627bccca30c4acb7f,6
b80f12d8bd2a8a96501208e9ec619db1,6
91c4367c23b36876ddf952784cbfefcb,10
2b57bc1a1fd6265bff03059c728fb6c3,17
0e56fdef6f723ff01a54d7a080d62f24,12
0ed9757d0b304c9e6b7dc5529da50b86,1
aa9bac21b366f63921b1b317666455a9,39
bc6ec03578aa31b9d524cf3628c41f4f,6
505fb0b1ebf6897e06b36a7d85393579,4
6d780c3523f24cec471ac45058baaf45,12
9ebca872d47d817bf81b1991df65fa78,19
ddb6315ad3fc4e470377e62eaa7c8222,8
fa0d4db16e2cc15e0514cfa896a1c9e2,10
230a72347fe6b985ada3a4e617490172,4
e436e52d0fadc5a280acd57bcae7909b,25
a8b3360adef456d101112a97b14980d5,10
0b13a90ec84dcde5fd92dc7427c35999,26
40d7c7cb514d78769d95ef01b5073a87,52
c18c2b48ca464aa718a8a442160e649c,4
e50d2030446496a31c63a3e6908c6ddc,36
15a7a62541891ba9a82331501bc43041,6
b24efbc4fe33b20973f00718848bff09,3
76d41ddf736798149443d5462677cb44,63
e6e26676f735da53338fbac94775dfa2,13
c52dca7a9b62c38cc0500e47978f7363,54
10f19ebee7e255b30d9b8c2f7e002bd3,1
fce934edb49f114cc6853007a4288531,6
4799f45083ee96f4121c35cd3b5527e2,17
1f46da860050f1374d5653aeae39886f,2
b5dae5eb24a0ccf067ab675641366502,2
94f06514c0cf0061dfd8631e1442222f,9
a903752c719517d3683ac5633b4eadcd,6
0e4658dd7b529ee1f7741a6492804088,84
973f1d80b8e160c328171ffc55cc7aa7,17
820e6985b817f6f79c808a29ea03235f,8
194a08ceb5d901b43dfb221af29cf29a,1
5e6a2ef9af4ef062769431c85c875271,14
4c28c85d65cd35a1a846e3296257d01b,83
0e18fadec13e9f2e18ac331b49343576,3
efba4453cbd383d4a7f83c1bba593987,8
521d240d60457e9b6d77d8c291f9cadc,42
01adac5e4fedf93c9c1dd18b5c80fa47,8
53df349ddc3bf00c21ff73d7074d43c6,39
afa5ebe2563093d9ca20cca9d62e5b25,2
77e25e4fe535a6dae59da0dea9f101f4,2
da018dda0cb0a456502ccbcd77951839,57
968cdcb3b42d3aa3a622865b729486f7,2
89af3e5bf3389bb214ffaa46da88fe14,10
703c840795a30012b47bbc5f1ae04c6a,7
cbf799b66bc3bcedec5ba91008c714bb,2
a57e09a7a766cc154435f62be8874386,113
0d97b6042512a6eafca1a629afbf42f8,8
4541eb9e96ff2134392c86a1d662e558,5
e819c0421a151d39f934af8c59b938c9,57
767ab492c1f7241df160497566b8008f,4
bbf0b16a6c2ad8041f06e2424d423de9,4
2812603340ec25b206e3c657abbc1cf2,3
af7b968f90f3c24ccd800cfee1e9be89,2
dc29d93739eb56f3c47c3312d7de2b5a,168
030fe23dd2c48373c47c69d82fd4ef39,1
ea82bc6186106071a4eaf030f8390be7,18
9a1202f5acc45cb7101ca617b1e43f99,17
80b350fe92965154230c3a3f5561670a,1
a65acc9bc0cd8d70092b360d70576034,4
6ad939e93d6a17ac912177895d3a5800,27
bec2333e47cb9bda261fa150edf7cc98,45
078cd6a1d244b8cd1368bb5ce66fc91b,20
2fc3dc4a60f2bfc175496da468ac3912,12
ff83fff86eff7eb1ca7508b47ca1e2dd,6
082617952b3928fc9eb935fd59836265,14
e30cb714efe2ece7bc6b4f14005d7e05,8
120f738f36c13e26ec97b4fd0077c3f2,7
e24cbfd823d49292e7c630384ce641bf,5
a7764e38abca3a3c89763b85d16b2c09,6
250eebb68c63b40221d938dfd74ff768,7
375d82741070d6b3e2be1eab4bc24423,28
0bcd981ed63435501c6d24af0d542186,6
0e524f17b5724599b666a5e0853edbb7,2
8f5fc1f1d4dbf40d086f581c59281bbf,1
4f8e448094ff1586cebb756c9f256244,2
33a2fa908063c0785e5ad8869fd4ae87,30
aeb1870b4d4b30e1d67748cdc8f19084,23
959d6b98406df64a6d811e18ca619c8e,6
d58ca4b325b4c1fc49081b65f4ddf841,7
f5387c488ea93f67f38b43a9f9bb7de3,2
d2bebbfc40b88023125db2bc9f6e9809,15
23c17b3b6142e7ee70c5fdac00f008f2,12
dce562e0872adf1fb1eb7a928b0643a9,28
1a783c5ccaf050b373e6e16c9a233bad,19
16b787a13b69fa46e3a386366f525fcc,6
38ea344ea494e5cebfebfb71d688e2b0,24
9a4e5a941e66ff14be2edc76729f664e,24
4e34b155f89d975c8a02392c9dd8e40f,3
7ebd63ff52a211635fd5dfc444a750fb,4
6e68ccc133f6f505bb1d9e733a55d173,136
69a63a829be77a527fe7cd014205b19a,7
5a8beaa1bb68f58ce8f23c4359dfcf32,40
de94ae6f14c8da19475d43f7aca2f649,2
364900317f89913e1019c56b3f7a7ba8,1
7c5c842cef2168267360d20373527c50,4
f2a833c1b47f7a9edfbcfa0af079b35b,9
8c497b4e190063387777ba794977e391,16
451045ce30ba6aee32b165eb774270ae,35
df9f441f13b89a131398764167763bfc,20
ff629a46bc63380c5828290ab80ac5b4,75
0144151da1c1f3ad3e19f6c9da6952b2,7
70c1164e157877b613b8bc4c97eb4914,17
699858401c2b3d9d309579d2c2bf40aa,2
5a25f8e577a48cbf297d79fb3a3af2ea,3
cd7e329615845584bb59d6edbe5a054c,17
06175abdfa2f402a7c4be2496914fab5,4
8e0c2d75a7e03c8ec51229d926e26dce,1
b77881e41c2466e37ff8bc583906c628,5
7fa1b419fbe2cd1268425d291ffa121d,29
c410a6812f457bf93cd2974ec828a269,2
da6e0770a205d08084d5f5f75d82ce5d,8
190563b59cc9d961a57cf7a691cac112,20
b862d685f97a8e7e0a20bd28f2c6fdf1,27
6034486996431312b8b23191d40e2f1e,7
011d6f707b281cecb23c05ed32103e0c,2
ffe660e0c697515f7c297df9e829c352,131
5edf2989de372786058734e4a55c8855,5
934426aec7df807b1942f1f999eb9018,4
c9327fd346d4ffb2e296615e09a7aa76,1
04d160171f67d39f2874d3bd8fa13602,11
1d174bc393a234b6e8cc4d098d33da54,32
b83bedfa5497dd33ca8594593c65e9e2,11
ad86e6be2bf673f681b45b1d770ba6d2,2
717a548f262d9cbb0f7a172ace40afcc,21
2ad82698dcbf9f0dfb1f08d9be59c746,4
199667d7fe4714532c762d02768d04c4,29
576649e8c48e34a9d004137d4110b184,8
ce4ea0eb4190df70f24f9942ad086518,7
5dac1eb16e7f2c6ff6799175a0544e82,98
1c3cc9879ee0f2328812bbacbe7a3ae9,2
ec01e165198a248a4e56bdc9e81d2183,9
09bb1c9615ece493da58003021614491,28
6aa1d619a82b896256657a457b3f4340,7
2bfd298f38df8476a0c364133fdeed20,16
5bfffe57e776ef469e26df90d57eb923,2
102782ce0eaa091a519b49120b43ddda,298
f1ba989893d95950e7f77b5cc1286e46,74
bcc687ca737e49f32dc51cb2276eadeb,2
a87fcd309e69c8057dafae4cb0e83a80,2
07e4c6a9f4ec2446674bfe6a2090568e,5
472ec37b90f1981e240499e9365ede2b,2
21fbce0fbf943bf086ffbcb87302c7ce,23
e13da9c374ab0cd8dc0edff2f237f2de,6
1a380e2a2da2b917f1a6e69b1bfd7afd,1
20cf5f96e91222e172a55d9da04a5ee7,9
3130c2e881d1dd98e71c52747c5e2862,4
db6c4427e9c324e267289f36e4b653f2,39
ecbeb67fe95265ec7dbf323fabd36526,8
8716c833739771ca83ad904a2057d779,16
3b98934daeb2368aebe63303c9ecfd8e,7
131bf0177c92e50c37741e527b9437e8,23
4b2648c7920791b64b2c8d03f97717f4,24
8aa47a8c97262e4083955f806d1e7821,1
aae304d54cc3b18f076e79436885cdf5,2
170023888d2fbff757f8555dd937df7d,3
c579eb7a714746c2fa98b55c07d5f95c,4
e89cc86bbd3db4ec22aaacc259f03b5c,548
3118c6ef22b3cd6c2b297fb8ed577d2d,11
af79623435a57a1f4f9e28219481a752,7
13d8ef630c4903f261fc993c7c1871e3,2
ffd94978861b210bd401559c466b5e07,19
2450b03dbdc0264a2dab5bae7a76f596,15
71f6c8fc87c1aff17c369f92ac1e4d03,2
7fd19eb7590524b2997e9f4ba83c7db5,1
5c761c056b16ca94dcfdbf6cf41341e1,7
314a8b9ae76a517ee73321ea28591cf1,6
646960c9e1ad900391c2f205ef1ec3db,43
7cddce1317dac78e08054ea83139a71e,6
b81f26b065306344a5bb30384a8dce0c,2
ddf4180082a90825094764ad0d808efd,29
bec43cb38b455c3d2611e8262d1e4789,17
66d91d0258a3d0868dfcccc0a98d3301,4
e0d23c0af5b15fa3ffbf68975be6185a,2
c78d7e060ffeb6ba3837843d1bdf1d92,2
8a4e4bfb47f2edee10d58de222a9f45b,5
58f184de00afeb31558bd8d231204ad3,13
501511b807c7e6b74ca81d31023899be,3
44cef2ae278d633a310c89b722dcff53,14
3e309637c8b05898bc1286a0927d6948,4
5acd13254bc676c1cad5ff227190433a,24
34d3513ccd273d2cf924f4006cc78c3c,1
ccc7296049b8b59d454be3cfa745fc26,19
04bb9030fed6a861de9b913b471331ce,4
952adff23df5ec81f195624351e0fa4d,66
a5d313adc053f84b94f60943748cd1db,2
36641d2ba48ae6e5fb58661b2fceaeb0,10
8fefdb830eae42d52274e952f79a883a,57
2fcc27b3928753b36a377450c9e46e9b,24
abade3e5d1de5b66019a1cba6ba1c493,4
818ed5249d50cee89cf3f108bd9a7036,3
047350cc671391e958f8999c078dbaa0,3
8c3abca94ecb0e7798f02dd6eba24a75,3
46825be701fec7ae6952d14c26d1a97c,19
0585b98f15ce97e6113decbe473de186,1
961ac9771b52de00a6f9c7591e617139,20
4aef6baa9d22fec905697b1c0c3d3f91,52
abe5449a99dfdf83143bd4982102e4d1,2
83d0033f71ed35226955476963540568,2
69e77b567b022679d8e4db2b130546cb,4
7616eba08d6d13e5a4b42e197171e557,3
7c93e30d10c7e84d22eab95f84ef652b,2
871f00038afb70dc4b16e12a5150db9e,11
51a25a2d05fbaa4eac6489a72a767d45,15
9579c3fa77df2dfe4132b25f0dad3820,3
ccd25c64c55279652f89b3f98988bfdc,32
14ff4af6cdf0dd5b0633ab2f1f202585,8
66088ac5ded4dc6a0b6efc2ea8014888,7
bf01dc03dd3c41cef161b7d4cebbd946,4
f54dec3cc6d52d59b82cc9d85e8e9c60,6
206e0f51b93a505dacd48641a1c2fe0b,3
261875156080332de2d9dcfe0eb2198b,13
054f9d1ed6c858658c5d7989c0dc986f,31
426900db90da872e5e5e094c0d90a9fb,2
560d6b9ada83fa529959c72dae37e60c,15
2384cd5da86f02ee7b92ed644e59ac2e,27
b64be3b64b4b4391a76ce65ce4903e1b,1
f645e3839d0c21d046afa3f987d8b22b,3
4a38ca115be4954abb96202761e2ff3d,20
3c149c3862fa43d090a92d654c600a24,36
c17a73b32b6a65b63a53677c50e05ebe,1
7368b233a48d62b245649181439ba5b8,6
7d5a8680450af1382e43ee8691d8eafa,1
7f1ad3ced8c537fd5af58a97e56d8525,16
f14274a0b7903bd510062c79cf3ffe6e,15
cd9a0c79fe37bbb9d7590d9462eff0e4,136
be81eb9f4deef991e4f83afd82d52242,3
37484ba24f8c9a3c47a96172c5e825be,4
5e2f9af76e1e5483d238580b7371794e,2
fb9ebd9c95257af1811d15a114022394,47
48b2fdd4f06a04501f14be2f5e3f0800,112
9c20928c23f2c41d8d95cd01448f59ae,25
85bb01360d2ff8492bf5483bf2e32110,8
3f394b5f3ab2d381bf1daaf747f27676,18
125f447ab1569724686f7ad78e74a019,24
7d7611c1f4d6a654eebe0f37928ad511,1
8565f98a9fcd0a1da098f39082e0c283,3
5f30010bc35445e8168729f6ec1cf2b9,3
a03d37928df8601832a45e1d8907f7b5,7
81feeeaa8eda70f6556ba86224a790d8,2
554ad361ecb5b1c1e91e21af8dbc69c1,4
761261145afbf0ce64596dfe7c9b5305,24
5b20e55ad4c52f426ef2665702cbd4b0,9
12edf1828fac0f9b3d4467c22c8056b7,1
95ee13a64e2e0ff55d608453ae68470b,8
1aa028734b1b1fd3c6a9c7702bcdeb8a,1
043f34c5cc610ce069866cf8044b828d,12
859ed7f1ab9ca66f1dd5debc203b801b,1
1944b09a1d7c2f8a94682881a6a4e011,9
8342a5fa5cd60fee339495294d2faa13,14
344446e4f67be7efc504956219bcdde1,51
771fb14197afe931a5f31afc597ef68b,22
161236e945282233526004780d0015fd,10
4174ce634069845de429e87a21f3249e,1
2f6bf98dfd656423e200a6077fe868bd,7
483290a03752db2e25bede271a1e2c8f,3
cbbe3eb6922d5df24ba59b7e5afdb64f,28
4e0b9610b3a663b788dd3170009b8bfa,7
c37702cdf8608d7362eeb380782f41fc,24
7970bcd8a6ffe2968eee30239b84e7e3,14
deb7531351850b40d2b309129b61c6ea,7
4f33733141f648302e4e034ed21a3227,2
2c4554fcd28fb9cef2c043e6133c8bc0,13
991dde864bdd101d16a33d430aa4abec,44
93fdea932d72bce21884f06d0a04f824,8
b5835645d2986a84de4258344f6f10ed,7
899fcd4bb46fde7223c2d8ad07e74f20,11
dc61903f5aec1afa3507604886557a87,17
847b2d3d12aff7639460e6004c3fe0bf,5
cda356447512586f47c75cdcfe9817a5,3
d34cec2dfb3b8f1b00e601e12f4bfd94,40
06a2711cd13b5c243e96a4c867338f7c,1
26e71835dffc6d4d9ccb7b56802be595,4
f0e11e3a5c3a1a256ed803df34042257,2
88ae395fd572dcb56ed1bcc425ecb92b,20
ee3a564ba617d56eb59b93c7942f2c0b,2
ec90d960403b0061a2039ab25f8021b5,9
f9335a03ad519c60e8dbd1522ffb9010,5
e252786c0bd58d985f4c6c6aa337b729,2
46f764bf60a4f85f508dc7a673dbec3d,1
bd015118972cfbfeb0a863a91ee9bb9f,21
d1a2951688747abf36fd1355b5b2ab8e,9
b76b7e36f64a64825bbb57c25c4e5ed1,47
fbe2da57207d7bff4366e4f953427b09,10
26b4ea6bbfb65f7e84a69a9c2305fd73,50
4d581e9c3d4437f10f9040b3edfd4fb7,7
38a9f8b6b3268c5568b3229a626b1808,3
a0f602fd61dfe6ac85514f10bd835a26,12
ca5eaa1f190b762ba9252db6a3f37cbe,2
36fc42f1648dccd18d663a3b302e1dd4,10
3ece433cbc83a31bec814da742bdc568,24
aba2fed20fe0f48d76993ca99067a054,19
b1f8fd802d75df7cf818f4a4f08b505f,12
55eae20b74e48121e957c9bbc77a1c39,9
b416b3bbd5b0f70044db9bcb211e7257,16
98b9985fa7a3fa6dc95b2c7b735de16a,96
82158914c6671d2653ca855fb4e95c73,16
6467b1b43aa7778b003f6fd44434c93c,10
9b498578273c218057f593afb9343e60,9
34d25f878a779e2ed0dacb2f9a08942a,18
5995e83524fc243e14cc2cb6b48caa1e,17
66da35e49aaeba14816b49fed5c2dd79,20
0717c26a04e76d1330c635c537cdbc29,2
9eb607e2c97418a6726c5e924bb7885b,6
db885b83dd8d834c036ae5363fdc0aff,9
9926ef92a746ad9a48ded1de5a084a86,8
fcfbfae53ae088c4902257fd4ada9b00,10
cc67b5d14413c190bd567c46bd99d405,2
181eed72d5b8d876281130330a2d2d97,14
939819f95df6356828a047a0d3739b83,1
4b376cb724bd83b5eaa440711819efa5,11
d49fc2e5a0d1d07ab91abbf81631a8ce,3
61407765416ff2a8a5102b36cd6a13fb,1
30a53f4755f4ab3f18e3ed4ff76b108e,1
8a6b9ca80aef0c0b55b80acf047a6a47,9
151a4547bf188b39e5f0d7103da4010a,1
c32f58078511ad29c50614c5dfb90646,54
e81f0ae98be76c04309296d21094574f,29
cd932acfe61563a09bb039e7b3cdf9a0,2
f70978fb4009ec34a26da5ee76021744,1
8ef4c369cbeb84dbb2ae4b7e5a5f7ec8,3
f57ae256047a6bb6c3fb78931a14836b,48
488b9f71f9982f2d83b2e8040e1fd669,17
a4d2dcf9c723d9e65f60932eff5ec71c,8
6bd9e29a91b31e469d6f2e5086ed2717,3
68e2f941efe65df970738870a1a226dc,1
833806ce3cae5d75d5ba1a2a7c33ba07,1
19e0463614700c1ccdbf9328b1633171,2
9cee34bd1ed2b2c3cf3bc239c85c5db1,4
db03a2aea1054f41914207b434e35e80,6
27533cabf6293559a2629eaf505ee170,7
66fa163a91bd539b397cba4772f02e1d,20
7d6a1639a85f004fc189fd40d2ccff37,32
f9fc4e807d47dbd126f3089c061de1c8,4
0021f20790566cc700c8d38606a2dbf8,8
85498583cf4146c91f2bd977e20b40a5,7
1e1652f36dbfa7199740c87f78ecdf5f,7
48d0d816c2879b143bc6916fa5c144bc,23
19ca3c685d37c23837b955c404238015,3
0989226c7e62cb70ba86521cb6fea668,15
1df3e22b8cb5f74efb400aa35496c9de,6
817b3a94003b7b2ee9873e3b39db325e,5
6eabf0ea70610f1b160dfd62ce2ff7a4,6
c326dd4692dbf63a5431b95d6152a22e,19
7bba60c10b9156b9181c11776063c5c6,5
99cb93cb8571cb80b1ce7226dc74c210,22
e2d0d5063c5ddd1046ec0c1732b7d3ec,157
0daea94cda84ce79b02577e8b1724c73,3
f98835029e0393d614548da81af392f8,48
72f76fe501662c461cee4d8c2d643393,10
17bcb92d3f80408831489bf9903874d0,23
70ba4ab67bafe7b2f007125f5a079eef,8
8ca8e06015bcb99165bbc2be3ced0166,25
119501e6e9fcf4560e39227f763b471e,3
cc73690fe1ec4d8436557061268d9fb7,17
835aa10fe88220b0b14d30725ddb6b41,2
02fa60764195e1c4d046e5423b124ac4,8
13f79efb168196926fa89f22824309d4,2
3a5aeef24cfccbc9e9591c254fac3001,7
d49a8657316e66bf95b38a7c6c509f93,22
51159b15e534d3f26c7599ad8a2ae1c7,18
2ced6e4c27210ad8bc4292437cc80b64,6
0c0c70e06a83f94d6541046c5809dd51,9
3caef560f9e925aa16e656b47456a0ee,20
141d6e5c3128045761e81def41b94368,22
e309db78249c69cb4280b64792f2fda6,17
d87d26d10b22ee9dea5e0dbb1bf41302,4
e4428e38f1a15a1b10a1e5fcdbe09cd3,1
ac21e750dc299d9862d9c96455af7eb1,4
593f06c1121ba0053babb0129fb6db53,31
0c99735ec6f567ec2f7c1792b67b93c2,9
c7b83e76e62bdd64677d522f50184a5b,21
b3f9ddf90a8f1ae0d50b9728b0f6467a,1
336a06dd4b4fe151f2f6bb7ca858a715,10
02660c3e24789906272f48952232d2a0,1
346e2e5005c79ce0d684be8291a9e1b0,6
f59df6999c0a0d7056259108c1e63e4d,5
42d83813664703a172a240ffd7e7a9ec,5
e472268b327529e332e54f4f6fe4e8ba,7
d787ace75e749c60d4a8abcc892d8dcb,4
d9f441e0a33ceab647c4b718d49bba6a,11
21e2737a2d4046ed9626cc077ac51d9e,6
4373d101b7b2ef9908e67bc5d132932b,16
095f64bacb0128556e2693788e2442b2,7
21bede1f76410e49a015b9a9a715fd34,28
d907721f20ccdb3fb4d95cc9bc6e7fe0,3
c747457345f6ddb05cbf79f6ab30a6e0,3
c8646af05933cae46d5f63db5d3e0334,24
554c059dadd4234fb40e600ff18f9061,2
1c6158bf08bbcf8a9f9bb91229cb24b3,19
8e613521a922a556ab72b70c372bbf18,9
16aa0a4b68c145e59061e17b8d556335,5
58ef5340ce4b76a89e6aa6a2d4793edc,14
9c72d8468f7abe198ddee8e049de887f,4
8169d161adfd71dac90be9c22c07f7d4,24
fcc9bab3e24ea08d704271c6b2355fc5,11
396f71be81dbd91115bbf66acffd20f3,19
2ecbaaccc0e627bf262e71133d8dd026,60
48511cc0714e341a1ec8691b4b514647,1
94165fdd958dae97b42c0ba0e9ec9f2e,2
8674553f85a239a097b1395584dc0e49,3
52f70104a92dbbcccb431e13ad7daaaf,3
cc56f409c8aa6fe073380354fa35fd92,20
86a8c68d3c7be524c8e34bbd5f079415,31
1ded16e97f4d63afa0128a306596452d,20
c11d5a74e7dd996d6fb7cc3a7fbf4e46,1
ba15ca8472b6fe6257443f0e9f42761c,8
8f37588fff1723b69a13a8ea05cc5f5e,8
3c7e4917d70dd8e4c1526c601ea4b0ac,4
c9e9a4cdc483823c2af3ee17328c0232,4
339ad934bdacf0fe3ce20b5a4c12b748,20
04835f4fd505cb45aab2b7b4a2de08ab,8
de003d80554c272e31750eb8154e5799,3
82629b4c9100838045a6c090c7676a41,21
fc9e7aad4c5ce79dc3680dc10bc8cc9f,6
6ca7dc8ace0ba5cbe9a5e596a19fcbd0,14
e3f7a3ce49b3ce32683641ff2562fe0d,5
8fd99453f6ab97776327db1d1747a7b8,8
ddcba41edcd7d02b2bbb56e7fb6d78a6,21
e176d37608f94b94601f25bcdfa62f6a,27
0af94fe84c0c7d88e611ba5621998d30,2
d3734b6a17c447d2b4bc57021e0a135d,41
a49b62f5e30228099f3dc185d5ddce0a,8
3e941e8a0afa2923b10ab46273d1a6b8,37
3fbc50ebcc3d1fd6ef1279383e0bce66,7
7556806b5482de71faaf56e175597be8,42
1e0140395c73baef95ff58e10aada240,23
c1477b5196e9dbafdd99c9984e736d24,3
790ad55bafca2fb91b4601390f42fa41,13
d0a9942732c13b31e0387e4b4659078b,18
5b23286239bf215add495f52586d78a9,7
5b2b86ba5baa7cf4f9bdfb232f94430e,22
72f628cbc6fe0f33ab682dc1d92063e0,8
3bb1a3080d1d5dcfe42423fcbcbfcaf7,8
fbedbefa8736fd92839c6341a16d13f6,88
833aa51388080f91a3416ec1798a0883,4
9e6be0e235f40eb00c59fbefbadcd286,14
4b186990b1fb09918948d7515c9e13f1,9
d9b61441ea1a2af50e81759cb50dc79b,4
cf58e552a8419c12e0e287046777c7c8,29
e3c5e75f3bbb41b18f606714172b6b30,105
f911b5d2728b7cfa9c1a337f29cc075b,3
dc34e7564622ff967dad5ace876ae6db,3
46b86d0e0cf9ab063588ddabc904c522,16
d919c94bd3948bcde6946f208cd8406e,10
04108a2c5f0c8ebe761e512fa7656502,5
b4b7f137a716aebe56feddc05a1d3be3,9
52b9b958677f544fe2a958ef84eae30b,33
e09828e70ad330200d1f027fa03eefb3,14
fad0095ae6ea091bf04f7eeec928e488,62
af9c04849057cadc9fd97ea6d14d1626,5
e95d9898a2a317ebeec0aa8f16c3e3b8,3
3c5cb88b081709e6f45c1befdb2fa505,2
6701d24e67f1e4ab9bb4e9b83c7004ef,6
745d447ab54041fbfb75c44154c0ceeb,10
554a92ed568c659b756882441b559ddc,4
11e5b7865ee9fe7db76f0d7d381e8dac,2
08e8fc1197b911caf111c756f882acf7,7
d61ec5a96780d0f33cb936c3e05b467a,3
81658ca712dad3650d7634c1ce786fc5,3
d2db21ea3c551c1ed32b4b0d085fa875,16
f6a5429a389377df7b98d8c0e3404558,2
4b29a8586bc63cab29c399ac2d26c306,54
971f6a1a0f205466bc0a646a74687f86,4
d7ce9f77548d6d2b4df9fe0d7f66ba03,13
52ca5f2bc01517b9dcf5154764088f6c,5
0c5798b84995a487c42e1277102932a5,3
30ad3a7542187bee53de98bdfc4031c7,11
1f8acc6c9f0a39eb311f993837eab63a,29
4a4623085704d6585c9e0af3c8305996,6
4f2577d41745cb89516c43dc726beaa6,26
d14acf33722cf7b9b20807a7e7cec112,3
532afd9e23eee9f8d7603a953680ebd6,45
bd358f5784929c3a17267f94e73fc28f,5
667591a38004de8f5ac38395fdbd4310,5
688fbc5c75920c23c62bfa15cf68324f,1
7fdd34d208bbecc199e4ace97cfaed72,3
bcab59240388bc8e9a617e3bd0c06153,26
e8cd78a37c8960beec4304f6a8ec5de1,12
5cc28214e013358341eebe745a2fda65,30
3158a0b20f3cf229e16ecc6147fc456d,3
33eb3749d9cef14dec307636470538cb,8
ed507588bdaa38e78941b627bab90f31,14
4728c75b23be421c577d32bbf4f2b4a8,4
0195a7f3a9f792e37daa21b88bc87de7,11
0f7add623e64fdd240a3615663d83736,5
90f0e50d9258c160c67f3aaf58c53fe7,12
16ef19c7a80389a972f9121db0f9c0d6,5
4c41fe6b0e2502a6707a1e49a93df1f6,10
80bb6e8800dc50e24fbfc7f111231e3c,1
d454fd260e2e7373e084eb17b61fd2e4,13
3542e31cae5d6799a3c4378751eb62d2,5
f96fa371ca5407a70fb4c51030d2f003,34
5b67dd754b11ac728bec28539776e715,14
c403f73cb86a0dede7b5674ca4c1454c,85
57f343eb3d7383927bfde83eb8505f07,26
15dc590175d5163819719b4d9378832a,35
a2355fea0c0f747881cac1b716e71a29,2
b374465c84e23e0ba10785f7dcde9887,24
2f983ce8376c84755b71fc6a6de26dd5,9
9e8f8cb1ebff0f7b87762a54a1d3d2ca,6
81f8a48ad6206b9e8cf1118b8367dad1,4
6bee2c8596c8fac8f96dcf1b7263de85,6
cc987f34fba1ddad59e1894a2afe7c18,32
2a2bbe0274f9b95841166ee3e4b3444d,18
148e465a6e068c01c4382748c43b2b76,49
01fc360d349f717152a7d433833f99f6,3
ef69b1ec0e34d88bb7dec7e2715a1642,1
2aba5ed6d9ba450d7eeaba2d7fb6418a,13
8c205390be3a5c857b58deebbf497a9e,78
cd8e8feb508e4d45602c6a86f80830c8,6
cfc67601475cd3f1aea43964138b2b3b,3
98b98261c945385a0c9b13e3b4b15718,30
3f9c46592a3c86fb803520904bae60f5,30
68947b56b46a528a3b36b32c6bf93e82,1
1e4c2f7bd1463cba5ac675c5316edcdc,13
a65fc9f8183324cb4b7691823b5e234b,15
6bd4353074e616bbb60410a3cebbe0c4,3
2c0293e7ac898ab1d19e9de1e9894882,7
ec1ea67dee65ea66fd91ef2accda2cd1,25
03b71c763f4480990693fd81aa1ee1f0,3
0e7548dd09e6e1135105dbd4ec561517,6
f0ef2dc1804cc50518080f383e2e986e,28
29d5bce09739149cf6d51484c21c61a6,2
b6c0ce1162c077e4217441a4cc8cd07d,5
882c6e234e260c8a8bcd3a027bb0f501,7
9d891d72b3508ac9e5dda34ff5bce304,2
8832a52aa7dbd0481be89ea19a4d06a9,4
9a3e346c1904104ae39fb18a70f3b63d,134
f216ac3f6160539d174b0c258c169bae,1
5caad35a3e5d9c85df32f13290789e4d,10
a941db6c65a698a34e6d58bc2ee52b0e,36
9b5989555eb2beda9265c04dfb11b7f5,6
318d73e0456b91df321ec77bd86d2eb2,2
6586301b47eb5702fa2105185d1b3871,2
b8eae7efc8218644fd309677da203f86,2
76e8fd4911a166b3b4095e608ded2b45,5
88e56789249a02d80ae10b1aebe82156,30
c01e59579eb99e54320826f467fb7659,2
7ae773a21a7775a4f176dc1eb1682982,6
5d032f0431a7213c3eb6a8de6d58fa22,5
cd8f7d6ddfa410f2c7e6eac6de2611c3,10
8d7d8c78ab6e797dad07547992de4b67,21
fcca1b2f7fbfd17cc8789f2931b37da0,2
b60548228ef891b42a440869b14b3011,20
cb44634ab16581bebdf851565a6d4d48,14
0c0b981b29e82aba3c4484e4ed1b6d9f,4
ef0ab09fd3f27ce888c6a6429d26f220,26
b6c4e86c0854448716ebb99001d68c44,27
0a5063eedf355875e6bf70467c2ecebb,10
9daab1c6e4772041ce3ecc4e881331f6,5
ffafecf2c32e98801936c61eb45e72bf,21
9eeb33180c7101eb31dc0cfb3435ded9,10
ad3e1da70785fac7c24a80ab75c9480f,13
235d193a8bb492a5282e995123e19b28,1
c7b37ad09e0cf01d669cb33a170491f3,1
6235b0532f939c6258c1eee97622476a,9
6c827aa0f6f38e405ac213386c54357c,15
3e4671381c9d5e28b314fe7f6a87d74b,10
859e3d70f5a366deab6ccaa2325540a6,1
203dfc5c3943673cccf0a5a9d4685f29,10
195b3dd57447a1c46763bebd78aa6869,5
a5bd6cc0000e7c35224537d2cc9f896e,18
f9b1ceecd68ff02d11617eebdfa064e5,1
7e6e7b3073adce1ed46a8206a24096e8,2
cc8d34372474976d26e45f3dd6255b26,51
3534f5be04bd3445e0a4c74ed9dcab7b,51
a1d05e37ec317228abdf2ce2a9d8bae6,3
d220a7c290e9e7e11aa6321fb6fea181,21
de11900351b6e76bd3a4f1d38e8ea6b7,25
29ee679a71210a937029bb37b5b7820c,142
f0350acf5b6dce0e0678818ec4d51e23,7
9738944e2291bdc3b0da9b07adb6d172,10
0b873129790eff666720efbda343f434,4
8b84af4ef3ee09c3d8d3b5986c77d70d,14
9a7ab85326c62e4111506fe54c8549e6,10
bbf3e154938a8a659ca1b9637172d8ea,45
fc3c31b18b3a119e4fb593ab6f0cae82,12
0be58066d464e0f707af96e00ec64c9f,5
7b164a8c702e715d89610db9a79615c2,21
6660f738af30174c53be814dc1968105,28
4533bb21c15182c421b33fe1e61e4944,4
8e92c8d3d746ad215131df949e7c9645,1
64d421a066bee484ace27214d655be12,11
c9a92a62b4218ebfd5f741c47cc7086f,1
e0e9367873d30bbee8ad66c478b0617f,5
a5e85230dc8c5c9d30754a3eba9a1c8c,37
a473cc9bb0b256e48c332c1afe6cc922,2
0775a14811ab51dade04ede8c25a6fa5,7
9542c10fa2edf9711b0a64c80b171d7a,5
1951d2c88e33a9a1785179d0c8faf98c,1
1691e3833b491360ea306b3f1090321b,11
cca0e6aae89fce486adc4968e3d7a1fe,4
47713b9b2be913893fff077a5d21d3ed,13
f0bfe78e5785e2c4647cde68b098c41c,48
1285957e7c400cdf27c02d9ebf059fa0,11
1b9778eb2f7b22f46a6e35b73c046706,5
48a5cac3720f1f2fc9c0103fdbe230ef,63
7b1a312097d99a7763aaaa37ecf72d56,15
db5dc2121033c8c574039d2a438a6136,11
0fb8528048e20d3eaefa096bb9cc182e,25
f8484d8e22ddae737143aa6b0629819b,11
a0c3df1a8e3b8900ea12b98dc7e877ea,5
bac2cc6556e6e4326e28dfe42bfed8c5,1
2d518a3f84223bacbd9525f60c7011d2,20
793f3e11a164098758b3387333b34b42,6
6b60760fbe8b90920d0e3e8fd89a55e6,2
ad85347e46bdb3948d689354246a716d,21
741992c8caf0d4479d69084167f61d36,6
fb8a1e4799bc963ab508b5a397ab1c5d,3
508f442773a19eca02bcbabb5039f45b,2
828a968d4bebdba926b19dc2fbd60b33,13
bce15a1b983aeb99f810ca8d7d730a79,26
1b9b6eb0457b92fe10779704d4657704,2
0946e94362107ebc6be525bee720cf7e,7
3fb5f0403cd5409bfa757168c0494a95,4
caa299c2197ee27c653100a1389c2633,69
405cf40d5f0e98391ae627f21d3517d8,5
fadea53c2f45f8d0aedb60e834edc728,160
1916fd0991a89aa0619c270308b3227f,9
e9e79db45c2333965892c7c4b87b05e9,4
6d6eabd2f0cc57786996202583972dac,11
801c59fde32f502915aafa095c2e5b00,4
c0b28ce6d04cd00ea4b5bfc6447247a3,8
d6423b1f00dff52fd8cc8a10f62bb58c,9
326311521a78ed4b3d2dbdb71147882d,12
c520eb94263635c4c734db04ee148067,21
97c34a2c478b811401d099c0afd49707,29
4b3934ad76ec5d80c2adcc6b955c26ba,4
bd9089d6f60497dde6e52a1dc43e26f8,6
03e5bd8a8d3fbd53a7547756478e71e9,2
2d71378930d22fe07d13d5f26da3b505,3
f594cec659516f6e8c217167f07f8fbf,8
5cf29d2daecccad93b9754c9ac67a4b6,48
c5f1e993f192f5b375e54023d8bcbdae,20
9973bc2bca9f9b2c6e6443589321edff,5
e4605f73406369b9ce40071a619150d1,12
fc69e5c9d01a0cf84276384f6a4c26f1,12
f67e84968120ad92d3ce32c89a162132,97
d463d4df8338b44851232938a2a7787b,18
fa74fad1dff582b1a243fd6e9738d7ab,15
e32b0789c1adcaf0e96c5e1661d4ebdc,6
83cb39af7eb3ea4cf906e6dc36d83695,8
25a341544fa8dc081d66bde7c589c642,4
c9c7d1e8824805c999784b4756587428,9
d1b88ceafb5679924a24bd88f3f30c1b,3
5bc1fe17e769f982d79b2440641558bb,19
20c77b6be6707de1631bbe29430b9603,19
ff725ec06de5093e79f415b0af75c199,16
19258ef383f7a369a2374f1c0ab50d62,10
d91935f5031c670aac030b02587f4447,15
464d5ef81a4a9830626edb44f2444c79,11
b5257ecd75c1acca38200421d73ec914,11
a4e7c6ea90692b35a7b9ea98b89854a2,4
1207a0979d5daa80606917918202e116,30
59f57c1512d972c5d604ac782945959e,2
168fae2ada8a469d583f190820d258ad,5
87c27cabaf5f971f3816d20029e80fd1,4
09aace1377b3bb7df4d6dc120494630b,22
501c2d3cf97045449648d81f55403010,4
3bbf75040f93f1645e1966e689b1ef7f,22
83e9f7461f0c5348544f1e07811555dc,9
b8bb24502cc9bc004ec5a290edd2ac9f,4
396d054f22cf94066c1418347b24a889,10
d247313ed19200541766f7bc0460e0f4,412
21422d15d9c1d7734e9b77f117aa02d5,10
b91dafd0a53f4d6f97f7d41f23d86865,9
52a76e7d09b7bee4a7a87adbf9d87aa3,4
853259af1b87e12f89aa92ecd5e40c05,4
199570a607bbb69cdac12aad3a14cfd3,2
5224babf5596a558aa09929837c7b1b4,13
3294662edae571e7008abaf0d27d9236,8
415234be1def57c901d5859c77533fde,2
d2b995ecb00fd154fa21dc6c4989c44b,6
5ad8f9db64f1b745bbde1edc44d934d9,22
e63ef15b5ea3138a4e96440ab71f5233,24
575f7103afc1084b9bfde5a1c80439e1,6
fce69a39e338a9f2904279ec85237b45,7
75379451f173f49960b34ba28bb381c6,120
dc13d28f6df72497694b86a698d4d2de,11
f799bd53e56f46c8216af9dadd9c2f90,1
9341e26e2fdba8903a7c73abce118b7e,10
ef3846fefa2ca92cdc67cc8e952e5f9e,7
6c576263327ee3efc2092b5cf224a66e,33
678156197615b458f41c3154925524dd,32
f8b7b990a6adde90510f1ccd19a92d9b,11
b62a151daac2596380a6f13edf55009c,7
3d2987f056da826edce4d5d75eaec1b2,9
1f3610860d82ca7696923dd02773ccd3,8
58cb954074a53145a3cfa885222d8259,19
48897b928b510563373b2201d0a21d0f,14
3614fb4ed23b9c9fd78fd31e6899db34,6
d6e4e4284927abd8a3ac1e5af5809a73,9
c83cc9f4b8d7bf5233e0f17aed5ae16d,5
feb3ab406a3f3f6201f9b12593b337c2,6
cf608f8b5edae3cf931da7e7aa488d17,5
211160d0011bde4db482378120f066a4,23
4bc31325cdea7c34b0c8553e65797d7c,8
018281b303e6110fb7aba93ab3c7ec13,5
13376425d6d61a84e3e2f9247c89c2fd,21
35cac1b8f49a3953e572910e20988bac,4
c2a1f4e3d827ea40a9ce63d826cff090,7
3671b1840a1b5b452317d31644c9936b,17
93e3496e2d7b4835d75d5fc8f2d51fe2,86
5f3581789d8c4a6306c7ea0c4b5e5fd2,14
69d79de967941797180e1d368898167d,1
396ebd58c0f6468d3b473dffa768f647,1
71a8395fcac9bfb7b1888a1954668486,6
6399c05b965faed2f756c827afe4f3ad,5
8fa0ca698980a1a3e1748204be9261cc,6
04ca01d2b00b40affb2fb5a75f7aa343,5
dad5bc04468da128bd877bdaa9b52856,37
af3838cf10285e4d6603397dbfe4a005,62
9e478d70a1ad684c48ba506cdff2c7c4,4
64c41788ac0a58d962404775d9fe02dc,10
546001ae00b59f3d9eced44eec1fb4ba,16
0f73fb744ca58c5f5387f127eac13193,2
b017f98bd8429b45f67376402ab359e8,4
3962b278325c5d1289bef84927ff762a,41
cfdcd04076ff2f7d71d357481e8724da,17
e215dad8a50b20ab74444fdd822e8cab,1
e478aa28b8931b4d4d113e08d3370eac,14
f1513f3e17b325635d9df9211e95729d,4
288b47d281d079a23914e4b69d0ceefb,5
19c00213704133c54922edd3f2715fe0,1
6e92c1ff3539bc7e0497271a2a7e5303,4
f25c7bf62a97cc4227077919b6b69bb5,7
7424682e91463877cf65cc04d1d2f269,27
fe79b3fed47ac4eba9b5a00ed4126ec3,13
1c3f726e0ca89ae054e8e312ffaed8ed,4
d1950fcd548978a5058b32dfff689e6c,8
c3c07a239f43613255e3ba3567f46b7a,1
495cb5e443d16b22ad4bf7eb5b8c222d,2
158425972422ce0cd66e9a7b67b3d29f,4
5f33e653517c2229821c8e8f24b84879,3
2e719d713e8423cbb38bfebfecc94892,4
60049190eca474ebf0cec0cc86962d72,4
068ab7aa6af11c8fb63fa0f93a2f05bf,2
68cd264754f170f9f8dcd9742a562d01,12
0847e0f8f65344487acee95132e594e0,1
96ca7bbc145e6699c85c6210c2ed027a,18
0d9697135b26babde107a03698997b9f,2
dbce789e216ccad625ada743c799cfdb,11
e4b6e547c0fb8f3df48ca0d7ec0dba59,4
dae99d71684d2dc3ae636d489118739d,11
7a9bbe9b192d32d3f31593cb38d997ca,1
4dda78d48abe18f1ae17dceca7698235,3
6932c1e4680b6c6f0cd20dc66ac8cfd1,19
a91f0877d394b8546e8b944d62d0d95b,16
147aad1d812740c009e45cce7ba929f5,6
5240798843ee34c85ca82e1d7e468cb6,12
edc95629ba44c6589e9395bd9c444e7f,1
ddb7123480c212ddab7ba6f58dd89bda,12
28bc9c3a8e1436a6174cfddca851f6bd,4
b67cd28f221da966e1e47e22dc1a3d97,5
19ac998cbe77b441261e5920f50a6d50,17
2f1394b4c11cea763024815c81a77a71,8
559a94abfc47883b5d000639db2afc1f,1
384d4b44a68e32f56a72473a883be2e3,4
34ca9937e0b9e856a1920f2288135682,9
2a868c3b8c55a1c7f483559181db632f,5
6b01205bb32d93937e9078499a02647c,35
7c9cd0b8f0644f0b65dbd047bb8515c5,25
e0fb526a35607eedfccc9fff609c7057,7
398ffacdf69e7438a71cfe281ed30c1d,3
454777c0299d99db3f97bb92b4215fb5,6
0f20497e89fdbb43264115e68c531825,8
25812e37086f8b434bba75464ab2f47a,13
5cb7175d5ddd8793d84016a4e37fd792,17
ce3265a93bf1585b1ed2199278033348,15
d659720e1605992698bd0e12d71a5b58,9
c8e7dd17223e628d285dbe331da852b4,16
840dd0f9c537525a162419344319768a,16
e821671c37f500f711f5b9256d455295,53
f1e172a320e54d91e5a6dd98de695242,669
3a65582ae5278f68bfa5929d44b150b8,2
4377e5933d08600bdc7883b9372737a4,9
a081b59ab2ecd8edbdc67ef6022437b7,19
546af85b073bc448602a6e0852d1ddfa,4
a30f832e89a71d079e99b48aff8ec49e,20
c0c7b3a53a4d58cc580fc09cf17f3651,12
c52d75032b0e0bec2605e687a9fe45b5,7
5aa3b73f3ab3476359b18015aaff8ef1,6
df80153c7ea7c5aa66df8cf1f7820b9c,2
256aac1d3fbef29d120d30dc5ccf4bd4,6
657dd32920504cd6fb780e66f8ce8e87,7
0a8b627b3368fff4f39399a95e5ba593,89
b558c51f6e3cd37f21a86785b5fe219d,2
d03fb4f008f47c3adb361b07914872fe,18
e50b7f57adcdc1d15ec79d3bf4d43d19,22
502535ce41f52378c639e4cd8e9477c9,10
bb5a51b79b7ea3961d6ceb65d9232068,3
5003ca17b92d01c4da459a42b3fb8194,15
2127da75e8199a18a1cbd6962969aab3,7
83ea6927cfada086db5a7d6eadf614e9,4
05b02470cd6ec2ab41b612132bcb291e,6
844f225882ce0c567d3965756d2e6828,13
43beed647ca3ba48406d50551371eee4,9
53eac7e624c9d4b9e6814ce93963373e,34
ba0d95e1ca3a272dd99d2f52aae869c3,12
cb234e698767f09bbba282511d3cd45a,8
eebb3f33df377d91533be6622be3030d,15
736fa626b03f320409ecfd299f4005db,22
461b861d228c030d6a75bb7c3824fb00,5
b5355c44cb1322a51c9a201af8010cc6,35
9976dfc4de5df46c4d7212831a101177,19
091d25d88f5f093df7a4b7fb5805110b,4
57b70ba6a09a892b9762a98ec7d3282d,344
d4c992c9f50b44ae60461ec3872ce0c7,1
3b7e507e8ced30e9fffcc673cabd67b0,6
1cf9ae6528fd11d3c47c0ee5b6623e7c,9
b7f38d00dbd14b6e00dfbc8984255989,14
538d825f610b269f0ca54782441d420d,14
34e194ef9819302cfc90738c2e320217,6
a7f062f3e11b3a4e9c63cc9cf1508019,4
6bc07d41884a5327b90ae7c5f9442e5c,3
f54601284d49efcec7b53d6bb681d018,5
ed7fdecc84d692556e77614e44d35c88,1
71f83160b71ea75439783b2e80ef0076,44
a564e290191543d71af7f71ae666991e,1
922826bbafcb42491924690912bb8438,3
876e138c8d3122e93a6b3c19472ce3b6,14
5353f1fc118d2a8a21b31677aebc7212,1
c4c004836a2c7f03644bde01fc69c690,12
5584479529c834b9a244b1f373e28a90,8
010f094cd0ae1865c1b246102375dc89,150
e9fa252c7867d5c79853a71dc1be7bf8,5
f42ef18d6860ce66cf6ea118044cfef8,22
5f317a0d96196a9a71a6061a934ae226,19
218ff406f18452269ba6cb31e69894da,4
c6b0241ffc5d2833027f23d4a4ff033c,31
d9089097fb07aa1eba9144bef7e97340,3
db8317d7637e24ecf0c98acd2254b5f0,2
15b9586c1457898ecf0cb112da611a50,20
c9e0338185013c53c4255deba68d86f4,21
599c89d3678b3ac593d229d86c4f4e23,4
6ce632e5926ed31ca8c102ca89f8e4cc,4
4fe8638a8ccf8f414082f70a371463e2,27
b223367c09b3ff86200eb48caaf6f547,2
aa4ab7b7f4d89ad5b2c37a10b47854e9,4
8d1fcd5667c95c4c94cdaf33683e3bed,30
580e5b3debbb1cac5d5740855234b36e,166
570e5755c3fcc8b28ec1262533b65486,11
7c1d2c0945b51809900fc63d8c698e7b,28
aad0103a25c75fa6378627e399da6cd1,19
5b2a2f933f13d26394f36c4d9482a13a,159
42e57d99f07cf81043bfd37fd069eae0,3
e21f50320c8f3e5805d0cbfe09ad80b8,1
e7f6bc839f387f4dfe84471cca621589,29
55c3693a272bfdf717389a264cfb46f8,17
2f4ee8ef976d92421eeec2a5b8bf573d,14
94ee5668243e7bd9de62877fcdcf3b47,11
6d38313a5572283c4bd342d03c10762d,24
34e381fec37bb7b74ccfdf8e9cf0f7d4,17
c9445175fab6b025c40a5b2256f4369d,17
906192b5704b6f5c09d2dda72d5733b3,15
91912b6f77b209a0fd49b4c4762717b0,4
47b9e69a516a5543e2e0ed0f6aa98d66,15
b33d20cbcda7f573085651f7034620fa,7
c3102f855617dbaa3d383626b21f907d,2
c889c8af0a8913b2a3b0b2d48116de89,16
a45b839f5606363bfa9ff27e5be97a1e,8
a98c6e5e06bf344917481aed4cec430c,13
01ecb29341e6c31f9bc8d67e10278e48,85
87cd052d173fdd74f09d355eefade66c,28
4f11e7af7b4c37c8fdb8fb89a02e5fce,3
90cd646d64358b073ddde8a1844f1261,4
25d7ecdcaaca2c787f9f06976f98623b,2
37b4479fd375593307fd6d8316635d8c,3
b53663fae36abd96250fd7af6e252b41,4
2aff39fe100c45ea488b535e716542d1,28
fa5d6ba423a4ee3f450f0f2ec245288e,12
98b4d70a528ae008f3b5a1c63b1fb413,45
a689508c0b75bd36fda3e97c943670b7,68
6edeaef4255a8f53f6c535bc8c4adb05,3
fabf8516d419dbeb4b35ee7383485b79,6
8d2792161dca32345f854b0a23ca60a2,1
1ef155c3c1d368a254d1226e7a6ec742,42
1530e9ce4d205cb46c9029ec421e2646,27
bd03988a154484a588160d73713e5a9b,107
0dbddd564049749234b9b425c0767831,14
85b61db68c7d5100d0e74a78c2bbc65b,5
bac03f590c49532bd79d4a0e22900a7e,3
b919cc78f9a17646dfa2b4532e2aace1,9
0690b71e1d48a863d16b8a955bca65d4,6
0ab2749f81500eead564153d387c3eac,19
866a38740c33ea996ed9c628e3c73e94,18
38610ddc63a18033843967027c635edd,11
b613c8c3bb73c903b91e16ca4100526b,8
e7f72a7f43266b1e7a9e01ff1b0b7483,9
ac73f4e187573bfa4cfddeee48da5bb5,16
4e949972e3f8cd116b8e9e691aa43eae,46
755059f538f15cb4d523179dab2170fb,4
3a7c188c0e9b8861511f00db1f6761cf,13
a70605f32d953db26477ff04a68f5b5e,10
91a9c6892139461adc7f94945c02e853,14
6917fc5468156c07c63becca93113ed1,2
3841846da9502762e86551e5f5ed81cb,30
5f13bdadd358c8c9b52f3008b3b0c41a,2
8f26aa525a262544e6ca47e6c20dac93,10
651a768fb1ddf551f09f39c657d86e6b,9
c81ca87a98aca588ad83a23b8f6f95bd,17
4b0a6f89bcdc7bc2943294b8294423b2,8
7d87a9d492958456e09039ac1bf2d91a,8
06f5bd701839aa28308b4c33ec893b25,14
d95d19069b3b3f9fa73ffdf3aad0c992,6
a41afb4033167b34a06388a35c6fdb93,7
1d7d2070b4549ff9d8fe8bede6d3cd1f,7
1ac2810300ae52421cf83466b3552db1,4
a90719694a864c494eb54020bacd70da,7
900e2bb53dd4ddd46f4f053f1680836e,6
1d3a53ffc02ae1f73dd27720cdb6ba7e,36
27a36f769b8543949c9ee0f4edf5c5c0,1
a75fcf6756d7327735afcfb3d69a6d73,17
0e1f5cbe86408e1ca5bbcdef3f0d4686,14
e42f58677b7087f0d9a16047368bd67b,6
4b0653a0cc123dd98eae697a7e28b5e7,15
81bc59f5a0fcaaee1fb74910ad7424ef,1
1464f06258c969b2246957fc5db99b4b,10
bdc547773d2d280cff8bf186418f8afa,16
1edd4a0d572a59d5876ac330d8b9c89c,11
06a070672fab637546a1c5402b565e65,8
114cf0be9f2bedf86aa1e1b4adfb6af0,5
78c88cb298cde014d39ed2a22b386443,5
abdaa598248974bddd3292bd1c700b09,6
0d890793e774cd973a9349bf3b000fb6,2
4dfccee30afefa18b88abd77a9138371,1
377648351cb2c5ee7ffa8726ef808a58,9
60c72e9789b0fa672e3cdac6f47a1eb4,10
b7cabcfd0b9acbad53b0a916e7de9f6f,2
692926b3c2938d06acb3cdd5e2f884e0,10
f6f8ee3219efafa2541556545741ad89,13
75715f17785b432289b59e2537e0c460,7
519ef5df2269869d81fb8ec0982c11b5,4
289f22fbfb64215f52321a03a8fd1b11,10
81cacaf3f5eb6726d6c37f8144afb6b3,9
8236f29f5a927664d67f4b66a0d4e397,22
b73b6c3f6e6a7a28e55e1d87272f05e4,5
8cacca563fe1520592e3ef681846017d,75
c437837ab718b7ffafe52b20d8019aac,27
ac8c856469991b4967e4c553369ce90f,8
c14a97810afabf552bbeebe83932f7e3,4
5d329934344cc9cb6071c777301b55a6,71
a7ba4fbb1f4326540960a1fcfeb79676,61
d8dab2e259565d5ffc0b4950f2c3ca01,7
24435f4baf5f38f74f03e2d9dc70b5cd,57
bd5b55e638db6db3357565f00fbb62ca,33
47593af736c6f2375478c9087860eebb,5
3c5a7a50473a6f9adefd356456199f5e,18
d838a460cae48439b58b61ddb2500a38,2
063cca55d650dc74d4adb8f1741313df,14
9be5e845917c4ae20478bc86769be1e4,7
960fb45bf893fd31aeff99b2e006a227,4
af8a66a2824c011c33575741da7d0913,8
533f79784f8fd77ae324176b3bee461c,18
b8bc672f0631dc44a6c0cd5080b72f2e,10
5e396b25f2c7152decbfc63c65506446,6
c4c1f50112f756a6bce2225bbc19d22d,8
944b66ae6b15d57f7c988f44577af1fe,13
e9af91fff07976559cac2ca2c53f797e,662
e86abd0481eb707135e82d181a09c026,15
194a3d7d63f462ded347175535008d63,31
d7030b4f825dd3b2caa276aadffec47c,1
6b2ee4fb4cee8ab22a8e853fff33b21b,12
1deb32a1391faec93c15e4b4c75355b1,18
8618cebf985bd4814ac1aae0bf06ba78,7
298eb8eff2a3b82b24c134cd6f96752e,27
63ec760a565fde2899b551fa32a86b60,11
ad9040ffe7c1fd517f8998cac9dd3c23,9
0972020992b037c9aca6b6878329750c,12
52ad304653612345cf0d7ce97d98398c,18
f41df0303a939c527c84c7f356239907,24
20db5e6e7d0e6837cd58f1e16ca4b2e3,10
38097720050ba90204eaf81f55338608,13
cc7f9c4c10f5b4b5d4d4aebec4df1eb9,3
7046ec471b7615325c4d881e8cc5d004,5
ff192e702c2a9c11850a63473209811b,4
c4aa7ab718d2ed8c1a8abb918ec257b9,10
4896bfd349b50a3301dad6f020aee4af,120
e238757e052317196045e3638a21d012,24
d591fb330844e8bf856ce5cb5795fce6,2
de05bd65e10f206ece6aca76c0971803,9
31c98a1b0f800fe7a8d9fb6d2360efb4,12
70a3a182857785244a12494b2087f892,15
b410a7f011e7992d1df207dfb3a0d025,19
91c9f0c1f6b399394545e16ba60685ef,19
f110380fea07ab526bb7f90c34fe96de,4
e584bd2be58467fcc5be6374a662ca0f,28
54d95a2d435bbd333875f163c87421d0,21
a3dc9ae16d1961eba71db128d3dba2a6,27
f6870bd29348a1ee1182fd6ff92f0b9e,21
c4baccae95312c3ccca54a1951e20dc9,1
9b9ce5614c1d60f660743bae374339be,10
6aea47e656c05acb62052463f8e53a3c,6
c55a285d9126c59822ddfb9177f8b244,6
eec90abf04437ac0495746a6a37056e1,24
3e9a09f3d05d77ed67569a7daa03a6c8,12
40a1951cebabf6f96699ab2733fb6d9f,3
bff4cf24610266eec3f7a03994329dc6,2
e3633a21f58cf8dfdd78088007d64c2d,4
6ef2636f8ee90d42c7350748de6068ed,22
1b6be953d3a5d7388647fb7c3437b9c7,9
d2ae6bdcee118bd4c846880bf0df27d2,9
276854179be745e1b1fa61eaf9b150a5,6
c385af0241e959a8eb13ec217876d20d,2
c12c55f87fe492ea5c0d78dfc9b5f9e4,6
0de07983cf8c156561926e8f530dff75,7
593b47350952168348d7698a95ae653b,1
9796a8a668a85aa96a1525c1441d1cce,3
eca5714bacf0760bde8e4ab428b6af3c,4
f73afa69242bdaa5a58197c556b79ef5,6
23e15582a5b69ce9b168c32d655a8274,2
aeb10522d762ba4baaa436f6fc0437d0,5
f3465ad7c07282bd2fbe6070fafebde6,11
dec71b1ef629a8958807b18df0c4e27e,16
ecc9c7d7545250aac5d71aa5891c966c,32
ade17a9fbdabd625dc59ed62649e28a9,1
7fc7e6186f95c43d318c936e69acbe2b,6
0ba77cd49014c4efb5d42a5606fd0f17,32
043cc1bae7cababefba768d7daf262ab,8
fdc5f9d60076ad9706fc7daf9bc641be,7
3d10f46baa581688f3c46fca314d194b,6
87ef4c976aa6f910b56bb385d9f9481a,4
85a8e9e04daf3a1a4f010fb9ce8c1d76,12
f362c47168dcb8bdea8e2b82e0c84096,5
91fb1b3348b42c2c472ddbc90e9fef13,18
22cee4f4036cf71cd700080723de420f,14
b1b62f79971f0f487a624208a5ff84fc,7
815349e94c6e08dc9a2f078aa5d63fd6,10
1a1b23723adb5e51a40e64c7cf153f96,15
2bb95da757e32e4dd7ba4fe4612b3f89,410
1482cd753d44fe4dd3c0b986ec2a7379,36
4f14016cfc2898386a9262450ca18063,7
0ce77a9a3d86490a8ac2da632ffe4c6f,21
36f40ef7034973b503ded8934c25ad1d,4
f10406900129e7afb475a9fb930ea215,4
219ceb517e24e6a4b7fce402218caa9c,8
7cdf0d36164255ce40fae4053a88bc72,4
28c4a0b06ebb4565fa9c725811345ef0,3
c61fc906c0e37249029064885c1f9103,15
be548cbdc867ab8cfbf061ba64df9d52,1
d9afee6761a2b379a1681b39022508a2,1471
5a02e0e956fdd68f41c88b1af685b96f,14
c2ba1368d4411ade65a8c40aea43aef4,13
f164da1b12b8aa36a35734f3b571afe8,6
1ead99d2e645ca76da61df821822bc71,7
0fde0c618024e280aadc1d8f188b58dd,8
3f8d9173d4cc8ee0060b67d689caf906,33
f0441e7349b4375c93d7faeccca0fd8f,36
8316ecce88e9ed1bc1c4dc71c8611461,8
c5c8202d4324b035c81ea91b9c97da12,8
5c16756c80c16c597b406e55783c249c,22
7ef31b704b51bbe5e1d07e652ad945dc,7
91f09cc57a7c50a2a1f26b768e1b4435,70
9c9641dbe06442c6e3fa3e03e82e4901,1
6d2173a1aa665dd692467714355136a2,12
868274615edbfa0d1ae9424ca8564c08,3
5f85ac769590712cccd921097da750bb,8
3e15691e8634c56fa73338d7cddbfb4f,8
6961eabf495de69d491c43d2be8dfc12,7
f18b7338237a5cb313e6cf2473048702,19
d0302d6ce4d3501c1aef6c6c0a5c51fb,11
662d3ecfe7becbe0323372675e29fe65,16
79f8f9f607ae7ee4edcd07886d703f5a,2
13daf86dfd8982e88640c03f994d28b8,28
0d7439cf2da879ac7743ac1884d86736,6
5f3e4707b39b2e2a445605cbb02b72a2,36
c9a38a6fa394800041b9750d292c7086,7
5dc66d70463196309e9235ce9eb5a0dc,3
a2c31ddc3a0b79f87e5d91958f805478,7
4ff2cf552788774075162c44d0c0b445,9
0ae239897518c671f1f6b60e8c363da7,9
141a0dc11d0aa2b134dd05836d08d602,38
003aefbba2bfa7e6ebaa2492e5e19417,3
d0b0b6c864e6947a7c1c42f7cbda88f4,2
7f817694d4eeae50bfb3b5ae0d4730bc,15
296d832204e8f9c7388d749d1e1fb42c,2
749b5da4241bcfeac96f48b96d9d70ee,6
3f51ba11f479d4b7a4125d47030f6cfd,5
9e3e2f6e4122ba2b8bac28719e0f18b6,27
a45420de634f678d54259c41289fcbc5,11
65eeffb515f9cb2d876777fbd34d7ebf,3
f085e19418e847cf8a9059a5526319f9,2834
19ab0720a5aef879b37778d81b00342d,3
1cccf32de0e1b11e97df5e9aa336b731,1
71896d20eb239e39b2ba384ffa125bcf,18
49d078e2bc2c3211422a6eadc462678d,3
044236eb4d8e2c18a00ad85ad70e17f5,5
11b1d34e33ab84b30b189e24b66c015f,5
88ebe0704892d540e2f0a1381973fac8,2
bb4ca9d3694ab42bc515d39dbaaf2f72,10
31f58ad04b4e5aa5a956d0f7562c1dc9,7
8168f1126c1b2d8b5c51e330dab9d84c,13
6f6300b181b360370c7cf75ac8150831,7
c1aaa3c3a5455e00380b8e85b34b6055,1
aeaaeb6ea523a4a43ac5e3333c718c8e,37
a5a9c7380879f6a87a4c2bfb0c9ef6a0,10
2131abc247edb40d1d752fa6fe2c66c3,10
fc6c48295d195665641726850ae4c6aa,10
9b260f3e0a7fd82550683cc917fcea25,20
fcf77ad96da525f9a1f8dd637c77baef,72
55c91e33f4f174a08216f4c9875295ed,11
96184802ab37cb5384f68fe9cd5f99b7,8
55537172025336b96d6a0609fc1efc81,9
7b82a4e3ed3db60284c8527dce9d0830,23
716febb9b15f880557a97418b0cfecba,4
d53e469fe59e48349ed65eff469b6d96,6
733c23bcb8349d918834b825348bed7d,4
da98df786bdd20fcc12c0d1c5b87e655,11
1754f4d2079a1b93f5d6eddcba016b30,11
dc39076c1b775d2e9d159bf4cb2fade2,26
f166827f01d8b131b4f1b2cb8b162193,1
5967c1c6c163a403e299aef2633dd7a9,4
f504205628f021a7957410a5642b6efe,5
9998c713bf2000cb80d6a6bdd20c500c,151
badc991b6e08ca125beba2bb60ac2f9f,5
5d1ff7100b155429d888b387220c1895,44
b94ca0670ac1ae3b74c797a87c11bb8a,2
f3f9c9c164e52236cb54c46759ba8d01,5
4c9e30914cd29fcc6b112d21e484463a,16
3a51c758755f39d3814d542639e3dc0d,5
1b0fa9ea6b16452a20c970f605372b3f,34
62d44bc4c8a45e23624a221cf1b21942,1
054f70fd300141e786c6aa168a306a5a,16
74e604ef1792a4e06df4c3fba08088e7,1
df2b830efa1ac07aec70e39f2e620b59,6
3187ce5e544d3d973f2098ad4af62bb3,5
a0dc5e625924e3f364a69092936aef6b,30
c2999aa1697e919cb41beb5ee4cb4bdf,3
e4abde035fee272e324f491f3e5d6f3f,10
efd7f145077b872c72031d8507378183,44
dfc13c249db50321e4c3e8ebdfe441eb,10
2b8b23d9f36680ef9ad1e49b72677559,6
62491facf76e0f1f5cf1a7a41a18d720,6
58bd356109f61dc8aba082335828644a,6
a3c2d09690ea406baf7988ce2d149d04,28
009183a94581bc610ff76ba84dd9000e,2
903ea4118d892db739cb7d786f34b52c,13
d8c6718879dba29e708f1579125b759c,18
5b6e65d51cd76054a8b1cb2ab74c29f4,11
b9024f4a85a6a6d6e32a7921d317a33a,7
1024e9bd62147016cf137e635ed488b0,1
dea57a768630c08a637f5c94d73f53ed,606
b4832c5b4ae55c2a716e8488d7886924,8
5783517ab312e6de33c0c22e32622034,12
5fd36a2bae392c907deb5cb8e6d4d053,8
f924932db6a2c5a25f51dc8837dd1b7a,84
80ede0a3e9936be33577d33a82eaf7f4,4
6065d305faf2e3017aa82fcfcdb6b3e3,3
15f04bed40a414a5cab447bcc835b180,45
b14fb08550ac8f72c84387aa710b3fc2,35
d6c0b34c1f85463080e6e69e0c7450ba,12
ef2574eaa0cd69b4e6b3ae89045d67df,7
5bf6afe792fc470f2f261c6e96abd7f6,1
b95055cb356ee836a60cf22e2f3d893c,4
cccd274751c3fbe489953b318ac024a0,5
4d83a7a022eb2c5c1554c65d81133b94,69
9dfc2996f29e46effda7972363f5c0f3,1
6dbe201147bae4b134d2cd9150d93ac7,10
6a6b745dca1eae0b9ecb61a6f13ee2e7,9
be8ef196356dc8790b14a6fa84cce06c,6
c514e60a4d7c5a40c40ab1adb73f085c,22
9ac6aababb509353903794800d710372,10
f2d391e4e5137ebf938abcc82edd4c65,8
3a7d29fa88ee1d8709af216a8aa84ed6,2
802e2a030a406340869a31fd7c4d0776,3
511288757e2a292e6559a59a5566a6b8,17
a33515c56bb3614b3f4925d8d2c5e287,4
0375e6a9add5dbbd0c938407af69cfe1,11
79e2a0a86e48bef26685eb6f37cbfd38,21
fbfa73d673ab9da2098d6ce9c74fbbdc,5
cb94a6446b42148d59760dab5f7b0b8f,5
b80b85a45e4c59617355b6c9a4814334,19
2002e6a99ec234ab009409e92c03243c,714
4660965be686c4f6d1bcf95b1619845a,87
dd28613ec16bb9da1cb82312c71533dc,2
393bc1a3842192ed2cd0a932d7cc86de,9
fcd46c5d29c130ab7a4d4fd93c53980b,19
404ae9cd8c306905c0d6d9c70c6aa340,419
482aab2e859d2865f2b3d50bf90c5cdc,4
0c398dbfa2bc45d1c1134131ba67d35a,3
f3f9df17db6705b211dd47287416c180,9
cf68e74c36ff618fa90c9981f38403f9,8
8f5a77eec857f76876f169cd3badf7c4,3
aa587276339f607097f56d162df2a55a,8
d6ad6da82654e1baa437234a48c34792,2
79fa1f9048ea945a9e42c810de8d61e2,25
23195e6996caf634539f7b81d90b5565,8
c5ddb182fb67afa9fcb1bba7892e04c9,9
0618e70d9193caa131354a032d929e37,3
1507c0c88b8b3f64fc6e8ad21f26059a,4
ff9b26e42d73e7f8e509e383e63ba878,94
5c9e30b036a4a1ea69c892fb5dcc30c2,1
3bb0e556777776875e983980b4d4f889,1
5a633fa9e8956386fc6d8a48c6bad871,10
12b294be61d41826254156e742fc07bf,10
9b13730cebe9a40c7128cc7d2310d829,2
a38adbae4e1045df59fc28f92e6e16cf,28
922e4bbdf94588fd39a65c66c062c141,24
fb6c6493fefc28a1237e4936e40515c5,19
83e19586eed02a194d7386e34f24b94d,13
520a58e7a6deefa5b3a723e29054691b,9
d1d3e7afb90bbefd0d4656654d8b217e,53
060a87b5617626843b826abe09f1f0c6,7
462ad982bc800416aec68c8c52696aa3,10
d5477d50bbeea65c8d9b86685ed2c675,4
879e3591b67c2b5c6341069ff70a7bec,15
658b016d5331a96d5618fc14e01c0c5a,5
3102d3fd9e98cbee8d8bf444763a8d2a,8
9bc32754268ebefd239f6c4668700986,7
62c70b5223e4618e17320cf10c25edb2,5
8eb534eaae40c71db4225e4ed8cd66c2,1
6eb384a52da8d45ffa39c934a584e6ab,6
df5139a94c6aa0d198eb2fbc2a1b1938,1
0e52d9720a4e70f29015a5de5f286d14,22
96a45fb7034ac8bff22f3fe7b4dc13be,5
8286bfd3df617a4fd396612e564b6b89,8
0b54ec0a42f4f1415d809f0ae11e66c3,24
7c362705a414f49ab7a43649bf65b3ed,8
cca86127aa856a4b17a7d96d31cbb016,30
19c8424b86e01477443623aca81df573,4
502f925985536332781bbfa91e98de2e,6
fae0302cd8cbcf113e8b0edbafa6c7f3,7
6f13a7014cb149af128ec4f54010d705,3
a44f0ef35096b68041a5c54f8f74cf29,15
640bcf40c1bd16ffb9385b24fe147588,15
767d6966c21118b3eef40f363595a6cc,1
e98be18785943458a964defee1d56914,10
a912a02dc9315ac26e4a7af42909ba61,2
4899cf95a2601432ca6c5bdbbcbabd82,44
74e587ecd55f7ac41d3d8c2bc807331c,4
ce4f3e84f13afa20dcd1e6936ecf6040,1
582bd75de8f86554983444ebccdbb678,11
758767b62a61009886ee34f1dc5f6082,5
