entname,idom_num
6b1eec729265f2819ff351b45ce766e6,1
44f392fabc07dd68bacf28b0a61d7a71,1
ad9040ffe7c1fd517f8998cac9dd3c23,1
b2b30fbc55295d18bda8f40d548ff737,1
f8bab6eb95783ceae98681824dcbfba8,1
c6d0015ba7ce7cd8ca620416cc8ad212,2
fc552a006741432bc8b59b42f502832a,1
26d4ee601eb0a3656b3ac9e489ca1682,1
759111407c898ba493c6b457fc47cac0,1
25d2e30fe6b0cb75137e53311868ca62,1
8783bd53f7f8a3637959a6538b8adad0,1
96ade53421eb799764a1ae02cae9f19e,2
34f5f17b85f6c8016a79febc958668e9,7
67bfb929f150045a65dbbe33c12e6387,1
91c24b9381b2d0e18538512d31a4555b,5
c8223280305d8122fee228aca3d198ed,3
968e2bd5a6515b6078a090c0af5f0609,1
4b45015ad85ba8bfd73785a1cfcffa01,5
11eef9cd0d944906399fb2921c401540,1
512586822bab894dfe0f2f7f68500b9f,1
ea06034e9d68cd8b11ee1ad62e4a7e70,1
eba4a49025002488579b52808d97e1f5,2
87f7650ec23dc5be3b4b522210671489,2
43cafc79a8ddc945b3043aa7bcaa0406,2
b012b3554cf0e27d78e9cc86e719f611,1
60ff62299a3596fa1dc6672e4abdd3d4,2
aeb878c63971bbde8384fec54e770ad3,3
4f867e13fd29566a118f1056855d0604,1
779548dd8a28c3c3a90b9f8ab4ef405a,2
fde5817404f1304e53ddce130f147c7c,2
b581c1df85c75d251fe7040a454e807f,1
f932c3986e18e9b493a7178a163b710a,2
68841cbd8e64a5d13c8babcdcd15e641,1
3ae8f666f0d6b36eabe356fab80473ba,3
b697359fb6b211486fdbd2622d0dc9f3,5
0eb5af51bbafc189fb44b194e87f0e34,1
4dfc04e1005f1fe7e3b1f4422cc1075a,2
944445ac9bb9ad8c1feaa248450820f7,2
ab1f841f94a71f5e2fd2d85acc4c3161,3
f36a2be8348450a09e9282f6e7d3bed0,1
d54dca9b53cc0f7ee4f2054fec0ff0c0,1
5b315bb643c7d869874fe278feb773a3,3
7e40de1556010c15b7817cf34d8f254c,1
9405bfa33f8718e9ae862f752aa395a8,1
4bee983e133f01e8cfe40cea9f56c89f,1
6d9374e27de5a588d302d9824e33087d,5
16cb3ca069ce3ec94afb8a116f24e3ae,1
a4f55534b06f6858c56c95d1318cf0da,1
6af07a448e9d74eeefbbc8799e005fc0,1
d7c9050b10c27d862a92841a1a261f09,1
464db8ed101f597d650cbc4e3dd46f67,1
1de6d6bb3112058bcf13cc22769fc83f,1
e811bcbdf42d7c367e0f262afabd6346,1
dc2ccc65f37bbe225e07c9c648a7b532,1
56cf6028beae46a7f3549f5369d3ba35,1
cfe1f787299a4b6b5d4af5de3e44e4ae,1
f59ab99e3d3a044576ca6249f9fa7de4,4
e915218f1019554d561deb75d372bb46,5
9cd0ed2268c8b163e69f74b7bb1aff7b,2
5fb25b43c76c21e9e72e7ff7397702e0,1
99e7fa48a1127b4dceb114f16c6e834d,2
b71f0f407c3cae6a8adf369a47353faa,1
9a4e5a941e66ff14be2edc76729f664e,5
2f1561c4389cfe9fc3085fe58b1e6c9c,1
db44ab418dd5e10b8dbf7ce90edde223,1
d0518cbf09fe0247bd4a2a3b49af4ca0,2
cfbf7baf7eec18e557f18df3745a25d7,7
8167b871963b1a40ee5e47c4ac427529,3
6c922df1295bd68eff339f272d6026ec,1
6a98d8a558f31bca6b47591d3f5e5191,1
8f6d1718ed8ef98167f3d8291017d843,2
8a6e18f3fa70a0191218ab098c669f9e,1
3a6ea846e0ec526a9cb9a2f84c82fed3,1
36270cf52241f96286b19ed09a2a426d,1
41078f5ff8940370a824ca2701eb7cda,2
e46fd10ae73aa63b3c9b5936b8851c03,1
cf673b52d3d92e995009016350d7fdc2,1
b9243adecbb89ff6003f7d5c9b5f54ac,5
eba4077d136eadfef7cd88d9585e7440,1
31aebe2ae4b2041d53d52a1526580870,1
b1ce82bdfd7f19c7b3ac3ac4dff15e14,1
86d74478aabaa600efe754bee12c32ec,3
26197972f75bec76a1fa706873a091cb,1
d493f665f0e2749534df5c543e9ebfea,5
0b5a1afd892d9df111a63e8d1fe8f5fd,10
72f9dc4a54e1d9d95aad41828d726d8e,1
c884d74a6faffd907285b0c3ca5b93a2,3
543b3b6a91c3be24c35c35519c8717fd,1
15120b89208a4f7d66f308eda71cb5ea,2
76d721de043490f0b9541d26a776b960,1
727d15f86fcec2073fe56dfd6fa68e17,2
51a311c340f470f5e1541654f3f4cdce,3
d3c986225259539c33ec7c18cfc7f85f,1
f3ae02328c2e88cbb0f1f721dafc4794,1
ce7666c91c2ff956b3d942c7cabc85d9,1
42bd572064f7c9227cfe3e0cf0cf1d5e,5
f45f9c6ef98b8a7d527a933e14033b6a,1
c240e1699d2ca579d17ed163cf3e0a49,3
560fdd8b47f31634f728442bbdfd8683,5
31ec900cb9bb3b5e8b04f656829b53fa,1
3a9cc62da5edffdabb1d561a67dcb768,1
4820d95f093e385b86c81156f7c583f9,3
f84ccb4feb9f4e7a56fdc929389c2ec6,2
547b01e000701c87a3ef8f1038574460,3
af7c0d23e2859e29ba3df89949441869,1
eda9ae799825ce2e03579426331e3ed6,1
1cd2b00a78973375fc8877e6fd55341f,2
def08ad787460f9b18e8a18e8af039dd,1
1d338660452c90bdb8ddf79c81741039,3
119be3e6abdf2ffb5c0a986633049998,2
7ae2483886c0963fac64b97d76f36f74,1
a8bfaece978b2af65627a6e53a182e99,2
6bbcc6a07962296101a26ef4d98aa808,1
1605d1a81717a108514db69cadb8c219,1
7ee86e60f25c6c65479af9f35dc3f29a,1
d1d7799c2ca1ebbc8a7f72dad302733c,5
1d52d4aa99eb0bb3d5ae402f9018891a,2
ea23120185334db0a5665721f92f2bac,1
8b73878e76359c90d5852cdf7b92d5f1,1
961aa737f41ce953bce415c333707df1,1
4713964f1240d16bab10e16951f283f5,1
4a3336537fabbb07481b72b8fc430859,1
d9a9d4d7fdb6e5bfd7b663f515ba2937,2
b27451cd1bb280fbc18cfd649db71aa6,1
6326dfd93a10e72c721e0f61e603a1c6,1
ceb0252f25e4b611c9fc27e5e5437765,3
ea5c9e091a73346406ed2ca15c2683f3,5
1d357456f550a6575e09ad2c606b1194,3
a68ba959887d3817a5053212f7c628d9,1
63c8849f9b5c5f55deda56d0fe5cf8e1,1
675e89134c3e9ff8f1d914247b74bbe5,1
590e907e2052d83791e68c3ea121c42a,1
bf53db4e3cc70274541198ebc22b845b,1
562e6573e02143b1d5e8ccf1cb17c2ab,2
23a57191afb582e3b5b19d605ce5ec92,3
3df4f4dfd55ad10426150752f78473fb,2
60d53cfe2cbb85c62d3fdb76fe7ad8d7,3
e72e1b9fdfb7f4929492c0bf9a79d5a0,1
f7a224feaaea6006462cf04b7da2c477,1
9e873949d61429c5cb48cb1412a06355,5
0caedf5b20c762d3a23b63aadb9de740,1
144e71be09e1ccda72d97d18101433e9,2
6a41ea8d6cfebf36e0bdc93ebbaefb77,2
6c05e89fba96a5361a62233f26a7f385,2
fc1ddabcae9de1afba8ec4743279692c,1
2772cf29c497ca39beb8d1db3784d2e7,2
089b9df396fc90234933ed440cf58c29,1
e18526e61539a6122f07494726d4152f,1
fce49776d69ddee05a05cf69c7f86111,1
0be5b618d1081f6b43a25c4358afc4ce,4
a941db6c65a698a34e6d58bc2ee52b0e,5
646170e7e5beb44131e6a6408e8403f7,2
0a5063eedf355875e6bf70467c2ecebb,5
8f26aa525a262544e6ca47e6c20dac93,1
f29d5f11bf77402c5169e8a68e31f136,5
998780fecef6093b1cb9751227308e81,3
a7ba1134fc3b86b524edf505ba9365e4,1
437c8346958b3b6d96dadb1e6115fead,2
919f8a9c080a5766500be79e053f67ce,3
a013beb6bab663d9888bd10e32ed2f27,1
0e48a466d7f294ffe93c049cdcfec533,3
1e02632967a2e45dc1aac5535e6ac1a8,2
c18f6cca9163dcc17e84cc2be118ff62,1
ea79b778c752ba5e5e0bf730c5f36a2f,2
9984ad100e9ea35dffed29b96bc2ad2f,2
dede1ccdbdb5074060d0976dbd64964c,1
2192a55608fcf20f9a4f67999aa12372,1
319b9362b384d93bc63bc290305c88a4,1
6df62c1bf8e7084425fca4dd3f973962,5
05bca086879afc0dbbe8bc9e8000ed4a,1
a21a4b08f32a9c284825ac5d0292cb2a,1
815cccc1ff0a49bed96ffed3cb208871,2
178d86da433f8a6857133653a9d29f5a,3
464000b2803fdd8e072ee6bc516a4705,1
e9494ace1e75083811991a2e844c2ae5,5
628a44e722bb148abb974b99cf8f4ac4,5
05bfc800f1cf2aa2562203e1f0dc0994,2
f1444ed52f99a924e35bb2eaecde5cca,1
eba5f3d12ad291a48ecd97d78c399520,1
752830fcddfa16ba47b7f51eb27b4d3b,1
4925883107bf7616ee30dbaf4b585fe8,3
dd55fe6d44dbfa6ec2a83b5daa91d253,5
b18dedd327ef4289532e33d9ab9f1b2a,1
cee6fc9000307c7ff7ecd6c7038eb821,1
f4460a04735a348121fc91816d3b308e,5
c3b1322df6f5c4f9b7d49f376fcb58da,1
cbe0d97ad32e8dccb515fa391123d302,1
d673ff52bdd8d36f5dbca9a9808e9a4f,1
e15a939d6a653fd06597a667e2271168,1
974bab00f0dd42042aa085897df9e096,1
f723852a04111a5e8a8948c3ee30a417,1
591b0a47dab98cea786fb57d857b3189,1
25ea70817c17ae10178eab2137948798,1
6059fe1fa57a359086e5ca63ffa7bea5,1
676d155b1226cd8bc83ca8ee950d8dd9,2
1258915e0c45aa9172c3a266722acbed,1
fcb7e5de80d021ea09d0673097b74a41,1
83f0d925194ab11176d0763146dd821f,2
5f5b85902d2769c8294c66fcab1e3bd8,3
43562416c44bebc3b1603d827130d8e8,1
bfda6a24b31fd403ac0beeb4988d1d38,1
e972ff03096bf2078f2e4d7305fa2700,1
aa8cb7b98462b8357deacd2ce92d6447,3
26b4ac25eee9189ae1cbb8ed7dd4534e,1
70b5a44e880a6da0774e8fd5b8b9dd11,1
68cd264754f170f9f8dcd9742a562d01,1
191f9ce6a9a1b6c04198cdddc0003d08,1
b1090aee46ad0fb3554a7773e2b1af53,1
38dad122f1c3fc5b8cae763c2c7127bc,5
eb65fcd8fefd2a6eba2b47a08ff3e96d,1
2c1ea795aeff45efe89891b73712f0b5,2
16c347b8b0b4e6c6e37f083f82d549ff,5
337b7c6c3ee3b6390eb0e718954d503d,1
f6870bd29348a1ee1182fd6ff92f0b9e,5
0b2c3a8c575d9288201ba2bcbe73e926,1
f95c44f08afffd3642339a7d7cb9cf90,1
c1869aa7dbf3b7403ef346704099dc57,1
eb63911d6b07c4f4c8e21ff4c43b2623,1
8dea3dfe126f43421785056a2ca9f547,1
fafbeb7e7bea5de5fd970527c67a3b7b,1
b7076b283fd83e5244c1a426cf8c3671,5
c03aca0bc93e3f033af03e7e1efa55ac,2
a3c9dce3ad48c8b9915ced797b4a93c4,2
9ad5e395f78bfe432a47a92465afe0fe,2
40c5ccdff6f4b01f82daa9ae5b544e72,2
34654185facce457f3e8548e87abb687,1
3f90528dcc6321bf66c1f15ccd1a735a,1
911871e0b48bf031a0e0c683f4f8834b,5
4861059c5f8f6cc74a6c8dc7c2bd59a2,4
9c09d60cf91c8264db37e1d385e1b73b,1
27a36f769b8543949c9ee0f4edf5c5c0,5
155399611bd683f654d4b6d6d7519b68,1
6b125103e076ea4245185a5524f14998,1
82e96f08579a42944c4b69b5f33b80e8,3
f7f24cb2b2bf4d540b82818c63482804,2
b8ad833664df388dc284fc5586c5e85f,1
4acb5d047eca52839cb1e3da44c14340,4
3e214b97b3d3f19c02faa55e85564607,2
ad6c737fdd159066605813ac386e2943,1
806cbb74b4dff3e72ce216a4df05e46d,1
9436c0362c9de29909a6450ba6ce8596,1
829f157c88aa5acb010ce9e6a3b56c65,5
0a4b13a3ec6a5d66564866234af6bf3c,1
6e68ccc133f6f505bb1d9e733a55d173,5
e561cd880ed6bd5a7ec32980d5f72fde,4
4b29f8ee33958a0c2d9c35c7ff08bfb0,1
d2581d1229e495616ddae7e304daae34,1
71507018b8eecee001026fccd6fb6218,1
b5adf837ea82cd849214ab6f951c54d2,1
86a8e54301b09121691ca2800d29b7d7,3
005f80a998cdd8b2fa8145cdf0135d21,1
3072ba637ad494a46d5e3a9eaa4e538c,1
113697cbf269afa0793311e959647199,1
dcadf1b71b9d5b543b6d499730a8df5b,2
0d4a6eac5c0166d1b3350587a6415f20,1
33e9ac125f0a464d4f5e103fd82b1357,1
3ea35c1764787e62cb4b4ce6699a7b73,5
db13dc844d447bc761aac60294675607,1
da99d8586fdee7c4e555a8cacd7d3487,2
1b02ba07126905b41dd012dfd1301e1a,1
209ea9dc66065dd98729476478fc33d3,1
7780b49da042e432389ad801074398aa,1
80479b72959be7da11cfb02807b0b298,3
e9b73618376a4544e06b0351d3d56718,3
3bf6aa624bcc63d5d7b3e4ca534b4a23,4
2a79466bcf06e682824af51f90d3dab2,1
cc51de2571829e00cf4880bdeaad0daf,3
61c55bbf2d22b16d5db00b00f11c17ab,4
8be677ca97a262dfee22761b16595435,3
7abf95b0f3a8131b9a851b56a7e4d079,1
390fe3e6035b6504b77086b19f3f0cc2,1
abd45d3493cd427ad5106ffc00282a8b,3
cbe432cdc81df015740987a3dd547ab3,5
46f92f7c5eaf3c3aa99e6deb41d1b6e9,1
8769d9e2701a6cf03fdbcae4c8cfbe8d,1
62fa8c68851f235803d587dc2523cf1f,5
c4239bf7bfd8602d731f77365f9b026b,5
b1d2f4811bd4ac062689c5627c9f80fe,1
6e6efbc2071ebc1d8ca940cab64c2e62,2
f8fbda92ef6363227c89d759f6f23c21,1
e0f6e97772450eeb0102e41d4f30b4ec,2
3eaa236de81ad08cb08a2b21c85ee35e,2
752878a90a1fc864ba9ca57c23d9dd68,1
9dc02ec2ae1ef9951a6f71616f2f4b3d,1
a15c33d073230d4e5725736841d906a2,1
cb0fe3a36bf27570ece5b54c5f0aba1b,1
7598a35db42b162b9302a4bc0bba26a8,1
e444e93f70c82dd2ad2c48da40d8b7de,1
896586f65eb49c3219cea91e432e0f9a,1
2574bd628f81f5ec89ed260304ba4800,2
7fa6227c00202caccef2ce385cac6d47,1
2a9460fa50750780a3c05b008808ead8,1
4e073474bba07869e3279fbbaf0b442d,1
96bdb0a0d4465e60073610805833dfe2,1
9b680c8a5304828f0e80c80b0fef28e7,1
6673723f760a753c480c6204b6640d11,1
5e4e6f38493e999442189f4e88de515a,1
cac16c987522bf470436d82ab9d28b2b,4
aebd12193376016605b549cf9785b0eb,1
0cbeb429bb6d837c0d3fa414124ebd3c,1
460b63ca8f13fa6646a4c88f578b6d10,3
a033e653054488f6c606df0734e9771f,1
eb58bcad2ae16736bb615db664a4bfef,1
84be69a6eb403b4e3da59ce53829dc2a,3
9a931c79570b384bc76d056fcd06e671,1
4338988e2bf38df9b4ff0be1a62913f1,2
5d1a2199293a8aff353cbb8b2d80678b,5
bdc2e0829423b066b80997e9e3952338,5
09d2eb5d5e6394579399dc5b9cdea3d4,1
25fe677b0c181749d05e73652e0d2dc1,1
a38d3baaeb2630a0c0fe6c1bcb3e68db,1
7d4e7bb9b3969d7d642e33bd378cba40,2
d6604695868ed462c992ab1d54f3ce9c,1
e499ce55a14bda9ed1f0ae9bc1e6c7b2,2
c52cef01b1b2ed0bc685ddd3164891d7,5
a0453121586b7c2192787f009564fd6f,2
0e4c987e4cea1c0d2f53e4385c5d2609,1
e2f15615bc9217a8ac15b5f0f8783e87,1
ff41730a03a5086bccc37ec8f87d2edc,1
2bfbcdd9f859d2aae9d456457c9a2c55,1
11a8ef3b48e82875507dc54cb14aaf36,2
16df284dcd4557b2fc7d18f217ce7e26,5
c4b636407fb76a390aa8598ced2eb6af,2
8b2c190df2d4701a1a2f144d8d8d29b0,1
41f20059ae610c52fb26d0420d7152b6,3
cf499f52f24969c07ac1f71327835833,3
79b8984b31fba8796bff619231fbde4b,5
01c488f2287142f2233881ba329d1458,3
d4e542124fb4733f8ac073912da29607,5
da018dda0cb0a456502ccbcd77951839,5
e54fe36e00452d5aedd4ec981da62646,1
8d839a8056ba0b8e6220cf4c6e43bb3a,3
ab32aaa0b065eb38e94f79dc4f57033e,3
294e3e67ad1a3b40e64e4dcf8b570db4,2
bff63c89628d99a91030068612043831,4
73d5bfb97d6523e54e2cfef872cce00b,1
ce6075ffb47322939852ad5ef0ab1fea,1
0da4353bef6968a0d95629477d294193,5
d7b088ebfd87c2b18366e4cd5c3f53de,1
3507dcaff40a429390e5c14c8e6ae9f2,1
54136497cd359d196a2062c4e808d6ee,1
877cadc0ed111b12afa12f0f657313d0,1
b4bc52ab9ca8bfcd7dbb08c146aab3db,4
f13b7f3b386450259ab6959a8e7b4b82,1
9fba56efec2b1cac0d47e76de67b6b69,1
7501ca9bef739778afca4ad6f35eb934,1
cf3368c2290c042967184888a8d1b1fb,1
de11900351b6e76bd3a4f1d38e8ea6b7,1
d528d151bd8f4638d261b659f8bd4664,3
a7ba4fbb1f4326540960a1fcfeb79676,5
bd90f3791a70c4844304a4ec24a8c116,5
05dbb26109b11fbad4ffcd78e7d03268,1
3b4f736b24ab3bc82c1954c0e05d1c22,1
427cc728d5a5838fc7ae69154cb60745,1
87023ba6ba626fe1937cb2b51c6c754b,1
3e30a133e27a7bad8c3c511c16f3187f,1
22f0bb2f1a2495c4abd27a00e98e9318,2
f8d3e6892a2eaef429f51daf89fac1cd,1
8fefd9b3b64cc517f109f21ce355655a,2
b5bac288b3fc1f718a8cc968d99846e2,1
5d350737fb05fe181e783b58d90f565d,1
dab969fa9d224bc34d95dd26d86a3808,1
1771783f14a42d20869df88fd079ffb3,2
65f7b2c71949f8732c4bd204b493d1cb,1
f68a132515370169a0db7ba643029b23,5
da9bea5d9a4f03df3cabc2281ff00cb3,1
a7ec5ab1c40304978071703e77947f2d,3
eaef170ff731c9da708c5a6394661db5,2
9b7c8f0f3c284a97f012984ee5c3711d,2
77cb92a3d9925876e85339b5b574296c,1
638b703ec060e18d0cbe3d67fc1ce92e,1
eeeb2c634af4cf4ffbedba6d5f20ca71,1
5c5a19f4d50443a6897bd017e15d3530,1
f402465280c0f51dfa5605df84692687,3
4931ca96b79bb86bd5ca45ae2065143d,1
37c00beb7ca3fe9f01170f0cf75fa4a2,1
e0985d7758149c58755d741ca97482a5,1
034145a5b68b086e073e4b6d204a349f,2
97fe7eacfd01e779aadc53a3ad09ec7d,2
5ff712c568c95322656532cfeabfd00a,5
42875a2436f849c779360af8c333d05d,1
91595e9c506ec2037bb48b4aea1a23cc,1
ef280fd1faa04819c7531e6f0bf71cba,1
95c44ddd8abde5393b6a5c899e211bba,1
d9625b10ebe8a616002658990ffc1bce,1
dd458234c6df95a39a9776e8f57a894b,9
f95004208fef2ad9cb1c07368a258923,1
39309dcb95ae702d697698f6c2cae63c,1
66c10b9c98f2d5e6b197902cbae9425a,2
489daea1d806ad58f6786ca6a6eb8c23,1
e5f059fe9b1ec5d854768a05427c1712,2
e78f2b238294ac8d45c28000dc64858c,3
d130f2853baa8bc9a791b35b47fef661,1
94238c99c68e6e6ea21efde4998c13fd,2
c7954ca73db09ee99c6e38b2e9036741,1
7e271e5d70ea0edb91b4dd58002586e3,1
a912a02dc9315ac26e4a7af42909ba61,2
9542e6273dbf65beaad834c1fa0c375e,5
164e109522473edba7874e91c7730997,1
da33c48623f8d3782eb4f04bc51715bb,1
b1bad6ff6aa2e022ea347b20d9a2e285,1
b4a5ec2a1e7f2bb02eb4d5755f55c1da,2
2724c1629f169b36f85adcf1ca83992c,3
a0ad007fdfea859ed9cb5e3b188d10ed,1
d3fe9179d2031e47d783423e0cdbc73c,3
bf96e769bc1aefcc0536b6016ef5106f,1
c3954b966a1421e64ec67c19db8a5656,1
c1019f305ad96649e160c1f60667c87b,1
c8ca25a0091caa6f6ed8d4f86e4c16ba,3
fe39c3bbb5a402748942874dd9032202,1
4579336e0a0274f07ad48ecdb0bc785a,1
3c230ad4e9d09a921e42c01d53877efb,1
a448638d64949897619b4f0894b0b35a,2
7765ad9883ee816e6e8f35b58395d06d,1
428b04b083704257f45950c1eecd95f5,1
0b48038506846711cf585392a8a57864,1
a79eaa8efa8006213a3d907f600ea769,1
9def072b34e52024797155e1ed8595d7,1
54ea2fb519b8cd70a83277cf0303e684,1
49dd994dcc9168d97b3af9ab3896ba2b,3
fdff41df79532838a50d486445a2d75e,5
dfd0384765f6d35ca0af074b4de3bef4,1
5e66f98815f0494b8ffc9f5e161e9047,1
d33c0bc5833e734957fb43d044f676ad,2
feb340486792ab7b29c4eff05b3bffb8,1
614e4275c0e3777493a711d718871680,2
e59b6f879c589d1de19cac803bda8dee,1
749f63aa4e05cdbdb6b531ee666b9654,1
7edcea00f8d761ba298da393c80f7ce7,1
7d5dd5e453170342c8b5040fe210a236,1
a3f60df0eadc8f70846dc42ed1654e17,1
9b326a6616a1835b6ef8d882ab3dce67,1
3080512db78d9716dd5fc3df8d9b8977,3
e20d1a19be0a9d419565d25467ffa7a1,1
4616e65af4eb746c556921e4f3136013,1
b24fa390303d63cf6d8f73ed0a0d7ea4,1
09a11485dfae71ed5685a4e970a3d5d1,3
db8ddf45acacf056d953b7a7eafd7699,2
9d24e393fb349c347ee96f826d47a92e,1
bf0a4df9577200a8786edbe79a3edc35,2
28578c12737a675b6c915a6aebadc50e,1
d3506115154a286b304d4bb1ab1476a1,1
c37855002d4b1ca7944a22090b63633a,1
d61c413d17fa7b2a0b070e3fd2f101c9,1
c9ad2aad5227f4db81aee04d8469c563,2
51496df48b05c81b47d9a4096f6d1a43,1
75917d42544ec29c1d5afb5013bd8065,1
ab4aeefc33eabd7870019738788b59c9,1
a2e9605de443f9dfa8a78455c6de728b,1
035ee2f1489ff0674d609086a67f50ab,1
919e44b219f525ef5ba430205d807b35,1
4130b5328467da3099bf0cb4aab23d68,3
9fa49161bcae82d9e69cc17f9e373a9a,1
cf4443bce25e0d4d4a61ec1aefd79a38,5
ca4bf6cbade8d56044632c5ba2984f76,4
74773aa9737e84b31c5a2b9a47822bb6,2
ea9c74b5f29e151712ff8440a5cba785,1
dba906f6f3618a800bb277b451715208,1
acac8b022d0e4827c0a4f359c19d6917,1
f8064a5044bd8cf777a40251daceeed4,2
a1e4396c6efd204ebf7307587309713f,3
9df3d55caa1f1f9663e9990b6cd7c818,1
a46f512e0442dd72def91a0a73f52505,2
ec7e8bf75cc7e45c173735933a004850,6
09d3b4787a46fc6077f40acbeadc842e,1
2f851a93f711e91354de1e6318ab25b5,1
3aac54bb16b1259c4c95becc1968ae2a,1
6fead57ff29d16ae3c3fe1bd9025736d,5
d5440e05d6f2540508952e47a2ff2a51,5
b5308f4095982fb6e3e67ff367afda67,1
132ee8b24a1a4fb85d0011982a7a10bf,1
381b77471d6e25d3bef31dd68378b9d6,4
53420dda440605d1f9b595f0d0dcb9da,1
fd0ff70730151d1ee38d170690fd4d79,2
c4904e57a43a72088957f02f1773002e,1
ec73c4c90ac66135588190616184da8d,1
74c5cd4c2c8f9e7650b5c10ea2f4c220,1
c8e18c323822d0b1f67a54ecbd59c67d,2
810be197716d4f0a79a2e7f19915da56,1
94da311693b45f0968d0150b27b5bc86,1
a5c303286043e1bdbecf39f8ffe90337,1
3014a4ac2b728f82a127c7a59be0570d,1
2c00c141ad25d9fe1d878e61d15ac9d6,1
731fae8630963de26b62ed8cc9a3990b,1
0c91661e71f277a1de75327303835641,2
ceba8bbb6481e8a795c03065a76e8738,3
9a1aeabee3faed4c8e9e024d807dfe7f,1
e84a8c2fddfeccaf5f610df72f4cc75b,5
b8e1faa35358b9de384329053d711260,1
bce4f51fa6533f04e85229b19b031cca,1
447156bf1695426bcc8485af8b992a4c,2
80e532cf5977ce4041fa277edb3ab84b,1
76a3c831023ee2afea459e30420b74b3,1
ce67230813205c3653597251649e672a,1
58705a1d2b288ad0042c79a1203a9fc3,1
a565e91f5de838403078736d36a7fd6f,2
e40bb182c673bdf612cc4d637e2defb0,1
58826890f63b7f9806b73e972f14a62e,1
f4b7b1e68e146c51f96b0b944b7cac2b,1
eb459dbc4e9af8bcda87f215c2a59866,1
30ba1749b9da1d1cc05c0db4b6201814,1
5d774d63e7146225c0cbf2f9ddc5e108,1
835c932ad938c3e00af53337c71f162a,1
b500663cf9103e46e1e5f3886c1e9846,1
389287d2bf8e6c7453d033d11ef512b2,1
0d28c6e69585e73ee5b25717e0bf9d8a,2
77beb87726dae16c9ba09cb319f2f6a2,1
bf8128aae2ed1393fbd247f620d6ea05,1
c6a3bc6e2f99d6d6d87086c012053396,1
55c6d351865352c1cd3add9226a15499,3
cdea60eeb52bdd8cdba2f79868a61002,5
65a2fb0e4b855722b0336fc9e1bec536,1
26d9c55800528d7978c034692c67b4ba,1
50526c73b0c438d11d24ea4423caf724,1
f21cb2b8ade710337e710a0d60574ad0,1
b12799998ac3b16f0065cc6c4c0c3234,1
b3f75bfa14de3145a31007b4a16ae1c2,2
3ce4aef4ca4ba69a49e84d60d6d3feab,1
e9814bcff1dd0fff1923a9b04cab3577,1
fc4f02570143220ce3cf4c76387be2f9,1
6c5c33941b0f1a4420e053e408d4feb6,1
52751e3a47c00b5c9c930e0f55e5b6b7,5
3f217706901fd3eee630e15edf225321,2
354005d2bab876bfc04da86800139187,2
ed25ec9d218cdd95c4f129c816626cfe,1
e4ee4c065deed4070307c24bcdbd76a8,1
bf82e169a7453b7afdacb0421fa8498a,2
cee7c7bf2fa0bd1ae9fb86dbec5e9c03,1
d941f3c1af9e96e8f228caa05b758823,2
155a5a9ace3b95b11c459578d1184ae4,1
192b2b60b7c86c01eecddf380a36a1c5,2
36a92010b073154fc83a23673d32459b,2
cc847be32179dff7161c278ff77df8e6,1
07ca0cd950c4ee5ca11ddf3dde7c86e3,1
beb4d071117b3a19243fc991d9f5efa4,1
49c7e69b4cbab6b6f78828bc1890a2dd,5
2419177327c59aa02efd04e830d0c134,1
fe4e342c3d280e8742ec0c9b14173272,1
5ef659699cf907463c8ba147ec0298e8,1
369f6a42e22798fe2e0b177c221389ff,1
98be5b855e85bced410f5480820c57a4,1
bedeae218556fbaef866e86346f023f4,3
45bf2de2d69c4790b99729da877bba1c,1
4a4148c1aa1c75418c4597a7011a414d,1
66c0f17de1102ad4e4dfa4a76232d205,5
04136039c5d6f7bc31e96b3a8c720382,1
a346c70f9193f34110e6c95ecee967f4,5
5639ee869fecb191c3486151a1f793c6,1
3948e258868df12478ba93c3fda5fbda,1
0281b1b52cd5ec87a6d869a84176c932,1
8f5400cac76938954b3d03811b3ff646,1
707e2268602353aa5418e07e0353377f,1
95adc7235b53d26c90462f53feb84dfe,1
ae11a57a55fc409f7c24a55f8057e244,2
549207b1184cbca71db721110c4abba9,3
e50be359439fac1f146f312e69bd8f74,1
4c2966f02acf68ba2d11778ab4b916e9,1
62370189114bc00ea7e22174d7e70690,1
07340d9ef64001719aed038459a2682c,1
a960906cfab94ca0b2d0df5ad8721352,1
6f06960407bac13b754fa885678fe8e2,5
7f424a5aa04064b5d3b6e12fd7b0ebd5,1
56341cb8dfd340b7586a93885a3d8780,1
a6483ae5f3314057d4093a8f39d1c6de,1
4db11f03bbd6b36b01ed12458e9665db,2
837f5decc2e40bbdcb90a0f5c24f0f2c,2
be9b2e041949a23e02b955cf931714a7,1
81676dce081b7210ae037621f3f48512,1
2cfbd0fe89edd6f8298c317896fa3b47,1
5049bf1425c6ae35b3e41c0cdbf55fd9,1
ce3265a93bf1585b1ed2199278033348,4
e2f710bb552de47db1ce43957a86df05,1
562ee8d3a904f18fea3e80c4905043bc,1
c7d2ab3a8d91e407eeb30467cbbd5dde,1
16dbab17d10a161bf32102a72070371b,5
52cf3dbb05e1dfd4e5fec79a481c1276,2
f777e52215e88e3141151116eb07278c,1
7f26177e912557770221fc749ac484e9,1
94e052875290afb9e35d255a49155218,1
c6fb5857f521c391a9b04d0d7bf9b999,1
d5b77b17eab71a37668d81316035e158,1
492d76df7dd127a4ed9f48e5a01f2d8a,1
652ff5fdae970603fe929ac329395024,1
4d7e371807f5ace0ffc24a4a59b140e9,2
b53be4ddc14b63a825a74f302d84ecfc,1
6d6b39b8508c032605f7dc6dab93d900,1
6ac78fdef6b918de886ceca674ebdfdb,3
41d2444539fffa1ee88d7405044248a2,1
b731ce7fd5070c087e4d422534910eed,1
0a17e9f37fdb36637c4eadc7ee223dac,2
7c86826953f94460492f584661db38c9,2
b127a75b3a821b63f3d2eac7b495cc9c,1
c33d4c7ae149ce0ffd28ebb2eb292786,2
37891ebe13af8d6da02b7f45fc057c6a,1
ed6140f5e1f4ca262eee39bc1e3f33f5,1
896f463217724794534513f352a7e03e,1
b530fad5e082ca7cb710d63b4b1cbcae,1
e11873bc7373f027b34e9521c5a27cd9,1
ab9f8400da2b404d6f79e5ee96a99ca3,3
a1b389321c1d22bcf7806bc303ac2074,2
ba5e278874321684af6e07e6dbf96fa1,5
8999f8826f2f988f347ecb074f84a22e,3
cee7a18f4221fe3b176f3e5ebdbfa534,2
690e99ce525e2e425e0444f13a7433c9,2
e944167c6533dc03568f5cd439264fac,2
3b220effc483570e57fecebe94f97c61,3
3eb34efb7e210bbe192fee2382cf9243,3
1666f923da365a212fe93d5032373fc6,1
ad3037b460e35ce88b6f9137c5ff7aa7,1
66a9b1587be28b7e27fdd998e555e07a,2
cd73aec23cb4eb6f7e399f4c20403cbd,5
149971e9fa97204592c1d516ad8ab24c,2
8fce11f978f55b1f3e2d1157b4db846b,1
78957e71b4da6b8b251034445ff50f51,1
2d6f181ad1de602a9f5259beb8cc8e6b,1
5b60c99ee6420070aa0c96a8ac50ade0,3
5beb7cb21de0241cf5af569d155fa7a2,1
932f46f01d2d6f29adddedc2cf43b45a,1
9ed935ee90641f5ceb7330448457a714,6
8d847997d2fc6983ccb3ccaca65bb570,2
dfc5eff810d0d4ee96277ba551dae6e3,2
70e3687da9fe1531f090e77f12c1d82e,4
c8a3168bb14a178669e0b2206007b626,1
daa3e92889860e49aea15de3854239b9,1
e6efab164c75ab0cce9a845b0c4c8f91,3
d2a5d44eb2f76706e2812bd902158fbb,2
0a42683c6e7e8281f8ccc914b78b011e,1
3a7dd30d4fa46ff700f16b62a9ba877c,4
5258ce03008e9c13c0461e63da7cc846,2
d852260ac4fc19136cfa3b887e60ba50,1
6ef2636f8ee90d42c7350748de6068ed,5
c3f267c2509c7c27345689efb09290b5,1
71749a391a46ecef40962e0a0ae99d1c,2
dfc637996f5eb6a023c0f898031a2129,1
72ac8cad82e640c28e0c9299dff963f6,1
7872dd77190e401342d9ef0dd2ace41c,1
ba44d60e0fb63ba18b5787ffeeab7581,2
09f9a5d9d7e85a97cbe89f1698e7a6b3,2
d3dddd64d673b69b9662bcced0e7d5c6,3
de00fff8d3efa5c69f57f9998eebdf58,2
ed16a5f75b2e570aedda894d1d96b080,1
39c92803d463e981f169de2f95178e8b,1
93ee073d8318bbd824a69d3781b153aa,1
dba02058eb8d145591f3b6b0a8b38d8f,3
8e9560c1460dc5cbf91b07b8997ce564,1
5585ebcb44266ed46d6151d3ea472e17,2
1ce484497f9561ee26b8658defbd7108,2
663705ef7975c71b6546ebf7eba56923,2
2410edda6abbd1088e5326e9a8a8e6e4,4
3855dacf6d078d8d427dea251db27e02,1
a87488e2ad7f3411edf6639b7b47b625,1
cd728a0049d758ae491a38558c4afa41,1
eeb89722b0a60a45f22e01f4d75acc2b,1
e32416fd8a86eb04c7ee0f40d21b86a8,5
4f735b29ed7576f05998747b4e57bdbf,2
6c6b08a6a7cffbbc2c61469bc3877297,2
cbc3c36e73b22d74c73a813f361c8c21,1
3f3c1b8e46ae59237b72254b73e75aa8,1
f644da0a854c4a2e6cd8250611123dfe,1
544424c93ea2ec0e72c5f4846fbfadab,1
bf12f64bc23c7773a460b949bb34a420,1
cbda23e41f9351633b0851274beaf8ed,1
e6322dde4a3795db50a9bb9a01440df6,1
db9b93e7102593080c1559b52cd9ca1a,1
f9a493d148329ae3178a11828ff8d982,1
3e15691e8634c56fa73338d7cddbfb4f,1
7d13d10c604bf827dc22d7163d447137,1
19779a19952dab5d54a2c16520074ff5,5
3e8eb0582cb26634386020ea168d1a74,4
681facf4ce396c466ca0a8dce2022a46,1
fa0d098dd7c0ce3b6d41249bac28dc69,3
b226d7ff48605690ec109dbe8043633a,2
059f65bab94ffbb2512c6bb5a9dcc929,3
bf3df44159521c4d6b3857a249623452,1
6f3c83f38db22fb52697e31928bac4da,1
745c75d15860b559a1cdb7042d037013,5
c90e17f7d6ddf3a96c2753e0439f64ae,1
4642e59f1397362f7cdf1c1f2bb92512,5
461b861d228c030d6a75bb7c3824fb00,7
d0e76b4fdcaadd21029e02b1b6540f74,1
344d6e97d54abb1746ace01c9b2131cc,2
e252b93c6e864e8281e8dc6db8f5841b,3
c2b9c273f3e1a4dbdb355af6f6b92cb5,1
62b69c0b4b27dfc5b9e259b96b407c08,1
3c124e32b5d50c44bc15b1b33c273a19,1
87e4efd6e05b0fb8f5ae7aa63e2d9a39,5
77854ad2f5d1d710b60e3756cb200905,3
dbebb6fb5144f04e3ccd30c5f61ea225,1
f454ca02c6bfe6a22b93e5a0266b5e2a,2
e9185c3fca156a4e2a0f183339f65eff,1
609c02a5653170f1c550d90a9e51eae7,1
3db703ee4edd8e615279972777056455,1
501d37dc5ff3a7054d93cc0615753d49,1
fc35df78fb930dbcfbf0833e3330d2aa,2
7dadaae30636e6ace9896d0dcd34e0f1,1
370322b4ecded6c6bcebd834e4d292cb,9
dc2819a2e692a8adc95a8ee16de36edb,1
d94c5bd623c374243af551bef59ff0cc,2
5d4a4942b3edf1cea5898c16d6545456,2
6961eabf495de69d491c43d2be8dfc12,1
489bf4a27aad1d228b8707cae0ebfc03,10
cb5fed54f082f0504f7d6a838cce708a,2
bd3fc62cfe5a17560b1e82ab06715022,1
4993aff8b8a2c2e608bb16fec913118f,2
79f5fcbcac43ea37b81fc34c3f74aa9a,3
adc712b5d2be264d99c2f25f1ca92480,4
7a48e7ab8bd9efe4e747773bd7ec2dc1,1
f8ff7960cd392ce8440e419bc5ef1dca,3
6d3dce182b9fe04a29918f2922ff0c9b,1
9d42ab5dd165057ca813c39adb133436,3
470f2321d9822cf2aa591e5e34a0f2db,1
4c2be9abb9e401d93e44d53973980b31,5
7313cb770a03bd42cfc2c3a41b46adb5,1
dce51472d3bbce0d9da52d7b0cd39eff,1
ad0133b6aac55d1f12896e2229514423,1
258aa7a2eec90b1d762d7dec8edac35b,1
fc53e57e674ccd3ff438d23292308270,1
236afae84843306e53b14eb8c37890e2,3
d7176d6dad3297331be888b9183d9cc8,2
e3beeb08545b499e969255ca2ef6f207,2
341a556d6f73e4a40835922c2852d619,3
c09042462037e241b33a9e021f49eec7,2
2833704ce98ae14a6e131912f54f7f93,2
040a87828dcc792dd9952762e8a87c14,1
af27a9c1988d447c9bf284c8252cfd11,1
7fcfb282171cc5390687d262f40c9932,1
c4e03a59ea78adc4fc01d0094e55177b,1
43de3a1fa058965973ac1ede23724087,5
c58003ffdcb2eb1433009bb13078324d,3
d56e76d77044cc6689efe582f328f7fe,1
e1a3d65f7b936c1e27c3483e13acc36f,2
c3f9291cb670f0cad5d80209f925d336,1
c07ac251b7c03a81bb6160fbf96ecb7b,1
8c15868caacbd2aaf50920878d0138d2,1
dafb8274bccd2cb4f751dc8de8daa16c,1
45b3e8eb253d4d22aaff515a8e60d3a5,1
309762855ab5f316fbeaac3b2a3704a0,1
d87d26d10b22ee9dea5e0dbb1bf41302,5
068dc1113d371b5e58281ebd0b5cba3e,1
697a05d2019b190a336056990e6c6136,1
bd18535ffaab38401a98fc7cbf5d7c1f,1
6c155ad2a1220e2bbd61fa1893fb528e,3
188c0f90ca7870a9e6c362b19dc11f31,2
ae1fcf3996c15981f90b9efbca871c08,1
9147b7d36368262e530136fc91c575f2,2
d780f5243b814ef615b72c041a98d995,1
1d217401a5df60b0dece9b9ff7a27d5e,1
30e1810ae9d5df2ac454fa7be91c9320,1
35ff3577a6aa2cc2187bdb22eab2afc5,1
f433b423d883debc8e98763d06014482,1
57c46a39e90cfbe087913139fc09f3e6,5
7c75a983cf291179f4310f934ffe1c48,1
11901f1ac2ccb2bb5be226c70277485e,2
8694a26fe6226bceb1f5e06c1839ca15,5
10c8302bfdb6ac023354abaf2fe73443,1
ba468a43424755cc32f12fe33b3815c2,1
e2005fbb2451ee49b315f11079d324b3,2
5e4e824beb3b562f66aa6442ca5bc645,1
ee587179270fd6f72607ace1e0c69bce,2
30eb3ed855e672047754f783142a95c7,1
6939f66b100d96df0442d7de8718e51f,1
235b0e5ae6bad615fea9a88ed2b0e9e2,1
6e132f0738b65d2f7fa3070b8ea3c9a7,2
d7c4fde29c74039b8decd59ae5af9165,2
a451bc1214c0ffda29059862fc1694b7,1
8172ef08702dd85afdc4ec5263f8cfe2,1
3cfd1f8bac45a133e92ef6781066bb15,1
4d0957fbf3d144ac2063634750292fca,6
1e068fdb182e05a0717335558d65d1c1,1
a04103f3a4e959a090fdd56457493937,2
ba25b0f71740e4eb7fc68cb54fc57112,3
643586d333288a283091ccd660ea4343,1
8a0986cf7cf3cbf75af40cdf3f67c8d1,1
de4eda674e1c8eaa6efcd2ee21812acd,1
4e4bb07ac7c987e45d7fdd4019261744,2
f75d5057fb6bfcd27b746b658df09f25,1
d82059c6a633b2bd4683a766f1b82ff9,5
4b59da4402625b560f8a10d239faa4c9,1
e9a41782485e4bbf450481ef53271ebe,4
a63de65ced25da81b1bb892b7815d933,2
15d406128dba9ac5ed703b48a1bd7548,1
9713a4e8729bcec17648332dfe91f6f4,1
9c736e277cf458717c0ebd67580b8237,1
a9f44cf6492f02165e6888ee6c3c1dd8,2
a84d9caf80743888b62adc9f122ee4d0,1
8f48f97b2870b65ff4f5e6f571dc6613,1
b64ec05fcc396e93d9d4a01b9a0d2c00,1
a21ee6bbddec680cb36143c827998310,1
0ca22f8e976c1e846e5da969fd868ad6,1
47b69c76e924c8d62bceb9dad88abea6,1
1cffe5ca2208c4d273d97e8416fa8572,1
37e95c2bda812489cf36e457c7ee7ad4,1
e1cff91cb5744538e5d3318efa081b12,1
a69139078e4f525a12d01cd73e08c26a,1
23096132be96d71a038b21f2793b6ee6,1
b137aa136ed84b6acf5ac97dd742038d,1
b33e03f4ec956e4ae1186a87bcb82b0c,1
8d183bfa845fbc7366868649d7239f94,1
a8219efbef699304b25d16e59622614e,1
e74faa4937d05483fe4ef3cda44ddf94,3
89169bf902971bc0aee5a1669effed09,2
575a772188922f703774b20bb7bb3db8,1
a073d4c77760c05e1f5269996c3aa324,1
4bdd3d7672e3a643a9124bc351cbc02e,1
ab25d3d1153628745afdfbddd2190a9f,1
783782accfa9ce9e61d6b0cf06bbcbad,1
dd7b33fb3a8220be2232dbe072f9ab84,1
2db1d711555729a1cde3620d55753a30,1
e94792d96c77de948f6aa7e8acf4e85e,5
703c3f4841d87781edd8d3890081faa1,2
748087f5f1fcef7e49d86099ef9a297b,1
7b1a312097d99a7763aaaa37ecf72d56,4
ba050b1355ce4579ed4963887dc2ce7f,1
4a7e1550414f1d2e7d3cabb4efae52f4,1
964e0396d02fc40cf7dc3fdd1ca0b9a7,3
e837a18021a882b61c9a729259207af6,1
14349e278b9481ceaeddbeabecc2806a,5
c9c802483560286b0397f871ccab760f,3
4ae4eb34325240f6a48a5f01b84f59be,1
14333c4dda81cddc00c815f00740c42e,1
6bd51cce22d3b9b8352e54d692392e95,1
5dd459156e6d7ab007dd6eebcc702fc0,1
7f14c079c5929d9e54d2ece5cacc6dee,1
34a0b292d62ba560be6a55bdc079f701,3
4c08d5f757c9b6eb594dee9ddadd635f,1
1cdf9194bed6bd73ec88fe491f7ef6c7,1
d06dc3f713f5c068767ab1c3479b5242,4
aadc1d3689151b2d18502c46086b8497,1
b77a622f7ae10cd04eb3ab89472373ca,1
3023842173fd723471182e8adc765118,2
605cbaca9f193d36448b71d5369417a5,1
b26f89cef7804221a8e75d015ca0fe87,1
61481fba82079f93083dc092dedf4046,1
243cf61558c56b00c306252e8b0df750,5
d2db21ea3c551c1ed32b4b0d085fa875,1
60d9724c29234fc5c600aef3daf4ac84,1
b7b5b491078308ae56842ac61eaa05a9,1
938979052b53a89b0d1ddf665b9474b3,2
a3036106581a6dcf4793acc342b66451,5
74d83a716c598144f61fe8ed46e3e66c,1
2ed8cfba3e3ab5c3065baf2df14ea799,2
cd97fdd394a260e785f833820d1d24ae,2
092d2ff9da7804b8b58451f9fe0bbb02,1
96b51e18094ec26236242777a5b3c311,1
d6a3959553c02b8e783f237e79c156a6,5
77804334a18481445ac00dbdfec5c8a7,1
dadd87dfe429be0cce27f821936e1ca6,3
3f3ab8242feb06b88c33327f1569e519,1
55d3f9732efaaa82a73cee4c715b7acf,3
f645e3839d0c21d046afa3f987d8b22b,3
8d162f1d0fb88d18f2150987f9e60d9e,1
543ff0ca4e60d6e7ddcf0f73796b0cd0,1
9824eca9b7acbcc2fcfbd211743158c2,2
df0f0880c7f580e0db2cb4e4ac0cfe34,1
ff66c26dbb15720777d8044c3c3c85e0,1
9ca15e05383c3e653879f16b00318bda,4
4895f9d6c19022bbef9cf3245ef3db1c,2
3f227f2987d386ffad45d40b9dd39075,5
56b4488882e690db0774744c15b486eb,5
6169cf8589c996fdee4088c8c31ecdcf,2
e7e64689ed16dc008717694ae548fc78,1
22ddd9e489f56e7267506f80c11b0087,1
a178e0aae809082453062fd44c477152,1
378588c329a55a9d2b7123e0d2bafcee,2
aa5239d48fadb93ab434382b5fd02308,1
1f1e6fd7885c7a530e0770e6e6868f06,1
1fb821b9e3a9a3f9dad42ea56d849bbc,1
e089f29af3f447cd59b585ff416714cf,1
e1ad5aae9d10ba6b5f2cd17fe7977bb1,1
476dfcd1ae7b334d6e70f1f1a305bcc8,1
3e355b329e0eb06f39e8ddb324b2b2c0,2
893e9d79cf97328a2cd2b4aec7d921b4,5
42e1bb59a757533d05b2787490196779,1
9e1d204326241ccf33dbcaae51e02dac,1
88a56979f050aa23ea4a42cc367b475a,1
8e727e2199bebdb67830268a68f5be77,1
22a54b2e090da02e29e515eb102264bc,1
d110bc8ae6f0d2dd74aee74b46544485,1
b201441b79dd06cbe81eaa9f3e049a1f,4
5b5364412736bf10f8bd809f4eab0cd1,1
6f6bec45eb406ed8fe5215f9a4a88a1e,4
e759753b23c8549a1cf5b21b2386d868,1
cfb934c64627be9fadf4866ba2f94029,1
4dc31f3c141ae9ea5a3e31f92f5cf62a,2
ba4eba9176d4c2d49a582bd0941bf479,3
10915634a7fe842f40804e206ce10d99,1
c5ecd0c73a4633fb6f8a256c1191c256,2
6a1c23a18c7b702206a25020c5bbf2de,1
600115e9bdaed61f02b187050636a672,3
5003ca17b92d01c4da459a42b3fb8194,1
3cb90dcdb71acd28974f9dc6530eb4ce,1
410f68204622de3a2a87b2bb52219108,1
49128112fe381efe9b98de1782e481cb,1
3e08e7d28f722772c45956aa0fd93720,1
d4a177fe9a012111af47908513bdc933,1
6a2c314f8e2549a33b67809973022ef8,8
2e422966b8444233256aa5d4776e78db,1
28a35211d4f87bcfefff59d57c265a20,1
d96e6833e7a83cc54633c4b9b243b782,5
b317dd16b90559729fa187ddcd3a3e32,1
245b44b2e22951011a43bb876b585c25,1
c234bf436050567be11131641de5263e,1
b09cb75de518ef1a97dec074eece2ee0,1
7d08fe04a0988090fe1da6cd807463ff,2
caa2c12e41e5406e2ffe3aa2f1025ca2,1
354a60c297a964d4e340cfb78246a179,1
d5c84473639b7648cc953af210e12528,1
bd6692da9e46a24674868893af1e6c6c,1
c76b397cd1a9a26c3c6d2b3d85245e49,1
b0168815d9b004b6aa6bc1f34a56a722,1
95ee4e97d51af52872f99ae255e22b2a,1
66424b90750d05d1bfefc4bc62dca681,1
f4c7f16e86578d5c6939faaf23d9a737,1
1e7b4d457fee7d42469e7402c5e67fbd,2
56bb1c0f6f2662baa1fe43807f94d8af,1
d7c0aa1f376cc65b40080e53acee728a,1
8fe8b0e870a2d8fc2a2f997d4375aa65,1
59e060f109aa94180c08fec2408cd6d8,1
d3e86723a5647c4737502649f833288d,2
4b50946521d3795ec0f92c17fa608ae2,1
cf05845dd31bbefdcb4cf5e2df667771,2
b5ff10216e810d33a4478669da8ae3f3,1
d75d30d1ff69c8ab353300c0432c35d6,1
0c1e1010cc810fe92e92e5db62c428af,5
34c0a7c98ca7dbc4c4581d7711e70da5,1
4196b7115e8762bf835ff04d4dbd3fb0,1
34eeeb36af9bbf47c6c6c79d019e6359,3
34d25f878a779e2ed0dacb2f9a08942a,4
642b331329ec2a52e0e30bc7494b3d58,1
f9b674e0b299a30fd2068943defb6f22,2
7f0eeecb0697f484b5d68a44692441b9,1
ad9a3ba9efb964369f37dcbe2b15c5ef,1
59fe5eda6bdff4a71d00b78f5263c4e3,1
1b0fa9ea6b16452a20c970f605372b3f,3
ddf3f3fa86d553fd5da37ad76c57d815,1
848a5e27deb67433d3c1cf3159ba4442,4
d6c8884e8d15db0236b067cdb18cc8ce,1
c3311d78ebfd204de2e1cbb54c986613,2
9d5e91f0826e75e47d84f648bf30ea97,1
77aa54596dd11154d3db61b7dedffdad,2
3a1754e8fe909c3b06de977d1c615121,3
7c362705a414f49ab7a43649bf65b3ed,2
d018a501940df502889c5decadddb49f,1
e5cc00145f075db791fe1aa57e89d879,1
3caf146ccb3214f2f584aa73e4cb0ee3,1
5badfe26e4e07c34ac6c79a191b44804,1
6624dcab0d2cd558965bb9b3a29e0dbf,3
a7602749f68c668dc84447006669929a,1
de170c9b4a9a52e76aee456eea6960c3,1
7d924e890a418597be85053f5b895228,1
60f1eaa298f5d85c1d1f16a6b67727c3,2
3a22524e3400397332297ccc47ec4af7,1
05ab5c52c02acf168a62714848ba137b,5
d17d846e876db3c6a27d8ea0940ce9b9,1
60c3941cc22277fdf73367fd735d81ef,1
f0706a860ede1d7d111ff752db62defd,2
62e8ffdf2c224f72cb6999a2853bdaf6,3
33e55f751ee8d43f30b8664c2189237a,1
d54c4880a6fa6f81cfef7a4a54604f49,10
f0827915db77c745d961b496f302df53,1
d958db0bbc5a8397cbd9c6980716c9f0,4
cf926a9b94de227d2aa1c4bd322432cf,2
d3734b6a17c447d2b4bc57021e0a135d,1
0c28bca46f0d878877ddb26cd35be7ce,2
999b75fd8f688de4b9d9c2c14b298b81,3
3e14bec94f5a405e86fd3992cab2c42b,5
a3b2aae6d1f068eb3b442749c92f0cd4,1
94c924c7e6e833fd38d12d2b8034f5b7,1
cf3045261f01154784140a60e66ff764,1
22a2b2901367cacdd55844408646064e,1
81c7d76f91dc5a758c2ecf6dd6da19bd,2
acd8b6b143d0610e046e866e7dbf0e14,4
9549cb50d8a979b8f5eba624e3a107ad,2
eac56300e41745296be4af66e380522b,1
8cca98b11277311d18a27dc718254a48,2
944f71020b3f584bbfa61d2d509b9f07,5
93890772ea3ad05411981336642d725c,2
18414f6e55e72fa97ebd78e30a92f231,1
c03b25c8cebcef7a47836cfc144e6b14,2
5d032f0431a7213c3eb6a8de6d58fa22,5
ed6dc5c0d66c7ab349d7a079c7dcd8bf,1
76d8dfe033d29ce5c01bd90c0c4f4d6d,1
d103671e3ad0b2ae34742b8f8edde8af,1
3a67508a72e24dcd4464f3c94e764171,1
2eb19708efc7680402e7b70dfb47e581,1
d9e8a3d8f64eaa08f05cd720fb950b91,2
e1f4005a504c4cfb921c2d6fabf6395e,1
c30c042aa664c617d1b63c2b25dd6c2d,1
dacdf9715846149215f2f49e686ca4c2,1
080ecedb36958de45d905dc990ecda27,1
871ccee8ddb88555d706fb7a8b397eb1,1
45c144148038e49c614fbc6adcee3156,3
dd11f3f00d09ccafa3c17356b24bb277,3
3f0dee911d95fd293c147307785c9048,1
109f0e640b243d1ad8985d46a5651f52,2
c56fbbb7c3cedc91929edb6e24dc970a,1
2b576af6d02c9012567ec2bd442d9b47,4
81c36b358a6d962e394fd59d4ae3c94e,4
7d654893036120168be0559921ed36e0,2
816f41ea8c3246eaa138044377335739,5
9d7913d8812db807a3b1c9c33eb40ff6,1
df08bdf2c4ef583fd8a0a742175c7ae4,1
62a246c3db86e6929cadcac6b6b83e18,1
eb1dfdf1eb6abffa7520fa5944f50bd3,1
c53c74005b880361a0a14566b58a2cc7,1
5cda796e9d487a6c2f85c395a1e47718,1
a1bda1dd26cbfb08faeb24d2256bbd81,1
f76c1d5f8a5181a34cf299c8e43fda3a,2
e36158238d5bc9c599eb76f4d1ac78e9,1
10ea4b47a4f346270d2483a3cd2e7e1e,5
a5833c2a568ce3c08763c67520ef8393,3
8dea1acfe9b87fe128270e9a31201c61,1
5b13aaf11e3ddf1a79f86124034e78ee,4
80e28d090ef478420456fabc0027178e,1
b2091566edcf7a51721f2e20122bbe9d,1
defceca7e6466557520fcd83ebf405b4,1
d4a913335a8ed9b71a98015788145dd7,1
8edafa070c2d62fbbde24b8e8ee4de52,1
1bbcc15f04ddc678ac7881cd705f3f2d,1
7924dfa2ab9dab14fdd06ebc4daf1cac,1
12fd7f99b41cc053e8123831f2d99afa,1
d28a5aaf7c1cee407fca856670a97fda,1
afddc10e44e29961707d8a7df7c620f2,1
5455c163e542875f6927da424e148b69,1
20be17b5b7aa1e72878a403d91fa2d26,1
09375ed3efa58f9653a33dac4357cedb,1
f153e3971366116f724fe0df2c2e33b3,1
cd370399345f663ebfc3edac767e46bc,1
93e3496e2d7b4835d75d5fc8f2d51fe2,5
cf5cf034f40569ba5c82859d22648f79,1
8eb2c2841f92ac60b12a74cf1a928240,8
b794819ecf17bce14335d921a0b6c6a0,3
6ff22bfa74a2becb3f476cc2806e118e,2
207dcf082be77e39fa96b01ad06f6385,1
a129a64550984ef67936e6533fce5f8f,2
4ba32ffd42f7b433a8772146c7a8b991,5
6962d82f183eaf4478c7e58f64c7e679,1
2ec143e4480d994bc3221c6dc101cd9c,1
94a78fa0156b3b3fb1206df05ebf18fb,1
7e9e90df2831a6f862cf82f1c8be4380,2
41ec0377775d7980a729eca4d715c39c,4
5c486e2e383fdd077f1bc97703bb40b6,1
654dfb0808c1b9e262145d35e3b169b0,1
5754db68f63980204a83a4015189a308,2
b901883514ad88851857e8c048115985,5
70c9b6d40c4aa394f1dd09d041753cfa,2
76069b134f23aafdb3ca196e31b2d997,1
57f343eb3d7383927bfde83eb8505f07,8
b682bcf88a7721cecc8cf92687abf8fe,2
56938709cf1d8a5ae3af29a76f1fa678,1
9a4412b64b438864f855af5525148317,1
8839bcaeee6f3423a115321f957b327d,1
1f3edab17f84c4d51c4257399b9e5ad5,1
04e91162767a964f269d86a473e6ed38,1
0fb7abe9c803c16e8e43155f17132ca0,1
266c9d289cd3b9ef273b7e364cbed6f8,2
f799bd53e56f46c8216af9dadd9c2f90,1
479eed0f856f3808ebda9e6e99f9736d,1
3449aa8b814d5a96462ebca8413c4240,1
5ae94844c58a0462101ebf913da7c967,1
a4a4843bfd9e069695a0306b158eea1c,4
82d34e3cb08746384e2f5f8d7cddc2ff,5
33f4e2fffcbd5161a97426707a60c9af,1
1e5e8c9b038c485d8d0fdbbf5c50e67c,2
310312fa4984325cbc4884ba1bfb26dd,5
e23127f794c25e8e628610221246a351,1
89bc399a86a1d27cd608a5a51326267c,3
54f8bb598a0e8234685582e6e2a77b5e,1
7b8edbb2424efb1ccb519797c2c74743,1
d747d6792d55342b91341dbc745284c4,1
ff9aa822958f2f26a02b441f3967a306,1
587b5d9819fb4f0fcf8a0a7be70dc6c3,1
1b07fa5790480d17f1f6f955f9a83d1e,2
049c59716e9f88608297be5debb55c0f,2
a09f7bc89a790b890bcb643ed0ff5bf1,3
cbdfc99a6d250ba0fbced2c8a555c9ac,3
6dc56c8dd418852fc97baa6c1b922501,2
d2b21a150395ae2b4db8e3a42774fca1,2
5836eb9f455c601f59caf0600ecac2c0,1
eae70f09667ba47aea23f842d906fe96,4
1e2feb2fd52833d77c2080b80866cc1c,5
86821956dcab95c1dc41b44660e5be7c,1
3009c6ccd92aa3a58da101fd46f8b29c,1
a7130c970dcad8e6863c26983b895ab2,1
17ebbc38edd5b1d347991ebf19f51fa9,1
a2ddd7f99b8cf6e0b9858318e9c9fdc7,1
8c8f78235a88c8a70b618e795bd2d7ff,1
9a6c11eb0900b88fca89edc268acbd60,3
dc3505e4d5e6f32c4769b2762b46182c,3
00e9ee5a14d065285db70da3623bb0e1,1
b44ec55aea1dbdeea3ff13b44d7a909d,3
3ba0b072d94c9de86c2e0e92f54da315,1
ae8687548c17464a5ab068581f5b7be9,1
2c4045c8936589c442498eee9e50e1c7,1
b6f2aaabc87ed1cc8df321c2ce7d84e2,1
9e634a4df5516b0ce45a60d78032f233,1
0902e0edd7f5e44df58de9eec62a206b,1
25fdbece9829e30afd1c13767cbdc328,1
49029c14303106fdd8f14849d9fe2991,1
33dfebfca84391f8e9a7390fe4d1eeab,1
2850b86af2613eff1297f5f10b58a34c,2
c8d619e197b61290b05f97e862804fa6,3
521f0e3a71600c5ee91f6722c3d16f32,1
722979165f6b3de23fc05284e2bf2374,1
61bdb7e52bec9fd704c32616247fe127,1
711cee38c6beba51a2aaeee3ac6abd49,2
f12d2d6c5bb6a74983dfa8027fe02e51,2
a431b3ba90079d478e5913952800bd75,2
bc42b1565eb289b213730700cd457f89,1
8eca4c9fab35edce61cefe412e856be9,1
b19edb6cac417a5237a7c5a142cdcdb6,5
15d69bf2f4b52621ff79ff9203663153,1
a66e30a7cf3e194d31c629f46cd5f1f5,2
3d55783b0a870031e5ef074b79bfd183,2
9ab2120ba8efe36dd72f9b8043e06716,2
946a98dea8c3a3c509ce50bd53dabee3,1
c75dca06e3b029fb51855610c4b42686,2
80c042212494a2cec031e742c87d3ac7,1
9b786dcb2dbfa1153906a097155d9fdb,3
77f15465759e87fd89a4f62f20523b0b,1
28fbf2780c9a53cfc3dc99b1020a9346,1
8505685c2c64cea225076633d99cc7d9,1
6df5295df8d0bee9c86a61feb2e61f72,1
0c50fa8cc6b18c5683ed66112f69bf58,5
63a20c7f303ade5a9eb6cd6f15b712d6,1
bbba801c18c7111ac5488ffad5fe4bd8,1
080ca9ccf22de532dc5dcb245aece067,2
141c91774e965d397dec3a8b02c483a8,2
73653c0da24f04e73f4282b03b0d1afd,1
61ae1dbb9bd9bf83ea6901146045dd52,5
360e5dd4f7e712aa69f47e91f60b97cb,1
096f62ba30dfb015a4a2309fe36b8020,1
7b2b115fdd1ec944bacb2d26f1ba011c,2
24bce2380cd409d3b4260fb02734f6fc,1
cec44b5639b959db6b1be90bbaa48eb9,1
aa7faac844caab93c063cff4ee0113e2,1
6248a02a9cfdce2ae9469001eee80575,3
26d0d38317aaf8d8d29162c813df6a73,4
3e997a35648778de2030eb0061392f49,1
ef456fee9c03b7a300d2a33c40acb036,1
16f8cba9e8c4cbea0d8e7cea108baf9b,1
ed4150775a6313a96cc1a8cbe265b9d8,2
b979bc215bd46c48e5c0984b229754a0,3
c244cb00231c69b1b68bcd94e93cd1bc,1
2ad0fc79d5494b427fc465a52fc1bc92,5
929073dc95642c244e09926f86044930,2
c5c8c2aaf03d8812835b69e097e7f310,1
b0d933d1ac9b90e10d10d0ced449718d,1
93925109b35be27529adf70460843d4b,5
a142a04330cc0b6e0edcf53724758266,1
5b50a5eb1f22ec61003d40c492b74529,1
eab469793436dd726857aa118da3d8fb,1
11f573561f211951fa13dbf28609c777,5
96a45fb7034ac8bff22f3fe7b4dc13be,5
c0c9bb94810db6c8108ca820e237c6f0,1
94e300c8b60fcc8d56daa873da7280c9,1
a39bbbdb3e27b0e34ee62c9c7baff955,2
c1363f828f23eeec5f6b12e12bbf6642,1
ddd8fe8bf7eb27c64ad2b5dcb42736ae,3
2959abd984ab7deaaf32e0055e9154ad,3
cfb71e67183c78e7387b6ce4307c050c,1
f004816aa8410c0a52809edb0dd80c8b,1
b2db4499114fa40c17c65dead2dc76bb,1
c68eec6201ff4707f688767943eb9727,1
8e3106f7511cdaa39b96ce3efbfbf3d1,2
3b3b9fdccb2dd96d2dab461f3c17c37c,1
9926ef92a746ad9a48ded1de5a084a86,2
1ded16e97f4d63afa0128a306596452d,1
277ee87b4865749d7cbb0da93fcf0aca,1
05184984e10150d49421a6a04e39cf54,5
ef1429daf875380ddf42ba2de2b9e653,2
f9ab8bf32132e0f202ded81f7703297d,3
ef290f2cc51c4241b79a7d6ebaeeddc7,1
99306a9dfab2ca42c78c12b3ff4269f1,1
af758cdf56e6f554df5ca419a4b765e1,1
dcbb813e6a6161adf09b7c93205a4363,1
c219e31404b0d2be47055e2740cae17b,2
5b898f9322852578d632a7fe752c8d42,1
c857e922a1f5353b3213cfac2f381b70,1
6a984567716bb4044294eb96a88b50e4,2
0adf7f91c6af2e6f6c52e4cd32737d48,1
fea28a745abb947b2e5f1f4f547f1f65,1
1dc5ebc70196473b84ed091bd1521add,1
eec2e0e951c6b4490f28fd2431f4352d,1
ef22ecc5a1edd4ed9b0ecb92c44e6b03,3
9043def81425a8d1250e16a1e209d90e,1
427d84fe5522a014b20b268410e6b324,2
0cac66fdf3c2bb82dfa590ba9fa71867,1
eb6e6c061e467e2b25e62f061487181b,4
cadcbb620d35db7b81efb89fe170191d,2
beecc521f7f6f87027a4974e912285f5,2
aa4871bb5256b04bee5f3aac43656bda,1
253b366a6317871a6fd725330ff86c9b,1
5ea177dcc8492ccb3f0670afb1f8b148,1
1ac92742026d3e0012440a4e0b8b1f53,5
927d6edc57575aef80e4ac7ec5701173,1
0a7d3665b1a3675a6d9b7c954a4af505,1
36bfef41bb61528c3c9dfcb49c2115ad,1
945637f3f576962e28ff48ea666fb98d,1
b8b658bf3a9ac4ebbceabb97ab26fc77,2
bdede12aad3b97859ce79470d08673d4,1
3d45df04d1e190bc206971f0c89d3984,2
1c7191c85c55963366655d801febcac8,2
6c023636b758de6d332e6bd76bc1f6af,1
59748d09a02d8cfde2d86831f0c8f896,3
4fc594844b1c3b9dcc9f4e93e4a5b4e3,2
67fc0f68e1eaff1bcfe9571747cc0750,1
afacb6719e82ee9effbfefb07865da39,2
924f5322f6b5741bd930c14fade9844c,1
ddcea9f8b8253dc254f11bfaa5f23c64,1
2c4554fcd28fb9cef2c043e6133c8bc0,2
39b6b7e57833f200f051ba1960caa2fb,4
b5dae5eb24a0ccf067ab675641366502,1
4ae53333103b8c424e47b70a9f1ff79e,1
ef3cc82731c99751f2c331d3fb0ef5a4,1
0484d58441cc7d633861c2ab66a74591,3
0ad0042b507a0c58b2ab033fe387fe33,1
699e3d477a2fbd62610cedeb8cf8e03a,3
fbc231cfdb889f528b3261870b7e517b,1
2f01910963f29b745f2553db6246c391,5
11f6b0be04dadd2a6b9aa5efe37f1f22,1
16f44fce4f3a59e78e66cb313096caa4,1
c83f9a43a976fdb1df5c10d0b439f6ba,1
064909198e816025d56d90f06a64660d,2
2ad2658611479675562d5cf172ef0426,1
3164cfcc0fff58a582d9cf97349efbbf,1
0c036380391b6f84c05d0176e5b421da,1
339f6cb6525178212a0bcde24cc13ebd,2
4c64a611d51289e5aba7ccb3d93bde9f,3
4144d99fe16f0f8e55404aef13777734,1
9b75188dc9b127753d493120b072ec99,1
938c3098599413cd0f61cf83a191d64f,1
c66c21325dfd379ae120b0a7e5470276,1
f3fe7dfd3faf00d368fe599a3310bc76,5
ba914d42a10e59e6db3876b9545db30f,1
7c5d873c6b219459c925d049541d53b7,1
3f594b3f7b9242418ea31377d950562b,1
d8ca78dbd56fad57dce9b9ef0a1de48f,3
bca44afa06024c64e636b851fef494ff,1
51202c88ba7280ecbb5ce4113e7e642c,3
bc17dbaafc61440ad24f2454e506fce7,3
f646d94c947be962d81a99cb377e6745,4
02a1c76e915953cba5f459a86a595388,1
51f16b0c48cf593a1477dc39f7f57d83,1
5733467b68d59b7f935bdb2bf16dc150,1
fae9a22b141179306f1cdba39b55aa47,3
57d68073cb52f3798019dc9a48c3b0ac,1
51c2ba42353da17c11958fa7d7daf95f,3
9ac0112eec3552a3b7451ceaecb96861,1
dc6bf95f9d660391a5b4b78b61bf0e7b,1
4f5345a31a876b9b089ccf9f57e543b8,1
030d69f841b833797f2eb83b33e10744,1
b0f72060df7c94e71cb9682b71ce071a,1
18cf151613bbda151bb5823521b4438d,1
3aadf435306f528ecf206d595e5efca4,1
16d7d71825c964f3902adada3aa5697d,5
fcc8e7cbcfa2cbd7729e1adfa42baa86,5
33f482db3deff46f0b89e0c688bbf538,2
72d40ba049cdd43f768ef388606d0e86,5
cf2bc5585d99e1d6497a585d8226dca9,2
26f7e39290c2f23b088ed5cdb98952ce,3
1e6ecb872dab0478d90d3597fd76ed5b,1
e2dabd013f8718fb9b5847ca17469237,1
08a6c4a972faa16f2092d6c14700eb70,1
20d918769f72ce223a96898fd7fc4c34,1
f93b7e95c63badffb5f08b25186242da,1
313a300cbd95e43faa3079f199940ea6,2
6174c26d22c6928dd1aaee52d3a4233b,2
7cb07f8f8f85a3c7c2f7790f9dd4a3fa,1
e48aefe4ae6cb18324524664f47eb31e,1
e7c9c784c0197ef9dc73111bce65ac65,3
6d734df9bd7dcd17f0d2a2238c80e751,1
b862d685f97a8e7e0a20bd28f2c6fdf1,1
48e412fd1de2f7ed2b85d36db610be97,5
f37c2b7a984c53b774eb2755d3815bad,4
68f2eb06fe0d2b94bf162efd55deea6b,1
c4498a3d646567daf34e747be1740841,1
fee98b196daa9ae69030d1c593af82a7,1
fb631c769d64eddcf18b79fb528dec28,1
843d3b4787317cdf95b19e07c2ac3789,3
6bd91469c0082c57f110f584b51c3f06,1
78fea295f1c149095ddd3480884d4df3,2
bf2c55338fa19bde5a2ad858f48c9839,2
4d57c935fee52b1e72772acd306ddc6f,1
d905a419772186c45476c07221aa427f,3
b98d8abc6ff20cda1957278af11fc5b1,1
dc0a62990fbe1473446f180abcf02ab5,2
8d1e7dcb85b11831e67bc2a4d29affb5,1
0265d2a39ecdd246c498bea683ff33b3,3
ffa115b990da59a0cffe61419a86975b,1
c6e6c0cb45ca3a2b13d413e9edb78c82,1
f41d83a6108994b79ff591e5cd6dea39,1
dca7e960bf27e5fc345ba0af7fc601ac,1
0659058e1ef8dab52748d73789f70ef5,1
ae4fee977e09224a8c9e1e096f9eacc4,1
6ceb54f7c394bd5608ef2313952509a3,1
450989b2feea62cb1b8a21dbd4226303,1
8002e60f69c41b80aa5fea41e654c7e1,2
0b44db4d7de74c607a30865c00a1a0d7,5
d04dcfb5a457454aa235f45c0b4e5081,2
bc90e90eb9f6e9e1d8fa17d51df66805,1
9088f76033189e3e6239ee52727b5368,1
7c7b09d85ecefc960b4990835e990d06,2
12d92a44a7e32f9c4c7924fe59061bee,2
eb1471197e4a1443cda0a3a66919fa46,2
726404d29b8ba1e71c1c47cba4910b3f,1
bcbee66f0bd4f3c0d428d908dedf9d66,1
8004c9dda57e6e3c47e210a6236d7e12,1
0a4383ea40a3e25cc580202c7ee67204,1
b08aec8039b87280ab0c83b35444ca50,1
99aa3d09bd4f08614533824c4127ee10,1
6bd5fa8d3e562192221adf8729757d5b,1
5b36a9c8b31cf9ba95c0310fa98826bc,1
1c49c3ced405e97ba43cef1115e67699,4
042a907944e3d12f537784b99d7d9a9a,1
b5276e56e1a5a717130980a478c8e737,1
109d7dbccd918da8e2d36f65bec4a0f7,1
3d2ebbee9c903384320a3a6503390c78,2
4da0768472208edfc35d28cde90fa594,1
46dcfedc3fb88f032e46adfe51732101,1
3a85ac49ba883c08c90fe693c0daf42a,3
b69fd9aa40cf44abef33a5fce86bf5bf,2
36c2596dedba81278710440d67fd46b8,1
fb174a293ac7bd6284860c4937a042d0,1
de39f4c9b9f7ae087ea2e2fa0bedbe1d,4
ccd8ed31660b3ec20a1a487404257dc1,1
afcb28a9e837cdebceb0d518460cb991,1
26f4b5deab23242426d3cf6090f23946,1
62529dfb46572fcd71db5fdb3b1f1ba3,1
d455d0a47d91cd52a669960dae0f0eee,4
9ad3118a688f20583bab1820c7bf9254,5
08cfd4d68d59564ea4589af5149fe733,2
bd9f1a4d82e8516155584c28aeef6dbe,2
a578d6e15f80b578dacb9decf52309d3,1
c594de052d6ac8c0c1c27b95f4b6da47,1
499b8b35248be01794929d8bdab786dc,1
e83c891cc22bc0d573815f9f95d67eba,1
75193f6d7104896087ebdeb8ca706d5d,1
264fc737706f5ef0f037a054e54babb0,1
a55e7202bbf2c175f376c4f65a0f9934,5
a96f59280cb287da1e7d3591e9356224,1
39c56092017a4f2f0522364c42e8e362,2
cf37828e831e2c4bd8e2959c289c9189,4
81ae09e4c7c74486819edee64216f58f,2
ec4e06d9ae11da5a219f8f410eeea6c0,1
20a871774fb5a7db812e8156b0aa5c87,1
1324acc445c36acd657528349e2a6ebb,5
5cb53e1015537d2d500cadd2259a4f7e,5
5a838475234c924d2e679b96b9cb78da,1
e80b2e05cf6076015d4f1215ed9a1385,1
fa51037d8ed7a7a4a148159a8e5f5131,1
0eef0e1b631d0f91d87e944e38cbde66,1
827d557586a84382d913f7c14225f7e4,5
4c1167c30e2de2447b10506627cedca4,3
cc996457d5efbaa2361793914d36c60e,1
2c75bdfea15d073695631d96415fd75c,5
058e33bc7c193202dea894b66c030fca,1
f04d99c83a54d139c925398c51ca929f,1
56020f9c7271bdeb35680f85d2776f0b,1
951d270cbef659f33bc8db49df495cb1,1
fe2ea542f63b1e5663805ea5fb62d7fd,1
a0c401e94b2f16905509c572be6e3e84,1
8c4c9619d34b2e7bc318a0d576fbfa39,2
9f19094f36291481591b3b9507f7cf79,1
04d160171f67d39f2874d3bd8fa13602,2
af02e5f8cee255bcfb71389c9dc10eea,3
ffc86e7e609ef8fb0f85544c953100d9,4
6403b6fd6ab38fca02de5088fda8f33d,2
db3991105a661a407fb409b714f6ff99,6
d45cc34b908bd971f0554eb6e0049e9c,3
f6131f4494372c710db31c4e10408284,1
570adecd1c32b5dddf5ee7074a4fb725,1
3ebbfa21e55295b86d979af7a46b795a,1
6c79de228d95a1344326d22d0c3e1928,5
55c164f592fb61bb0aaaeeacb2b94318,1
5456632b428ab8f0ca0c1db4bea0f4de,1
d0183abb7a7c50aec60f0f9539c49013,1
4a3ee68bb62317c2be2f2f42ee60e0b5,2
f618f2a8103d52d52d56e0866a31c310,1
2e030238dfcff1ea29d2d7e902b909c7,1
aa9953d9aa35ecb2b04b620d95adfb51,1
40cbc621a7b4025f86150f14964e5fbb,1
fddd80d78e6ea5c637747038bdc006a4,3
035fbeb614dcbac5d49d8464eb038abe,3
d6d85f25e632619b3592075753f7993e,2
0066b3b9ee56ccb61c16de3b2ac0dbed,1
2fa068978dfc5270fcc8e7f2f3a55ef9,2
5311d834b3542b8030ffae4992cad65f,1
f93832caed1578a13abe5da01e506cb7,1
1cdef90ddecc04e1a15dbf39bf0b8e0e,1
21f1914bb26aa63cbf895220f2a42381,2
2ff95be462a9f4d88bbf1e4d783db588,1
346a8acf3f0d8c5283311f69e350c890,4
81f3dbed828190c4cbe217c7e98ec625,1
c09a71d919aa016cd020ca9ca1094c56,5
6ba347acead175362111f16044eb8c15,4
856a1288170ed2a70bceba837ff91ec1,1
560ed54add70763a46d497767b01e620,1
764a5bb59c296022f1bd14b105090db9,1
8f4423c199a4905b570efd0a24ce8f0b,1
35c9853dbb611c741405a4d91d741ed0,1
78c711a00d81388386c796eed3701901,2
73ebde374019077d2be454a55a2ccba4,5
aa1b7800dab2b2d13d8f7a68e07fc5dc,1
692926b3c2938d06acb3cdd5e2f884e0,2
0506b1ba43f04392d370eab387060cd8,1
2271afb5c59d4b4fa818d68d89701f79,2
9ef96025afd91f77dc1538496f2f0a6b,1
7176ce772ab5296ca019749b4e15b157,1
fbe3b35df1f6f9c056aab6d951961479,1
eadf4b07d5ccb8b90d9f927cf4fa545c,1
02d3d36a1f3bc4134138fefeca7a2ef4,4
7891249a7046189d61495b0e51c83bd5,1
674e6301f48a180da30515af22f96a6e,1
16a1fbeb76352acdbc036934a97e7c03,1
af9c04849057cadc9fd97ea6d14d1626,5
b597bd5bf6ed0fcc3fe443649309741e,1
0c7ab3cf175d2f4c83b106a9e7ecbbe5,1
35bc9ec98fe84ba970107ae779909c4e,3
fc663a6b2ffa3270a0213eb3ad8ccaa4,2
47d51d1cef06d308b9d31c73ea191822,1
5f8b84ed8881aaa1e067661b317afaae,1
1dff5e62f4e88dbec2dedfdc8ae2e174,2
61a9efafb28fc0a4af13146a59b42644,4
cb9f1fac187474384ed91a502096b289,1
5e20f97526e5d59f6c9ff8a8d7179e7c,3
12bcc8956c5e0519ebc7f55abfd5de6a,1
435f7e19ea93bf1e6d186de8bfe8029e,1
3cba5256c65072a319d88db95be1ab64,1
2c4fb9c59f4c3f12c3f1e6ccf2776baa,2
4337fdef7364acfa96c54e0fc7785184,1
bdc1dcdcb9fa506104fd3c9c841e3fe8,2
1fb312b5b699c0d89613fe04587229f5,2
4558ca24e87cd15f27ce0d75368300fe,2
77f44904066fab96f71851cb5415ed3e,1
1e550157ed4e2c8f511d969c32f231a4,1
a77ce898cdf93ec7bb3c8d223374b009,1
fd3e6645958a92efc8f52408b01dac0e,1
aafff39fce1af377111d9e2965d88e68,1
1b24cc1e7956b8fc78774fd7f09c2e3c,5
67e8cb72c24fbb3ec7f25df2f9443ba0,1
dd2231ff76d40ac4a42edd1ab45c4a18,1
998907c89b8f111eb639675fd2a7ab0d,2
e8ff33787beea215369ca61b56d76067,1
81c0a6d236351ff17440317b73a1e730,1
52ad304653612345cf0d7ce97d98398c,2
5b555470b8bb10fc9f9ec6dfa73f18a4,1
8e37571a913778901ee5c6e8849d833b,1
01586f67624e5676f5418ec4b302ec0c,1
370151b94a2785488036ae9f0da01de5,1
1158f29f642014818b42ebf8972fda3b,2
5dafadd59c1897f11605ee2388f722b5,1
0e169e7b0c6af02604546ce90029ad00,1
0464c7e3b8757d692927a5a880b00d35,6
413a7b13460f86c0fdae221afa0761be,1
688fbc5c75920c23c62bfa15cf68324f,5
f40360749e4fa0268b9ff323b95e8e5a,1
31f481aa4ca18cc942c51e6f2ddfce3e,1
cf29f02b7b5da17e47fbd3df43cb0ea0,6
d3f1db5bb55d134e251aa177d973e35d,2
3b2d4d7152ed42a8946cabc27c00def0,1
02fa7cb4cac01497bfb64c92274b1707,1
e3108e2ea1e99d32ae695bc372488586,2
aecd04c47247ad23965149ff403cda24,1
a84e6ca451f7c4335f1da1c974a1edab,2
97b4b0ae38589592ae2c177d024924bd,1
fff357ef22cc59480b5fb08ed676a85c,1
dc1a8a1a9308d3e8f64e4819a25de1d3,1
21c0087f5e08e4bbaae9289777670677,1
0ddeed96f29f468bedb40e89aa3f6e85,1
29248a4ea3669d0feecb942080aba388,1
c26fe31af38e81f819b99ddae5e198d9,1
893cbf832fc7dcc2550ac04eb8fd5fcb,1
a0830aa694576d878af6f047e7d019da,1
cd642a01da7b8d957da27de192929701,1
6a4ba82356c3e08593f0a682a59c4f2e,4
279297346e8506744b2b81767b016c59,1
a19e1e4309136b60b1bf4e302bd4c100,1
b99dd5ea653ec0e8300834e569dad2a8,1
6824f549e9af119aeac9e51b9d69f821,2
9b9a282d63a8dc40454e462dd075b0c1,5
014862edf6493255f638363471f6ceca,1
aa7c97e37034b1e983f9d2a1ecf87779,1
6e58e93450115776da12139ccdae58fd,1
ad44bd029ea72c202fa553bcddaa44fe,1
94e43c2d7760a0e1f7e8e36c5baa03df,3
5e2319f02ed67a3864297609836d59c8,2
2091278c42f294ea6cc42c1fa0d31814,1
04bb5bfdf5d3efdd0f5d325c5b975747,2
4dfc1a15d5f42dedcfb06e12d737ac89,2
8264248ac8024e396f1dd107ed51727d,1
c05e97c9ec9a9f5510b1ba2df2d6ab74,5
c1d04d480780eb6209d165b12d6e11f5,1
13a9bb0ead00d3543256bfa687f4d6a2,1
aaf9baeb9046464f0cd22759eaf56861,1
8f089a1d6268bbf02f1bb7170cbe817c,2
cf080147174dce2d13c2cb08aab43de3,1
08af08df2b0a0aad0c6e2a671b00f88d,1
82ecb02552b3ab7196c53559669f90d9,1
ad1c97994c00de03c6296f41cc870fe0,1
a7a5a57e037634edce9cdc89e7a0ef3c,1
282e0107094be14e528d6fb7d1e0f140,1
9dffa80480a5a955bf4821a03f5a901e,2
f75b2acffda05df67cffd616e38222ec,1
fc90bc08e0c2dc3ad9746b0d316c59d5,1
2029e5672c8b19f2f5b3ff99a6783f8e,2
0aa6218a25b58dd008124a1f79582a99,1
34935f3a165a1ea3fef5bef6965172eb,1
d83764e08d463dc91b56c4d883afdc52,3
97f2bc6c63f0890b86b4796b9ed16012,2
da98d78e2f5b2f48b8b032ef04fcda98,2
6f970f2ffa94d30e8c8a2444ca6ef6f7,2
dfd0b24fe8264c5517d0b61b4fb7dd5a,1
133d5c36a77587c4745c84bcf5085a26,2
2b1dd3a5165bd863fdedb2d8cb261fb5,1
2c9912c36182dabc3ff6172b20e09280,1
a2ab45f0a9326281ec1c6eb15da4bde5,1
8c9eeb8d1eb49d93f5e56f24f78360c5,1
3c95e8c4ef49913ac0f32aa1585116b2,1
ac78a214de1a991328ef83b7b1081404,1
194a08ceb5d901b43dfb221af29cf29a,2
1a453a075890da39bdd3b55cd791abfc,1
872275cddcea89a24c2e7282f3ad681b,1
c7a2240dedc76e090bea9f7b8f98370e,1
4e9b82bf2c01646f4b8b12e8c2d841a4,1
c87394a06420c7f1643c8fe23e5120a9,1
287cb1d0690d00454fa7a6123ce23a8b,2
542d56d7b07507aa9410a97339494a19,1
ba30610512e3d91856ade44435ac2e2d,5
707385704aa6b31b5f64d445503ce206,1
59ea993db67af03949b5fd752a8196cc,2
a7b2eecc79e3fa19ee69a5d56da9d9b7,1
0c07b88571236df495498b4a164c01a4,3
b3e127b41586e6ae7b3f13588dbde31d,4
c1f64d94728160aaa332419dd9e3bd11,1
4ef526272553c521d184c5ae75046e5e,2
9071c8feb81d9619a84efad1ea33e4c7,1
386560063158c3e80dae09c00d303eaa,1
9b36d248e48560e13796f524595006fa,1
9cd95937ccb8b04ec3b4e8943c10e0c6,3
194c891b1c9593ef9e2dcee13347dece,1
31dc92cc58ffa5cccef762e3ed94a8c3,1
5678c9c936ef3110a46ddd8a06a997c3,1
ec6cadd60149ed117832facb67b56f31,1
f54563eaad8b9628b9e68f65b3c4d833,1
14727124e26b4794f95edf403a6d8fe2,5
4e646640d2bf226408017bac640a6750,3
3f6b3725db7ab7f763856b4af2616fd3,2
7ed23fd7d4cdd6b907eb69e309fff11b,1
9336ddeb257384685408fb95b746b54a,1
54dbd78e24198438477dcd42ffde8818,2
d0e5c97845f21e60b0c3e80ab7c3e332,2
8e28182f44258d142298a284e897a9d1,1
0057cd8415ddf9da844a46a9331def81,1
d0c5ec1df9733ad28e5112b6019a581c,1
8f402a7a636f727b6fb4758866a00ee3,1
00e5967105303df5f8ed4058bbc4a789,1
015167b609c3c00d443b57d75fb1048a,2
c3bcba7016b05e5a76ee119d930d9a13,2
0f9074fc1456d83694289953e13f14cb,1
a6e403153d565b444be32e80018a0f11,1
77dc74041ec0b2e6596d94f1fd131fb8,1
821f84f467310531a90e0a2e3215d279,3
4e2e43de8829beb7011c7316f20fcb39,1
ee485c495aac96c6bd029a49f7d1839d,2
ec08575ff5570292d8f559d0ff6f54d2,1
30795bda4a372dfdc3f88e59a6334113,5
49b77e39d1a5e4cb7a0a0b6ae10399f9,5
385c13d76725f1eb67006b954f2ea011,2
e51d59e2528026acdae6cc84f9657fb2,1
e62ef3a52d39ca39ba2f2f600a2a8f16,1
fa8c1b33fc3e91f17a345724a529e271,1
b8bc672f0631dc44a6c0cd5080b72f2e,1
1ec5b353deb77cced0cd220c1cb1a8c3,1
f0637c9527eeb997e9c57ece210a97bf,1
67691cff201fe2dc1373aa34d2ed2ff4,1
5a27791b1bd2c2a17d359cc967ce923c,1
8c987dddf97c5493c9f30c680fbb1da6,1
f26a348ee9079b5ffe6b848dfe8a6c50,1
d1e5c50a5cecb82726c85167da5b1ee4,4
7d52b1239b1e16fe58d19ec7a615eef1,3
ea4582eea71860c5120c608ea57b2fa2,2
a087c0955c117c857d4f03f3e525411a,4
e995464b5a87fe18a2905f4e22e69e90,1
09d3537a4cdc7895ae253c4bf4e30155,1
3b62be9b6c039c8d290445943a3fdbd4,1
c01542b9389ed874b17a3bb626551af1,3
c07d1f58eeaa6580b20e494e774517d4,1
4f14016cfc2898386a9262450ca18063,2
eb9afc41a0e8769782c2e252178baf24,1
69a50816420621a2f9bcfbfa3b9f36cc,1
538847e46719846eee708930e0f4e5d1,1
6d2b09becbaa323fecc75f0c42bb6ac3,1
fe5035a2d8fe98edd33dc1da1a099f22,5
abb272b52b8448902e2f3dc44239d9a9,3
607dc7832b855877e4e6476283ae90c4,2
2c65ce40e91aae26fea4cf7196f31770,1
a0294afe24dd460583891e0be0f3abf3,1
f7baa80b28b9b7477fad90fbaa8e151a,2
eaf026bd478a45732c4c171cc5deac77,2
e8e7fda9df40d3dbf35bcf4f84714a77,4
25dea7fdf2a013215700e873176ac0a8,1
58fe8284768c92163a0ac06cc11dae0d,1
51a445b66b20c7599da5295da9587a94,1
eb8e6a9fc2d5942090a047540c7d557b,1
3b8b14aab1970b53c34d28fa8a071953,5
b80b85a45e4c59617355b6c9a4814334,2
26337eda810b64ecf33845c6735ecbbe,3
277a6642b81a79a2a4136efe1bbdbafe,2
1fe8001496554c232882c769acafa6c6,1
9faf6b71fd2fef139c498eb2554e23db,2
a262877347c59dcaf4c19367608daef9,1
3d67a16ea920bef63ee0debb7cd12588,1
4d47afa863dd24ce8ca41818c4fd7dd3,1
a94c7b0afdbdb1410755a9dce2d5b473,3
65c0fa98ccd517ec084f893e66ad6812,2
e787fc43db8af25110b0b22cf215c7a2,2
36956543c2b19738bc92b352276d0672,2
a9c3e959940031b7a950f49479415f05,5
48eff76dc30d6fa9e72d1173b1ba75aa,3
a7f79dcfd984e6e1e5a5eb2527b2d4ff,2
a64471c3ed0f9d4e652f2d1c2e46f493,1
aa772b43c8b7edb11902fd061c37e0e7,1
6173b92416af9fad354df18368144a35,1
b5f0315fdaa184ea61b0e9c3873c02c7,1
4f40bcdde36becbd62a0f1295e8fbdd6,1
84a5a68f9297a6b7625858ed730890d8,3
1c23d738da5561716be8c32617edb79c,3
2de261d134f477c5501474e284c544f1,5
c438e839b59d5e42754376abd5560493,5
69b7c0242cef6de124e5c8b7dba6059d,1
55de2812372236daaea24718f8fe94fa,1
f1df1821d2e6ddf3a381b0e049423004,1
14adb64f59438e69e98318cd7a2f63e9,2
32aa62eca00319774307f39238cf9ae3,1
4cb09249f336dcf4e2a1e384aebfc517,1
184fcf775cdf266b00339fb4f1449c3e,1
fd4fb7f50077fbe3d608a84be4ac2ad2,5
21780faabc678a7eb167730ba1dccf07,1
9775a12f1e690c42ac9e5892973b3525,1
b465b2f08a04a47714a12b86e43c7cc2,1
24840ce22aff1e14cf16aef4e60ea438,1
63e3b7da9f41346abeb4c8bed894e0f1,1
b686adbdf5868d5ab3f8d43229d33f16,2
bc4c84615e33a214809226c0585eb909,1
0c0820b563edb11f1b654c1f2010349f,1
a3321788b0bc55bc0c3f866f2316b03b,1
8ae6e6fd921a71522dd0fce51288e81f,2
5f8315b09fc2535d6d1a94e7b3f93ae1,1
8c4ede5d4cf8b78645421c5fc2a3b572,2
9ddac7b1d4eed700f21b838658c3f2e3,2
3148772dd160193cd363287e8e1ac296,1
0be70abb53f9235de9c53939ec806f10,5
60298fed8a044d32e4b040c2c97908a9,2
e4a3dedc151c8c6db884d15c4a94c23b,2
42f0f197c9baaaa0fca8848d5359dcba,2
d22364ccb04cb986494ecca2a79ecc61,1
423416b2507c27ec0c35623e90b76a28,5
d93a918fafd81fd630ea838dda947bb8,1
39a302fac866fbf46fb79d1024845fc1,1
6a046375284774883c83e0278adbdad1,1
3160dc4a3886a156e7149fc9d512fe68,3
0049a48bfe03e23235ef45969f32c619,1
74f87077a63cb43adc9f540e73330510,1
5a49304afeda929efc6f5cc351b76770,1
16cd1aa03689d3b949ad1e3846d187ee,2
f55f675179e1bab82e20942e1d9b0936,2
ed751e94c187f4948c47354005db68ad,5
e50b7f57adcdc1d15ec79d3bf4d43d19,5
16d745e77347753269b974fae205b10e,5
ef1decd56a741bd95e3dbb3a821a98ce,2
926278a728be1419bd4c9ab512967e88,1
2a05342b7bc4830adc2a7b4ded662775,1
c58d6c081b23fce8e8930c17160e8bce,1
b3224cb2d1f8185512de46e954fe86ab,1
d2061c3c334ec2d6c164e51bf93294b4,4
eea8366054b06a9859e345134e40c4b9,1
f81df3a86cd50802030b08907b122d8a,2
744f206d3a847bca23efe79b3309960e,3
9e664acaa7b2597956804e43a5be4ac0,1
8c4cd5c7d7d7210bb6f61d7e8b5497b8,3
beb92667dd904752d6d6e789d09bb77f,1
817e491dd33370ffdd1e5c5b8fdc2aa4,2
9b744183114e35e79c983d78230c156d,1
07b4e7b49d25c0280baef2cdb31c2660,2
8129e4f2636a3abdfe340770e041d5f5,1
4d9af932325ef3fa5963e1f618f039b7,1
6c969003ceea51bed16e78221f733dc8,2
60fa333e3dcb52ac9398ca01cc49b30f,2
143f84a3663c12d860c0e75e4fcb9b84,1
0b87b4fc39c8bfbd1229db7a8cc4e249,5
a94cc278d144ae40534fa4aeb4e8e5eb,1
c1dd3272dbf20b1002f0b344adc7ac10,1
b6a870911c1dd4ffe1d92acb1c735bb2,3
c0e3768ffa60132bb742b5ea73b75ca4,2
0f0cf40aac1225419ebde92560a107c9,1
f5b98b05967ecb543aa17cf7cfe9c557,2
4dcf6956829e45d1d6c8d81e636fe741,1
856547c8bcdb9e69a464f4ec1082305d,1
0bcd981ed63435501c6d24af0d542186,5
6869d554fe098139232e699dcc577780,2
cf6ed3236881531eb1db06ca2be2bcc8,1
03b4d1ab7354f5f286a74652bc3f1f3b,2
256b2d15b43f14ea608449c513c716f2,1
e21762470983e4abecdca800ad644b6b,1
dcd02201e60adc67b2b6be136e773460,4
fd78e9b02864e8a93e9517acb9e71063,2
11e5b7865ee9fe7db76f0d7d381e8dac,3
fa37489c307381c738b1f0d26dd17fbf,1
33ec92f2d9137d1daea1f24dbb642a56,1
b2d5f37824d312ce90d8cab2858637da,1
bb2e1d670ce2f90e698e47bdf666aa63,1
ac9605cb06d795bcea8ef2204cbaed25,2
99edf8bf0a02ecb7e682a388374dc1e5,1
bfd64b267a86725a453b5414ace95a31,1
a77bb36d86f811c394bede2ca1b316f7,3
12b3f7e138450de7dd26b37d8b12a01e,1
2ce6e5a0421dc7cc3d65a7fc93edcf0c,1
6fee1ddb392696d138d41384bc2b32a0,1
ea4d13cd498f867de7fa93dedd9d277b,1
e4e8335c9bb7a19d0305da70a8038332,1
e54fbe78d9351423422058d42569feab,1
bbf8cb8e51435599b4799791a7f2b2db,2
59cf165f1993821417d35432682c11b1,2
e918281038bd3d213ed2d3c75aeb050e,5
336dbee7f21ea47e864e2a5427c32924,1
c69c89b3e0ab640224ed289fd71ea59d,2
ba1402ce8506c6e67f2425af2be5c92e,4
d095a82e7482c11a36b08280966f912f,2
97333ac8b03dac1f267c6417586ae50c,4
775684ca714fc3ec396ed5b58d0b9403,2
07cff8bf14972c3ede2fd00b77a3cf5e,2
f34e5b286de8be5b56fd5cf803e1ded1,3
f703d697396b42b9aa94996efd04acb5,1
305c6a9169eb169aff2d79c9ccd432d5,2
26efaadc973246564308b3553918e00f,1
39d36b116216d76fe92961c5e9dd4278,1
28abe1ab5a965edd7b9f86790201671b,1
edea30cecc6e66337af5e42823f62381,3
00b751dc3b694755c35e109fa69d5b61,1
b34d317a1d242a4b5bc4dea2f503249c,1
b673df04ded5ac9192254b077709b6d5,1
66c9a7038d3f87511e971ccb7979b2d9,1
d7a53be04656e8aca9751afa7c43e7cf,1
021bddf453df0ade1526b32444008c9a,1
5ad9b7e96a5b691a2f0f289b502d2b63,1
fbe0aaf845c5ad4c6282cb46574d7f3f,3
1fae5cc6ca4ee2ce4e433e268548a49c,1
e65b8b8e7ffc2a41edb164a2db9c9b93,1
ad29528095fab61a1fae8aba1742fc60,1
67de78a1974c498b4161e72abe2d6e2c,1
211f76f53af5a728d895cdbc66d9417a,1
e5068be6987b27a4b1b4c9427c215c08,5
8b0f5a8ec5e9102121c1891606267edc,2
b39f0ab198e7c34d06231255424ebb79,1
e6638cc2803a0ab0bc4091d277696722,1
be2e5c66ba9c949e2bdda2ddb6180119,1
6cc4180d095a62c93eeef16d62fd9fb6,2
b0d48f0843f0e8cc122189fd19f089ab,3
3c8219c872b91376178f87c38a0475cc,1
5197d2508f3c3222f607497a9773a9cc,1
7ebd63ff52a211635fd5dfc444a750fb,5
67260480b89131029746ae398e1ae9be,2
e957567b8731bf63ac6f5b8ac93752bf,1
b5a42f29beb3d828b5eaea62722647c4,2
30198d2c247aeba1dd91b7a34eeb2978,5
695d79e7273129f50b88e9a72d98d73d,1
8a5f6f40863eade9f5bde2b8e4517885,1
e3e4a88869371f97540c23927c844e72,2
76d77a83e3e42f1e71908a9da02ff341,4
4a5358afbff8a2258647a277a80ed593,1
b1cae64f4abe1fb0634d28cac5067230,1
539471b86dc2fa59e29559017ae8d726,3
7464064122e54be2aa8447239cbd52cd,6
af819fe8592419cdb274a9359d0d0ce6,1
e06250ec5ac24c3517d073476bd71e34,1
22197a64cce60f562db55860bb01c69b,2
650be117cd1ff003466bfabc4d47ac58,1
355275edbb394a187e289b36905df47e,2
690f5dbb651cd3261470445b39296cbd,5
f17abaa4a2b46c47f970dae463632a73,1
44c1076bbc09dbe097a312b009cac2bf,2
b3adaeff7d65ccb21d530aa4fb6f504b,2
c9b7122eef4c41ceafa550be41d50180,1
ee6f504725d01caaca85907bb197cd32,1
2dc3df907e20528840713e1fe383d7fb,3
a689beff4d20d0ca34ba7dcc4fb4d0db,5
d6c0b34c1f85463080e6e69e0c7450ba,1
17c0ec31c7681fb4c62bac52f96dcb01,2
ab90b0922f95622daae9e1cfb77c2732,1
c3ee978530d3567c661abf43ea114245,1
6e0efae365b54f7d223ae0972d47a0f8,1
e9cbabd9f672116d0131caa8ca22b2bc,1
4a0373025c5aba12bfe1f6636a529775,5
af52bdf5ae929bfd12a96a09c2c3f4ab,1
c6341518992ff3c00d543f0990f86623,1
4f7cdab198cf5b36ea0f813b2731f80a,4
c67a9a066bf3168f750b820fb0afb4a5,2
228c30c0242277dff48d32e6b9e413c3,1
13660aea96df11b432690ecb2800a8bf,2
30ef2077c8f92d414fcfd1489ba36d65,3
2018e5e80d5e5a65af8cddffa259fe63,2
42ef0071b0d904a4282d528bd02f16d5,3
4983f776585ad8c336aa1c621a4df4b2,2
428495ba4bbfb6e3b39a3860b95f4c3e,1
596dea6aaa5661863c60e6a48ede350b,1
319de0eb38b24a86b559bfee36e57723,1
6cff026f817106adde54c381f51da28e,1
889283baae5ac622d0964c4234f1ff9b,1
532211755fd32360e444697532527029,1
56579fdd5dc7f3e3ea2f94406eec777f,1
0ecc1ae4710e868ea03ce88a83420085,2
7faf0e00fade233bfc127bd1f6964663,1
b4ee9c9780cf87f019f9f93117f86e8d,2
19a6da842c171484f3a64cb83ee297e8,1
5b9ccf9d0ee76f128e1b96f07900199f,1
31de7e87f6888ed9494681f80cf96160,3
3074d6cc2a0378ccc7c14dc5417f1084,1
6cba731650d057fa7b2970ab05dad761,1
0e19a962a54c005eddbd86506396bf16,1
888870522bd41108c1bb58987bee4b8b,3
c076f5c436920f6d0c55cfb65920063b,1
906774fa4e1bfcab1bedc74dd281bc99,1
92c1dd62cd6853e461726497e052c70f,4
4fa4cb3247e8c6f5179443148f5e51d5,1
d7857d563f31c25e41f898ffbd043764,1
3a246fafd1eba696e5461e34aac790ca,2
1fed243449800517c12a7d7a91f9b9a6,2
eb927fec8756ff4901d29161fac3d54b,1
3c7590ac91a8059a8ca366f566546bd1,2
da1e91ec1b7fc464d95c9a8086f2bac9,1
e6db44108bebf12d50e4c97f930e7b61,3
9ad7c8b7a050c989dbeaed5741d6cd9d,1
1a22e12036a1f7523c99b2c81f7cb78d,3
329b10c8f3c9afcdd99d287e49109429,1
0bd9a6cbdc676abf49e93a8c55ca4b89,1
cef1abb4548f734770867379eb3da953,2
4c6c63ed32d6691ef788b6895849f2a4,1
7bacadb888a984075953da263b27a8fb,1
9ffc6a487c3a2474aa80bcb82e3aefb0,1
efb310817b1adf4d3fce0b0ae041026c,1
8c76eda241d19f1f0e2643526390f3d1,1
a8accbfc6e29177503b0354c00e31c78,1
2f1394b4c11cea763024815c81a77a71,5
c3f3fd9ff958fa0d49e558445e276664,1
3e6148f9eb765afa7985225df707d692,2
5cb87f3783212d45686adebcf4d428fe,4
82b486e48f134f3e047ca006c23a3cac,1
579167706429748805a30844f92c8b09,1
c1477b5196e9dbafdd99c9984e736d24,3
4ee613318d2a4e4d5ef09c5e4fed8103,5
8e0f13a096cfa44ad920d56a561f9d2e,2
a87a5a3973f01ccd02826feb6173420b,2
f8ad6fbc1b13123a36f35765d503aa05,5
08ed24ba896c6d75cbce90b1f8b6a88d,1
d15e95b7c493e723225fceebe2b78c5d,1
a9b4c1d893f5cc4292d7ebefa8bcf6c4,1
c9a38a6fa394800041b9750d292c7086,1
2d558e226c6dd3b123c928292cbb384e,1
6d74aef342abd426f63db019fc8316da,1
0a3d00510064135bc0f563c4c79f28ae,2
ea001d67b0ee675e06ece668a15ab91b,1
0842162b98e418e37023c5bb911fe71f,2
79ce9da75d2a0a006b6c8b0e1b9e56da,2
5caa0cea2d29c8cf975f2fd655790cea,1
2b387684d584f037f9ae7a7e7c69abea,1
6e867f64bdde5d2ab42c3cf2fe751c4e,1
38273b56e3541126e417c4b6ba7df364,1
74fcf7868d1efc74810034139d8d8105,3
0bda00a48f20c7528cf8bd3d394b9d26,2
eeeb273d8640cd9fa3baa80ca527213e,3
fe2091b311ea2be962473ad61c059b82,1
d74de7440fc32fa9b1e775e4108335c9,1
0e5f75f63b847a88804b6495c96f4cb9,1
a690fee5862da7fb96377bd627824864,5
9eaa879e4642ceb8d958e456768c2b07,1
c420534818f6c88a576fa35dd265575f,1
343d0f9a310b462ac1409982792bb738,5
c8a612e7419b6001d83f38eff5bd8152,2
e1a0e9776b340b7a488f9c6bf1041875,2
173c59a6a272ed19add9a115aad727ea,1
af5db60dcec4f78c801368afa187b847,1
6aba05ebd87b0153d2dd6e725e5db883,3
0264819b1ca8adc329df267b257ac051,1
62a4a6f46a6fa4ab89c8f0888e008729,1
76410b6705682a9f121592b42d94a393,1
dbb6745716b2123bc1a2b3c608684966,1
ae2cd438e4b5318a726970a8c1c6b8ec,1
585858f232cfe4d50603e7ba8df0b664,2
90bf88ca6299907825a20afe0ebe7ecf,2
c40d76e09cfc0530c013278e44331044,1
e8a9b6cde765a894d7511931a2fc9169,3
bc6900ed0daa733798498b450956170f,1
cc77af9cd37def5f0a0739121ae00214,1
92afd848e8ea472657171dca0060e8f3,1
5b51acc968791cf69347b4e34bfe1fb8,1
50d4d1ffaa8312ec116d6804f98bcfcf,5
bc861b0753c910cd0cc5d22021da949d,1
626357472f4d284b62e9fc2290430fe4,1
774bbb5472e8c335a4d571aa5e986ec4,1
07f55c7de76b19b1ceb6997c3c3c98a4,5
b8ac35513e45d9f7daf87b745bf4e3a1,1
d4e2d135237b6a2641ced3739a0915ae,2
3785edc099011df940de21687f142133,1
7ce0cca70f91d761dcaba50635f7ea9b,1
c326dd4692dbf63a5431b95d6152a22e,4
43d43ded9196890c9067e1fca6c415dc,1
56afbb6a77fabc10912541479559bb15,1
54f8a301e5c7e65402d96ea3c96d0adc,1
9e4fac309abf221472eab5f717ba9f12,1
0eeea751b4cfe98613136848dfe1338c,1
ca22914f66a3b13a4d301227c6d85680,1
b2545115eae570dd4037eb5dfc43d43a,3
0c2f58cced7ca7e0a49ab47e85585e7f,3
a696862b337d1e2342cde5cf37c59adc,1
f025337bc3fb35ce89bb1ee35649e361,1
cd67b5efbf1b3c95c2badacd49f637a3,3
fcbf57659e885885e45dab1d4a07daa9,3
66816c7a6493b1a12372b920176a20cc,1
2d83f9adae327928655ea48038c3e3e7,1
0eedb8ecf52f1c80037f9543cf7b8218,1
8dd236dd145d890a97f9e63e81fc4a66,3
852a00159e3dd7a6847b382a8f2c8667,2
d9e4769b7686df4f61f4de6dfedbdd4d,2
9c54b2ab4f0bea0b5f5c69e7c3fc6a4e,3
62d17c878d130339f49805360df6b2af,1
085237e32398d2dd10e38a7dd93a22f1,1
7abe61ed705e497d7994c197628e77aa,1
eaf059061fca23c752a1c48b5950f478,2
ef0ab09fd3f27ce888c6a6429d26f220,3
47202be9be4244f6a9527682a8e74bcc,1
94ad6ea644c9ef3a07078a32145f3c0c,1
2673cd7218baab456746995cc8e5effb,2
b596e9b9b4ac0f9cb9989ea9dcb3e8cb,1
14a2541a025a8b55e5859f7d2eb42f66,1
a8ba97361211f9f93bc2a94142c69706,1
2bb1948f356fc96b26d58c31e988aba4,2
a39ebdd7d8a1fad8e02f63e4b7cb8150,3
b0add4e38038f5c98db85735b0c961b0,3
07e8b404e8c45d93e86ea375126b1828,1
b2b608cbb8a0691c0302f099c54f965c,3
7708df6d494aea2d4386c7ba3c809718,5
3118c6ef22b3cd6c2b297fb8ed577d2d,2
4a1419760e68a60dcfbf6db46acdd2cb,1
10a851fb1d0fa83e57d2b099075aba53,1
767190795110bc342f8cff201ca08864,1
427e07994f9933fabea046b15c439390,2
4b40f706a53d0e44d212027942a81e56,1
a9486e2bfbf52a2dd63a8f2083ba928b,2
64328babbc0766f93721be4362116b98,1
2febe26009ad93c81027a18de5f2b5c3,1
14ff4af6cdf0dd5b0633ab2f1f202585,1
4efc1908e50f746bca355a30ead7f283,1
aa7a0d909e911af40d49b34db9cc32ec,1
09d919862218a496243296e841314d5e,1
b65b59604863269752a52aedb5be1064,1
82e111eb6e4321da5b64558562cca356,5
9dbf2d711c76ee016147c3a9479eaf1d,1
7a166fb7e6b6bc7fd2d5bfbe80e24cc4,2
b8b7db17c45721fe6360ca712fd9afcf,2
f10ba2e651b8ce628db9fe2569376699,1
fcaac76003105779d73837910bd7c02f,1
2d518a3f84223bacbd9525f60c7011d2,1
684da00fc5a93f3290749dbc4f050d81,1
558f2ca3d454e8c4ee7d2342939e13d6,1
4d95b2857695d028469355ba7c013143,2
be6d5426620ccc8ca48ab3e8fb739e8b,1
3f881843d9e6f9a195ede8a2bc8f4f49,1
982ce5e7b0ad5cd1e954c8580ed8f38f,3
ffae38d3c1780ce59e360532305e4c8a,1
94f1c80259fe0e95b2b59c16788b6b40,1
2b6d8686d0dff87b98d46f53bf1f18c5,1
3e32a658dde51f2db2548bf173ec76d2,1
4d311aa6f87d55fd7a205c7fb725bffd,3
716a860b78b64a1b7c93cc3169c5805a,1
2088f07aab9b5dde4e0e32835efdeeb7,2
0989226c7e62cb70ba86521cb6fea668,1
dbce577646fb54359b725bc025fecc38,1
41e8c7c539b42a8ff4d0abad112a2eff,1
d3dd6f6b2d0a75e1e32edb84d7f1a34d,1
fbf12ad508c7b89dbb708bcecf4fd40b,4
5f702fdfc5183278a4d982ead04d6275,1
b5d88a79536c3f53b58c91be6175ec18,1
cb1b79967bad8288434060d200672ad3,1
cb51d4346f27853e86a064b7710cea01,1
be8ffe48ec711c1b9ea153e88c9e5ac9,4
490b4c46c3d96be57452106b0453f550,3
638ac008e940cd4535c3b4b52cf1ae69,1
45f7b4185110defcc33677e53b10e1bc,1
849f965dacf1f3ddd2c254dac6161830,1
84972e16531f683e87c3d3b9084adb2a,1
9a8d38a3100c830edcae6193f5671845,5
fb3a615a4422b7a2c908078d6dfa3c0a,2
89d667cd1a55c770842fbeba84bbdfd3,2
650035dd2c3f9d73cea2eb10106799c1,1
b23f5b9c8f5405acc1a9412cbe43c859,1
b76b7e36f64a64825bbb57c25c4e5ed1,1
0990794206222c0b8fdd1128be94d71c,2
82a6dd836bc5275949d27da59c4cc942,1
4f555ddb8585f1752acbe1cc3d9b5a9d,1
