entname,declaredate,appellant,defendant,declarestyle
4e15db76fa740242d2a0ee5aa3adc821,2015-08-05,0,1,裁判文书
39fafb9e8d457d97be04d54703c9b933,2016-04-30,1,0,开庭传票
0c8555452fa4c7eedad91dfeee304bee,2017-05-18,0,1,裁判文书
517e47565a6698385780823a31374170,2015-08-23,0,1,起诉状副本及开庭传票
918d94e9ababd2543ea50ff52cbb68f2,2016-01-06,0,0,裁判文书
8b410eabfba25e386cdcc33b3f1761a5,2015-10-10,0,0,起诉状副本及开庭传票
8b410eabfba25e386cdcc33b3f1761a5,2016-02-20,0,0,裁判文书
3c38dc821291f8a7771b4bd47e7b4130,2017-10-22,1,0,起诉状副本及开庭传票
08f3eb544996cdd517b1a7bd1d0e9bb0,2017-10-31,1,0,破产文书
c7e7a659aeb4bbd4d5170d81aa4f646c,2015-12-16,0,1,开庭传票
14b4155024afdf150922f15cfd76199a,2017-09-24,0,0,起诉状副本及开庭传票
93b6ebd543f529356b7bb44f0ad72ef9,2016-03-09,0,1,起诉状副本及开庭传票
93b6ebd543f529356b7bb44f0ad72ef9,2016-09-29,0,1,裁判文书
ddd58fb407c574d1403350583cf39fb1,2016-11-01,0,0,起诉状副本及开庭传票
ddd58fb407c574d1403350583cf39fb1,2017-02-19,0,0,裁判文书
ddd58fb407c574d1403350583cf39fb1,2017-03-19,0,0,裁判文书
3b53a3eaf3fb942e7da0d8a79590ff7b,2016-07-19,0,1,裁判文书
071227a0fd84e76f8e869a623bc29c99,2015-08-19,0,0,起诉状副本及开庭传票
071227a0fd84e76f8e869a623bc29c99,2015-12-19,0,0,裁判文书
071227a0fd84e76f8e869a623bc29c99,2015-12-23,0,1,裁判文书
27902bee3baf980165ceae2f77b935f1,2015-07-25,1,0,裁判文书
2febe26009ad93c81027a18de5f2b5c3,2017-01-12,1,0,裁判文书
de02b4d1a4c79f9e8fafb0e5599ef016,2017-06-13,1,0,起诉状副本及开庭传票
ea5e4138c6923e5083c3286885c30743,2017-09-03,0,0,执行文书
8d6685908ec9758eceafb7095bf92115,2018-04-15,1,0,起诉状、上诉状副本
6b9be7597ef098d68daf3737d131c4cc,2017-09-16,0,0,裁判文书
4f7cdab198cf5b36ea0f813b2731f80a,2017-10-12,0,0,公示催告
36a710a6c33775b4aa9857052375779b,2015-07-23,1,1,公示催告
36a710a6c33775b4aa9857052375779b,2015-11-11,1,1,裁判文书
a2d67ba842f49be937e82e89630ede0d,2016-03-02,0,1,裁判文书
f1fd015dee80a417f0414a065e193519,2017-02-28,1,1,执行文书
f1fd015dee80a417f0414a065e193519,2017-03-02,1,1,执行文书
8f1d47fc2af648ca88b0dd90f150f3f1,2016-02-03,1,0,裁判文书
79a666dfa58a2e8617a0f3500855b9ad,2016-12-25,0,0,执行文书
79a666dfa58a2e8617a0f3500855b9ad,2017-05-04,0,0,执行文书
79a666dfa58a2e8617a0f3500855b9ad,2017-07-02,1,0,执行文书
79a666dfa58a2e8617a0f3500855b9ad,2017-07-02,0,0,执行文书
79a666dfa58a2e8617a0f3500855b9ad,2017-11-30,0,0,执行文书
66fddc59ec569e4103775bc0c536e315,2016-11-10,1,0,起诉状副本及开庭传票
66fddc59ec569e4103775bc0c536e315,2017-03-09,1,0,裁判文书
72e4e47a1b1c4b976682d841fc6d6f21,2016-10-30,1,0,裁判文书
72e4e47a1b1c4b976682d841fc6d6f21,2016-12-22,1,0,起诉状副本及开庭传票
72e4e47a1b1c4b976682d841fc6d6f21,2017-08-17,1,0,裁判文书
72e4e47a1b1c4b976682d841fc6d6f21,2017-08-24,1,0,起诉状、上诉状副本
72e4e47a1b1c4b976682d841fc6d6f21,2017-09-05,0,0,起诉状、上诉状副本
50db7e32248e83b28454c90cff46c53c,2017-10-29,0,0,起诉状副本及开庭传票
50db7e32248e83b28454c90cff46c53c,2017-10-29,0,0,裁判文书
50db7e32248e83b28454c90cff46c53c,2017-10-29,0,0,裁判文书
50db7e32248e83b28454c90cff46c53c,2018-03-18,0,0,裁判文书
b5d88a79536c3f53b58c91be6175ec18,2016-10-11,0,0,执行文书
688fbc5c75920c23c62bfa15cf68324f,2016-08-18,1,0,起诉状副本及开庭传票
688fbc5c75920c23c62bfa15cf68324f,2016-10-20,0,0,起诉状副本及开庭传票
688fbc5c75920c23c62bfa15cf68324f,2017-05-02,1,0,裁判文书
803d1b2eee464b2e211ab0364dc2ad22,2016-03-12,0,0,裁判文书
803d1b2eee464b2e211ab0364dc2ad22,2017-06-01,0,0,起诉状副本及开庭传票
803d1b2eee464b2e211ab0364dc2ad22,2017-06-13,1,0,执行文书
30adead420ca747c6001d72676f1adee,2016-01-27,1,1,裁判文书
497adc0c7112eba9367b0076bc0642df,2016-05-14,0,0,裁判文书
497adc0c7112eba9367b0076bc0642df,2017-03-30,0,1,裁判文书
497adc0c7112eba9367b0076bc0642df,2017-03-30,0,0,裁判文书
c83aa909fa37b313c07bc5b6feb8ce25,2017-03-14,0,0,起诉状副本及开庭传票
3b17def8f3ea9ce2b5a211a1b68e7dea,2017-09-26,0,0,裁判文书
d628227ba51cf42fe054a3edc54eb7be,2017-04-13,0,1,起诉状副本及开庭传票
60300e9e5f1e55d7934f705e5a6df0b6,2015-10-18,0,0,起诉状副本及开庭传票
60300e9e5f1e55d7934f705e5a6df0b6,2016-10-30,0,1,裁判文书
b686adbdf5868d5ab3f8d43229d33f16,2016-08-30,0,0,起诉状副本及开庭传票
b686adbdf5868d5ab3f8d43229d33f16,2016-12-06,0,0,裁判文书
b686adbdf5868d5ab3f8d43229d33f16,2017-01-19,0,1,裁判文书
78aaf1d6eac088747164c9188ece3298,2016-04-30,1,0,起诉状副本及开庭传票
4eb466dbd06f6a4af6ad59c2bf57e896,2017-07-02,0,1,裁判文书
4a07becb05b4377af14025583617f177,2017-05-25,0,0,起诉状副本及开庭传票
e74eb472c1c8a774a78d94d2c17d473a,2017-04-13,1,0,裁判文书
c02264b76491c624e47dd599577f52dc,2016-04-16,0,1,起诉状副本及开庭传票
c02264b76491c624e47dd599577f52dc,2017-05-11,0,0,起诉状副本及开庭传票
9bec64d1aba2d35b3027d27d05677534,2016-08-18,0,1,裁判文书
9bec64d1aba2d35b3027d27d05677534,2017-04-13,0,1,执行文书
3776805c5322394012b61b9fb3963015,2017-04-02,0,1,起诉状副本及开庭传票
79746b91d3e6c3e99ee74d4bd44b7425,2015-08-05,1,0,起诉状副本及开庭传票
19feb9db61b19be5be8ce0f338cbcef7,2016-06-04,1,0,公示催告
19feb9db61b19be5be8ce0f338cbcef7,2016-12-01,0,0,公示催告
8ebd38c92292887e9c6a362d5216c6e4,2016-12-08,0,1,起诉状副本及开庭传票
8ebd38c92292887e9c6a362d5216c6e4,2017-06-04,0,1,裁判文书
8ebd38c92292887e9c6a362d5216c6e4,2018-05-17,0,0,执行文书
13efbfd764273ebd19a6bda01de0bb6a,2017-07-27,0,0,裁判文书
692926b3c2938d06acb3cdd5e2f884e0,2016-09-06,0,0,公示催告
109d7dbccd918da8e2d36f65bec4a0f7,2015-11-18,0,1,起诉状副本及开庭传票
2da04e7ebdd0b16a3c16fd3200e35842,2015-09-10,0,0,开庭传票
2da04e7ebdd0b16a3c16fd3200e35842,2016-01-06,0,0,裁判文书
cb08a0b6ee7fbd03dfd31741a3009c1b,2017-05-07,1,0,起诉状副本及开庭传票
6462ecb7ef918843ace19f52d66d7d66,2016-12-01,0,0,开庭传票
6462ecb7ef918843ace19f52d66d7d66,2017-07-02,0,0,裁判文书
6462ecb7ef918843ace19f52d66d7d66,2017-07-02,0,0,裁判文书
78c9b4d9995fd38d3e643c86e366c535,2015-11-04,0,0,裁判文书
b94ca0670ac1ae3b74c797a87c11bb8a,2017-02-24,0,0,公示催告
536c8bbcb14ee221b1b9c5c6aecf1d0a,2017-08-06,1,0,公示催告
536c8bbcb14ee221b1b9c5c6aecf1d0a,2017-10-15,1,0,裁判文书
f0ab39ccb86af5166e1fafd11487b39a,2016-01-23,0,0,裁判文书
f0ab39ccb86af5166e1fafd11487b39a,2017-07-18,0,0,起诉状副本及开庭传票
51709dd9aed7edf80ff8bcd0ac649193,2015-12-16,1,0,起诉状副本及开庭传票
51709dd9aed7edf80ff8bcd0ac649193,2016-05-07,1,0,裁判文书
ff1ab0045d18bf5d3f4f6cb39f2d0551,2015-07-15,1,0,公示催告
ff1ab0045d18bf5d3f4f6cb39f2d0551,2015-10-10,1,0,裁判文书
40c893bd7fbe0b80522bd15eb3b031c6,2016-08-25,0,0,起诉状副本及开庭传票
aebd12193376016605b549cf9785b0eb,2016-01-06,0,0,起诉状副本及开庭传票
4035b7bae80fda50f92dd60c87613eb5,2015-12-14,1,0,公示催告
4035b7bae80fda50f92dd60c87613eb5,2016-04-06,1,0,裁判文书
e2005fbb2451ee49b315f11079d324b3,2016-10-11,0,0,裁判文书
4fbbdcf405a34f334da869d8796bb98c,2015-10-31,0,1,起诉状副本及开庭传票
fdf8877f5839c880e77bcb9c87bea6d8,2017-06-08,0,1,起诉状副本及开庭传票
10e50b4bb7730993517c19fd52dc6750,2017-03-30,0,0,裁判文书
322140d5943ac9020992c6c3e1d90262,2016-04-23,0,0,起诉状副本及开庭传票
322140d5943ac9020992c6c3e1d90262,2017-05-04,0,0,起诉状副本及开庭传票
8412e8e03b4e5310ea16fc36ecb2dcce,2016-04-24,1,0,公示催告
2ba44740df4a097c93eab6b2f34ee99f,2017-01-11,0,0,公示催告
2ba44740df4a097c93eab6b2f34ee99f,2017-03-23,1,0,裁判文书
c95694fd3f3fa257fbfd7ca68f530840,2017-06-13,0,0,起诉状副本及开庭传票
764a5bb59c296022f1bd14b105090db9,2017-08-15,0,0,裁判文书
68211a8c02ef359450cda91a6efb562f,2016-08-11,0,1,裁判文书
95086e2ae3f68f713e12be860ccb3bf0,2017-03-07,0,1,起诉状副本及开庭传票
95086e2ae3f68f713e12be860ccb3bf0,2017-03-07,0,1,起诉状副本及开庭传票
95086e2ae3f68f713e12be860ccb3bf0,2017-06-25,0,1,裁判文书
95086e2ae3f68f713e12be860ccb3bf0,2017-06-25,0,1,裁判文书
95086e2ae3f68f713e12be860ccb3bf0,2017-12-25,0,1,执行文书
95086e2ae3f68f713e12be860ccb3bf0,2017-12-25,0,1,执行文书
a354e421c54a389d3ee567b08feca943,2016-04-13,0,1,起诉状副本及开庭传票
60f6c4270d407be42e81f50254cceebd,2017-10-19,0,0,起诉状副本及开庭传票
cd47949e9bf9f38d0fc61d6a77fd9862,2017-01-05,0,0,裁判文书
cd47949e9bf9f38d0fc61d6a77fd9862,2017-04-20,1,0,开庭传票
e164b159704af5863af5aa9282225c54,2016-08-25,0,0,开庭传票
e164b159704af5863af5aa9282225c54,2016-12-04,0,0,裁判文书
d4cf12366e1b918c50c3c51216861554,2017-03-16,0,1,起诉状副本及开庭传票
08dd319a372cdc3f8a792c9ae81af2b5,2016-09-08,0,1,裁判文书
08dd319a372cdc3f8a792c9ae81af2b5,2017-01-10,0,1,起诉状副本及开庭传票
4616e65af4eb746c556921e4f3136013,2015-11-07,0,1,裁判文书
991c78db3a2b9b8a7cea45817256d6ac,2017-05-25,0,0,起诉状副本及开庭传票
861c8f020db6c9df20d371aaed452187,2017-03-30,0,1,裁判文书
3fabe67a5c19000117e5f7e740b28bbf,2017-01-10,1,0,起诉状副本及开庭传票
718215c4cf9be8d4dd9f381ddaac1beb,2015-08-23,0,1,裁判文书
79b8984b31fba8796bff619231fbde4b,2016-02-24,0,1,起诉状副本及开庭传票
88277ac30adbb3e29ac65c18c74e3844,2016-04-20,0,0,裁判文书
1dbf1d5e390770dcd622226874c30118,2017-07-02,0,1,起诉状副本及开庭传票
1dbf1d5e390770dcd622226874c30118,2018-02-15,0,0,起诉状副本及开庭传票
1dbf1d5e390770dcd622226874c30118,2018-02-15,0,1,起诉状副本及开庭传票
7ff2f487d0f99571f4233d6539a79dc7,2017-01-12,0,0,起诉状副本及开庭传票
7ff2f487d0f99571f4233d6539a79dc7,2017-09-24,0,0,起诉状副本及开庭传票
b2269a0e8631db1aacfd3e0e1909bd8e,2016-09-01,0,0,公示催告
b2269a0e8631db1aacfd3e0e1909bd8e,2016-09-01,0,0,公示催告
11924521a2f5da88e209a772de84b776,2016-04-20,1,0,执行文书
11924521a2f5da88e209a772de84b776,2017-06-19,1,0,破产文书
e2d50465e20e2f1cb73a865e0d360f43,2016-02-06,1,0,裁判文书
c1f9709fe3e1859949d17c59e6bc8ee0,2015-09-10,0,0,裁判文书
2cfbd0fe89edd6f8298c317896fa3b47,2015-11-21,0,0,公示催告
10b50e243153768f97408fd839d3042e,2016-01-16,0,1,起诉状副本及开庭传票
10b50e243153768f97408fd839d3042e,2016-06-04,0,1,裁判文书
d2e4ea08929ac011a91a2d730ea7437d,2016-09-04,0,0,裁判文书
61cf973719a1007d842625b4f25a6d24,2016-08-25,0,0,起诉状副本及开庭传票
61cf973719a1007d842625b4f25a6d24,2017-03-19,0,0,起诉状副本及开庭传票
c23b02297634ede97c6b7b6ed0d8e4db,2017-09-10,0,1,裁判文书
d7126e45643b895f8ad66eafe48d9e1c,2016-11-17,0,0,公示催告
669ac06003f198b550eebefe2c3a2e86,2016-02-17,0,0,起诉状副本及开庭传票
16c8044452a71fa4cc3c002fe8aff78a,2016-02-17,0,0,起诉状副本及开庭传票
8a39d6f1922df73c1c1593e63f73c6a3,2015-07-15,0,0,起诉状副本及开庭传票
1dc1813457b0d24f4b81312c496261eb,2017-07-06,1,0,裁判文书
eef7c1a9b8cf90aa3c964d03c295e581,2017-01-08,1,0,起诉状副本及开庭传票
eef7c1a9b8cf90aa3c964d03c295e581,2017-07-13,0,0,裁判文书
64e6ab0aebdc87f90268d03870e8b030,2017-01-22,0,0,起诉状副本及开庭传票
13f3df21581fa1ad1ecb289a3912c410,2016-12-01,1,0,裁判文书
fa0d098dd7c0ce3b6d41249bac28dc69,2015-09-23,0,1,裁判文书
fa0d098dd7c0ce3b6d41249bac28dc69,2015-10-17,0,1,起诉状副本及开庭传票
fa0d098dd7c0ce3b6d41249bac28dc69,2015-12-30,0,1,更正
fa0d098dd7c0ce3b6d41249bac28dc69,2016-03-12,0,1,裁判文书
60a7724b004c848ca6c1b29d48f1548f,2017-09-14,0,0,起诉状副本及开庭传票
0f06388d61bc1d1693a80ea288b58547,2017-06-13,1,0,执行文书
c82eb9077de91fea4dd0d36ff42597c2,2015-09-30,0,1,起诉状副本及开庭传票
c82eb9077de91fea4dd0d36ff42597c2,2016-03-12,0,1,裁判文书
18007fe20e30dd585c5911e588477994,2016-08-23,0,0,开庭传票
de92ae17663854e43561f228c285fc14,2017-08-17,1,0,裁判文书
b4f915bc0d95fbbfa2a27b27d6ba319c,2016-08-25,0,0,起诉状副本及开庭传票
b4f915bc0d95fbbfa2a27b27d6ba319c,2016-08-30,0,0,起诉状副本及开庭传票
b4f915bc0d95fbbfa2a27b27d6ba319c,2016-11-10,0,0,起诉状副本及开庭传票
b4f915bc0d95fbbfa2a27b27d6ba319c,2017-05-07,0,0,裁判文书
9608463798c60de7b5da0be086b496eb,2016-09-25,0,0,起诉状副本及开庭传票
973b2c1e6071ff52b6053fcfd6e8e6ad,2015-08-23,0,0,裁判文书
973b2c1e6071ff52b6053fcfd6e8e6ad,2017-08-17,0,0,裁判文书
606428dd6046e1be8390ea95c0794388,2016-12-08,0,0,裁判文书
606428dd6046e1be8390ea95c0794388,2017-03-02,0,0,起诉状、上诉状副本
3cf456baf5ca90389baed4315a55cb56,2017-07-27,0,1,开庭传票
3cf456baf5ca90389baed4315a55cb56,2017-08-19,1,1,更正
3cf456baf5ca90389baed4315a55cb56,2017-12-10,0,0,裁判文书
3cf456baf5ca90389baed4315a55cb56,2017-12-10,0,1,裁判文书
3cf456baf5ca90389baed4315a55cb56,2017-12-10,0,0,裁判文书
755600ad1d860d07be1f11e976ea8539,2015-12-16,1,0,裁判文书
